5.934774423908848462e+00,9.326635225326534874e-20,5.485871451443929823e-18
5.932796165767546093e+00,9.332931001183304386e-20,5.503811478426215506e-18
5.930817907626242835e+00,9.339233187301858197e-20,5.521765120190886331e-18
5.928839649484940466e+00,9.345541792430245577e-20,5.539732199173840489e-18
5.926861391343637209e+00,9.351856825331515183e-20,5.557712537726326930e-18
5.924883133202334839e+00,9.358178294783743939e-20,5.575705958122972638e-18
5.922904875061031582e+00,9.364506209580061120e-20,5.593712282569835325e-18
5.920926616919728325e+00,9.370840578528685658e-20,5.611731333212424550e-18
5.918948358778425067e+00,9.377181410452965872e-20,5.629762932143773672e-18
5.916970100637122698e+00,9.383528714191390295e-20,5.647806901412461735e-18
5.914991842495819441e+00,9.389882498597640642e-20,5.665863063030678493e-18
5.913013584354517072e+00,9.396242772540602639e-20,5.683931238982272484e-18
5.911035326213213814e+00,9.402609544904418991e-20,5.702011251230775997e-18
5.909057068071911445e+00,9.408982824588501413e-20,5.720102921727500142e-18
5.907078809930607299e+00,9.415362620507575173e-20,5.738206072419523602e-18
5.905100551789304042e+00,9.421748941591707979e-20,5.756320525257795409e-18
5.903122293648001673e+00,9.428141796786336457e-20,5.774446102205142964e-18
5.901144035506698415e+00,9.434541195052303471e-20,5.792582625244317025e-18
5.899165777365396046e+00,9.440947145365893028e-20,5.810729916386042098e-18
5.897187519224092789e+00,9.447359656718850740e-20,5.828887797677038319e-18
5.895209261082790420e+00,9.453778738118424755e-20,5.847056091208051043e-18
5.893231002941486274e+00,9.460204398587403064e-20,5.865234619121892756e-18
5.891252744800183905e+00,9.466636647164133970e-20,5.883423203621443387e-18
5.889274486658880647e+00,9.473075492902557383e-20,5.901621666977659866e-18
5.887296228517578278e+00,9.479520944872258986e-20,5.919829831537601090e-18
5.885317970376275909e+00,9.485973012158473846e-20,5.938047519732413598e-18
5.883339712234972652e+00,9.492431703862139379e-20,5.956274554085329573e-18
5.881361454093668506e+00,9.498897029099914606e-20,5.974510757219643273e-18
5.879383195952365249e+00,9.505368997004227101e-20,5.992755951866687462e-18
5.877404937811062879e+00,9.511847616723297063e-20,6.011009960873810616e-18
5.875426679669759622e+00,9.518332897421163798e-20,6.029272607212307896e-18
5.873448421528458141e+00,9.524824848277736273e-20,6.047543713985391422e-18
5.871470163387154884e+00,9.531323478488808771e-20,6.065823104436101218e-18
5.869491905245851626e+00,9.537828797266105416e-20,6.084110601955249292e-18
5.867513647104548369e+00,9.544340813837309076e-20,6.102406030089301311e-18
5.865535388963246000e+00,9.550859537446091443e-20,6.120709212548305266e-18
5.863557130821942742e+00,9.557384977352157579e-20,6.139019973213757746e-18
5.861578872680639485e+00,9.563917142831266375e-20,6.157338136146470200e-18
5.859600614539337116e+00,9.570456043175269071e-20,6.175663525594439062e-18
5.857622356398033858e+00,9.577001687692145365e-20,6.193995966000678890e-18
5.855644098256730601e+00,9.583554085706039527e-20,6.212335282011049348e-18
5.853665840115427343e+00,9.590113246557280860e-20,6.230681298482055222e-18
5.851687581974125862e+00,9.596679179602434257e-20,6.249033840488664920e-18
5.849709323832821717e+00,9.603251894214326683e-20,6.267392733332062735e-18
5.847731065691519348e+00,9.609831399782076060e-20,6.285757802547420346e-18
5.845752807550216090e+00,9.616417705711135810e-20,6.304128873911633676e-18
5.843774549408913721e+00,9.623010821423318925e-20,6.322505773451048170e-18
5.841796291267610464e+00,9.629610756356843709e-20,6.340888327449157903e-18
5.839818033126307206e+00,9.636217519966356647e-20,6.359276362454297736e-18
5.837839774985004837e+00,9.642831121722970929e-20,6.377669705287291576e-18
5.835861516843700691e+00,9.649451571114312182e-20,6.396068183049122963e-18
5.833883258702398322e+00,9.656078877644528107e-20,6.414471623128527093e-18
5.831905000561095065e+00,9.662713050834352275e-20,6.432879853209604397e-18
5.829926742419792696e+00,9.669354100221116157e-20,6.451292701279414102e-18
5.827948484278489438e+00,9.676002035358793670e-20,6.469709995635494604e-18
5.825970226137187069e+00,9.682656865818038488e-20,6.488131564893432367e-18
5.823991967995883812e+00,9.689318601186217743e-20,6.506557237994349941e-18
5.822013709854580554e+00,9.695987251067434901e-20,6.524986844212393982e-18
5.820035451713278185e+00,9.702662825082591147e-20,6.543420213162204773e-18
5.818057193571974928e+00,9.709345332869391404e-20,6.561857174806328743e-18
5.816078935430671670e+00,9.716034784082400910e-20,6.580297559462660265e-18
5.814100677289368413e+00,9.722731188393071696e-20,6.598741197811795624e-18
5.812122419148066044e+00,9.729434555489779903e-20,6.617187920904408559e-18
5.810144161006762786e+00,9.736144895077855873e-20,6.635637560168568024e-18
5.808165902865460417e+00,9.742862216879637115e-20,6.654089947417041318e-18
5.806187644724157160e+00,9.749586530634485153e-20,6.672544914854580263e-18
5.804209386582854791e+00,9.756317846098827659e-20,6.691002295085147289e-18
5.802231128441550645e+00,9.763056173046201786e-20,6.709461921119149230e-18
5.800252870300248276e+00,9.769801521267277034e-20,6.727923626380607948e-18
5.798274612158945018e+00,9.776553900569905813e-20,6.746387244714331722e-18
5.796296354017642649e+00,9.783313320779146308e-20,6.764852610393033487e-18
5.794318095876339392e+00,9.790079791737310629e-20,6.783319558124419797e-18
5.792339837735036134e+00,9.796853323303992497e-20,6.801787923058275166e-18
5.790361579593733765e+00,9.803633925356110574e-20,6.820257540793465518e-18
5.788383321452430508e+00,9.810421607787934951e-20,6.838728247384974765e-18
5.786405063311128139e+00,9.817216380511141307e-20,6.857199879350834307e-18
5.784426805169824881e+00,9.824018253454831379e-20,6.875672273679077943e-18
5.782448547028522512e+00,9.830827236565573883e-20,6.894145267834642870e-18
5.780470288887218366e+00,9.837643339807449053e-20,6.912618699766223677e-18
5.778492030745915997e+00,9.844466573162073920e-20,6.931092407913122498e-18
5.776513772604612740e+00,9.851296946628652865e-20,6.949566231212022118e-18
5.774535514463309482e+00,9.858134470224004105e-20,6.968040009103776032e-18
5.772557256322007113e+00,9.864979153982601816e-20,6.986513581540104522e-18
5.770578998180703856e+00,9.871831007956611046e-20,7.004986788990307674e-18
5.768600740039401487e+00,9.878690042215932250e-20,7.023459472447912921e-18
5.766622481898098229e+00,9.885556266848228978e-20,7.041931473437277128e-18
5.764644223756795860e+00,9.892429691958967591e-20,7.060402634020182519e-18
5.762665965615492603e+00,9.899310327671472638e-20,7.078872796802372514e-18
5.760687707474189345e+00,9.906198184126936482e-20,7.097341804940050582e-18
5.758709449332886088e+00,9.913093271484473468e-20,7.115809502146337504e-18
5.756731191191583719e+00,9.919995599921157239e-20,7.134275732697720926e-18
5.754752933050280461e+00,9.926905179632064066e-20,7.152740341440417089e-18
5.752774674908977204e+00,9.933822020830294518e-20,7.171203173796720236e-18
5.750796416767674835e+00,9.940746133747024017e-20,7.189664075771311959e-18
5.748818158626371577e+00,9.947677528631553392e-20,7.208122893957533567e-18
5.746839900485068320e+00,9.954616215751313697e-20,7.226579475543589121e-18
5.744861642343765951e+00,9.961562205391938428e-20,7.245033668318748470e-18
5.742883384202463581e+00,9.968515507857282790e-20,7.263485320679485574e-18
5.740905126061160324e+00,9.975476133469471837e-20,7.281934281635558280e-18
5.738926867919857067e+00,9.982444092568938996e-20,7.300380400816086556e-18
5.736948609778553809e+00,9.989419395514452549e-20,7.318823528475555233e-18
5.734970351637251440e+00,9.996402052683178221e-20,7.337263515499782843e-18
5.732992093495947294e+00,1.000339207447069724e-19,7.355700213411855024e-18
5.731013835354644925e+00,1.001038947129105448e-19,7.374133474378013246e-18
5.729035577213342556e+00,1.001739425357680060e-19,7.392563151213457253e-18
5.727057319072039299e+00,1.002440643177902334e-19,7.410989097388192183e-18
5.725079060930736041e+00,1.003142601636740046e-19,7.429411167032747811e-18
5.723100802789432784e+00,1.003845301783022023e-19,7.447829214943883928e-18
5.721122544648131303e+00,1.004548744667444884e-19,7.466243096590238699e-18
5.719144286506827157e+00,1.005252931342573640e-19,7.484652668117977041e-18
5.717166028365524788e+00,1.005957862862848797e-19,7.503057786356326508e-18
5.715187770224221531e+00,1.006663540284588521e-19,7.521458308823102404e-18
5.713209512082918273e+00,1.007369964665993094e-19,7.539854093730192827e-18
5.711231253941615016e+00,1.008077137067149488e-19,7.558244999988965144e-18
5.709252995800312647e+00,1.008785058550034733e-19,7.576630887215684784e-18
5.707274737659009389e+00,1.009493730178520373e-19,7.595011615736778421e-18
5.705296479517706132e+00,1.010203153018376438e-19,7.613387046594192681e-18
5.703318221376403763e+00,1.010913328137276015e-19,7.631757041550589533e-18
5.701339963235100505e+00,1.011624256604797421e-19,7.650121463094537050e-18
5.699361705093798136e+00,1.012335939492431900e-19,7.668480174445633928e-18
5.697383446952494879e+00,1.013048377873583386e-19,7.686833039559640162e-18
5.695405188811192509e+00,1.013761572823576327e-19,7.705179923133484463e-18
5.693426930669889252e+00,1.014475525419657730e-19,7.723520690610248569e-18
5.691448672528585995e+00,1.015190236741002215e-19,7.741855208184131513e-18
5.689470414387282737e+00,1.015905707868715272e-19,7.760183342805335331e-18
5.687492156245980368e+00,1.016621939885838548e-19,7.778504962184884506e-18
5.685513898104677111e+00,1.017338933877353345e-19,7.796819934799434629e-18
5.683535639963373853e+00,1.018056690930184708e-19,7.815128129896020971e-18
5.681557381822071484e+00,1.018775212133206723e-19,7.833429417496713074e-18
5.679579123680768227e+00,1.019494498577244685e-19,7.851723668403280121e-18
5.677600865539465858e+00,1.020214551355081597e-19,7.870010754201771568e-18
5.675622607398162600e+00,1.020935371561460336e-19,7.888290547267025362e-18
5.673644349256860231e+00,1.021656960293089550e-19,7.906562920767191563e-18
5.671666091115556085e+00,1.022379318648647273e-19,7.924827748668123468e-18
5.669687832974253716e+00,1.023102447728784413e-19,7.943084905737782594e-18
5.667709574832950459e+00,1.023826348636130770e-19,7.961334267550552764e-18
5.665731316691648090e+00,1.024551022475297565e-19,7.979575710491498721e-18
5.663753058550343944e+00,1.025276470352883099e-19,7.997809111760604717e-18
5.661774800409041575e+00,1.026002693377475638e-19,8.016034349376926815e-18
5.659796542267739206e+00,1.026729692659659434e-19,8.034251302182725167e-18
5.657818284126435948e+00,1.027457469312017735e-19,8.052459849847496141e-18
5.655840025985133579e+00,1.028186024449137598e-19,8.070659872871999823e-18
5.653861767843830322e+00,1.028915359187613742e-19,8.088851252592210487e-18
5.651883509702527952e+00,1.029645474646054324e-19,8.107033871183180779e-18
5.649905251561223807e+00,1.030376371945083470e-19,8.125207611662947504e-18
5.647926993419921438e+00,1.031108052207347290e-19,8.143372357896264851e-18
5.645948735278618180e+00,1.031840516557517253e-19,8.161527994598365342e-18
5.643970477137314923e+00,1.032573766122294393e-19,8.179674407338642219e-18
5.641992218996011665e+00,1.033307802030414853e-19,8.197811482544271725e-18
5.640013960854709296e+00,1.034042625412653132e-19,8.215939107503772230e-18
5.638035702713406039e+00,1.034778237401827981e-19,8.234057170370546393e-18
5.636057444572103670e+00,1.035514639132804574e-19,8.252165560166317028e-18
5.634079186430801300e+00,1.036251831742501488e-19,8.270264166784546013e-18
5.632100928289498043e+00,1.036989816369893950e-19,8.288352880993800814e-18
5.630122670148194786e+00,1.037728594156017452e-19,8.306431594440996210e-18
5.628144412006891528e+00,1.038468166243974009e-19,8.324500199654716140e-18
5.626166153865589159e+00,1.039208533778936011e-19,8.342558590048327544e-18
5.624187895724285902e+00,1.039949697908149471e-19,8.360606659923138887e-18
5.622209637582982644e+00,1.040691659780941250e-19,8.378644304471477031e-18
5.620231379441679387e+00,1.041434420548720502e-19,8.396671419779693216e-18
5.618253121300377018e+00,1.042177981364986373e-19,8.414687902831144410e-18
5.616274863159073760e+00,1.042922343385329331e-19,8.432693651509057546e-18
5.614296605017771391e+00,1.043667507767438262e-19,8.450688564599436906e-18
5.612318346876469022e+00,1.044413475671104087e-19,8.468672541793812812e-18
5.610340088735164876e+00,1.045160248258224092e-19,8.486645483691993391e-18
5.608361830593862507e+00,1.045907826692807463e-19,8.504607291804754714e-18
5.606383572452559250e+00,1.046656212140979024e-19,8.522557868556443116e-18
5.604405314311256880e+00,1.047405405770984045e-19,8.540497117287572886e-18
5.602427056169952735e+00,1.048155408753193302e-19,8.558424942257325358e-18
5.600448798028650366e+00,1.048906222260107166e-19,8.576341248645990986e-18
5.598470539887347108e+00,1.049657847466360904e-19,8.594245942557396017e-18
5.596492281746043851e+00,1.050410285548729249e-19,8.612138931021222855e-18
5.594514023604741482e+00,1.051163537686130132e-19,8.630020121995316548e-18
5.592535765463439112e+00,1.051917605059630944e-19,8.647889424367900385e-18
5.590557507322135855e+00,1.052672488852451783e-19,8.665746747959743718e-18
5.588579249180832598e+00,1.053428190249971836e-19,8.683592003526314381e-18
5.586600991039530228e+00,1.054184710439731784e-19,8.701425102759800150e-18
5.584622732898226971e+00,1.054942050611441508e-19,8.719245958291127114e-18
5.582644474756923714e+00,1.055700211956982133e-19,8.737054483691924124e-18
5.580666216615620456e+00,1.056459195670412771e-19,8.754850593476391719e-18
5.578687958474318087e+00,1.057219002947973529e-19,8.772634203103154094e-18
5.576709700333014830e+00,1.057979634988092371e-19,8.790405228977018636e-18
5.574731442191711572e+00,1.058741092991388367e-19,8.808163588450721582e-18
5.572753184050408315e+00,1.059503378160676868e-19,8.825909199826579698e-18
5.570774925909105946e+00,1.060266491700975047e-19,8.843641982358117308e-18
5.568796667767803577e+00,1.061030434819505987e-19,8.861361856251590084e-18
5.566818409626500319e+00,1.061795208725703740e-19,8.879068742667518091e-18
5.564840151485197950e+00,1.062560814631217898e-19,8.896762563722090941e-18
5.562861893343894693e+00,1.063327253749919855e-19,8.914443242488600690e-18
5.560883635202591435e+00,1.064094527297905695e-19,8.932110702998711407e-18
5.558905377061288178e+00,1.064862636493502692e-19,8.949764870243785757e-18
5.556927118919985809e+00,1.065631582557273522e-19,8.967405670176083698e-18
5.554948860778681663e+00,1.066401366712021680e-19,8.985033029709914959e-18
5.552970602637379294e+00,1.067171990182795455e-19,9.002646876722759159e-18
5.550992344496076036e+00,1.067943454196894425e-19,9.020247140056301190e-18
5.549014086354773667e+00,1.068715759983873193e-19,9.037833749517451186e-18
5.547035828213470410e+00,1.069488908775546440e-19,9.055406635879264348e-18
5.545057570072168041e+00,1.070262901805995066e-19,9.072965730881814549e-18
5.543079311930865671e+00,1.071037740311569677e-19,9.090510967233067932e-18
5.541101053789561526e+00,1.071813425530897451e-19,9.108042278609605520e-18
5.539122795648259157e+00,1.072589958704884421e-19,9.125559599657376639e-18
5.537144537506955899e+00,1.073367341076724025e-19,9.143062865992350657e-18
5.535166279365653530e+00,1.074145573891899508e-19,9.160552014201120950e-18
5.533188021224349384e+00,1.074924658398189946e-19,9.178026981841470358e-18
5.531209763083047015e+00,1.075704595845675059e-19,9.195487707442865763e-18
5.529231504941743758e+00,1.076485387486741590e-19,9.212934130506904905e-18
5.527253246800441389e+00,1.077267034576086193e-19,9.230366191507707732e-18
5.525274988659138131e+00,1.078049538370722538e-19,9.247783831892258442e-18
5.523296730517835762e+00,1.078832900129985881e-19,9.265186994080665873e-18
5.521318472376532505e+00,1.079617121115537282e-19,9.282575621466436212e-18
5.519340214235229247e+00,1.080402202591370702e-19,9.299949658416603957e-18
5.517361956093926878e+00,1.081188145823816013e-19,9.317309050271890617e-18
5.515383697952623621e+00,1.081974952081545744e-19,9.334653743346738607e-18
5.513405439811320363e+00,1.082762622635580129e-19,9.351983684929348226e-18
5.511427181670017106e+00,1.083551158759291927e-19,9.369298823281659165e-18
5.509448923528714737e+00,1.084340561728411477e-19,9.386599107639216467e-18
5.507470665387411479e+00,1.085130832821032832e-19,9.403884488211044185e-18
5.505492407246109110e+00,1.085921973317617981e-19,9.421154916179477437e-18
5.503514149104805853e+00,1.086713984501002858e-19,9.438410343699877373e-18
5.501535890963503483e+00,1.087506867656403127e-19,9.455650723900353840e-18
5.499557632822200226e+00,1.088300624071417308e-19,9.472876010881392519e-18
5.497579374680896969e+00,1.089095255036035204e-19,9.490086159715491314e-18
5.495601116539594599e+00,1.089890761842641270e-19,9.507281126446653444e-18
5.493622858398290454e+00,1.090687145786019671e-19,9.524460868089920598e-18
5.491644600256988085e+00,1.091484408163361503e-19,9.541625342630802860e-18
5.489666342115684827e+00,1.092282550274267921e-19,9.558774509024654710e-18
5.487688083974382458e+00,1.093081573420757123e-19,9.575908327196046397e-18
5.485709825833079201e+00,1.093881478907270369e-19,9.593026758038038250e-18
5.483731567691776831e+00,1.094682268040674626e-19,9.610129763411411846e-18
5.481753309550473574e+00,1.095483942130271237e-19,9.627217306143871907e-18
5.479775051409170317e+00,1.096286502487798568e-19,9.644289350029186563e-18
5.477796793267867947e+00,1.097089950427440195e-19,9.661345859826276771e-18
5.475818535126564690e+00,1.097894287265828032e-19,9.678386801258251814e-18
5.473840276985262321e+00,1.098699514322049794e-19,9.695412141011410892e-18
5.471862018843958175e+00,1.099505632917652608e-19,9.712421846734176934e-18
5.469883760702655806e+00,1.100312644376649756e-19,9.729415887036004206e-18
5.467905502561352549e+00,1.101120550025526450e-19,9.746394231486210430e-18
5.465927244420049291e+00,1.101929351193244408e-19,9.763356850612782704e-18
5.463948986278746922e+00,1.102739049211248110e-19,9.780303715901135666e-18
5.461970728137444553e+00,1.103549645413470581e-19,9.797234799792787993e-18
5.459992469996141295e+00,1.104361141136337481e-19,9.814150075684057390e-18
5.458014211854838038e+00,1.105173537718776009e-19,9.831049517924633865e-18
5.456035953713534781e+00,1.105986836502215872e-19,9.847933101816157618e-18
5.454057695572232412e+00,1.106801038830599153e-19,9.864800803610735305e-18
5.452079437430929154e+00,1.107616146050384401e-19,9.881652600509408542e-18
5.450101179289625897e+00,1.108432159510551208e-19,9.898488470660566936e-18
5.448122921148323528e+00,1.109249080562607433e-19,9.915308393158331843e-18
5.446144663007020270e+00,1.110066910560594973e-19,9.932112348040887747e-18
5.444166404865717013e+00,1.110885650861093863e-19,9.948900316288787438e-18
5.442188146724413755e+00,1.111705302823229496e-19,9.965672279823155506e-18
5.440209888583112274e+00,1.112525867808678396e-19,9.982428221503914942e-18
5.438231630441808129e+00,1.113347347181673521e-19,9.999168125127942872e-18
5.436253372300505760e+00,1.114169742309009076e-19,1.001589197542714463e-17
5.434275114159202502e+00,1.114993054560048935e-19,1.003259975806656478e-17
5.432296856017900133e+00,1.115817285306729536e-19,1.004929145964238266e-17
5.430318597876596876e+00,1.116642435923567339e-19,1.006596706767989087e-17
5.428340339735293618e+00,1.117468507787665088e-19,1.008262657063145844e-17
5.426362081593991249e+00,1.118295502278715902e-19,1.009926995787436301e-17
5.424383823452687103e+00,1.119123420779011221e-19,1.011589721970872773e-17
5.422405565311384734e+00,1.119952264673444897e-19,1.013250834735526260e-17
5.420427307170081477e+00,1.120782035349520419e-19,1.014910333295306266e-17
5.418449049028779108e+00,1.121612734197356445e-19,1.016568216955732625e-17
5.416470790887475850e+00,1.122444362609691864e-19,1.018224485113706535e-17
5.414492532746173481e+00,1.123276921981893252e-19,1.019879137257270674e-17
5.412514274604870224e+00,1.124110413711960177e-19,1.021532172965373308e-17
5.410536016463566966e+00,1.124944839200530967e-19,1.023183591907623774e-17
5.408557758322264597e+00,1.125780199850888735e-19,1.024833393844046269e-17
5.406579500180961340e+00,1.126616497068967155e-19,1.026481578624825324e-17
5.404601242039658970e+00,1.127453732263358409e-19,1.028128146190055118e-17
5.402622983898354825e+00,1.128291906845316069e-19,1.029773096569475400e-17
5.400644725757052456e+00,1.129131022228763771e-19,1.031416429882214796e-17
5.398666467615749198e+00,1.129971079830300267e-19,1.033058146336518104e-17
5.396688209474446829e+00,1.130812081069205444e-19,1.034698246229478968e-17
5.394709951333143572e+00,1.131654027367446343e-19,1.036336729946767324e-17
5.392731693191841202e+00,1.132496920149685345e-19,1.037973597962347753e-17
5.390753435050537057e+00,1.133340760843282094e-19,1.039608850838198601e-17
5.388775176909234688e+00,1.134185550878303371e-19,1.041242489224033567e-17
5.386796918767931430e+00,1.135031291687528386e-19,1.042874513857002029e-17
5.384818660626629061e+00,1.135877984706453839e-19,1.044504925561404931e-17
5.382840402485325804e+00,1.136725631373302101e-19,1.046133725248398958e-17
5.380862144344022546e+00,1.137574233129025550e-19,1.047760913915692706e-17
5.378883886202720177e+00,1.138423791417312826e-19,1.049386492647247618e-17
5.376905628061416920e+00,1.139274307684597745e-19,1.051010462612970147e-17
5.374927369920114550e+00,1.140125783380062662e-19,1.052632825068405456e-17
5.372949111778811293e+00,1.140978219955644979e-19,1.054253581354421253e-17
5.370970853637508924e+00,1.141831618866045564e-19,1.055872732896892717e-17
5.368992595496204778e+00,1.142685981568733809e-19,1.057490281206385250e-17
5.367014337354902409e+00,1.143541309523953409e-19,1.059106227877831543e-17
5.365036079213599152e+00,1.144397604194729826e-19,1.060720574590201701e-17
5.363057821072295894e+00,1.145254867046875579e-19,1.062333323106180457e-17
5.361079562930993525e+00,1.146113099548998196e-19,1.063944475271831443e-17
5.359101304789690268e+00,1.146972303172504303e-19,1.065554033016266703e-17
5.357123046648387898e+00,1.147832479391609253e-19,1.067161998351300637e-17
5.355144788507084641e+00,1.148693629683340499e-19,1.068768373371117054e-17
5.353166530365782272e+00,1.149555755527545055e-19,1.070373160251922187e-17
5.351188272224479014e+00,1.150418858406898402e-19,1.071976361251596802e-17
5.349210014083175757e+00,1.151282939806906419e-19,1.073577978709349217e-17
5.347231755941872500e+00,1.152148001215916451e-19,1.075178015045358774e-17
5.345253497800570130e+00,1.153014044125119961e-19,1.076776472760425477e-17
5.343275239659266873e+00,1.153881070028562160e-19,1.078373354435607144e-17
5.341296981517963616e+00,1.154749080423147300e-19,1.079968662731859181e-17
5.339318723376661247e+00,1.155618076808644696e-19,1.081562400389676361e-17
5.337340465235357989e+00,1.156488060687696187e-19,1.083154570228720580e-17
5.335362207094055620e+00,1.157359033565823600e-19,1.084745175147453850e-17
5.333383948952752363e+00,1.158230996951432840e-19,1.086334218122766055e-17
5.331405690811449993e+00,1.159103952355823283e-19,1.087921702209604252e-17
5.329427432670146736e+00,1.159977901293192108e-19,1.089507630540592873e-17
5.327449174528843479e+00,1.160852845280643683e-19,1.091092006325657324e-17
5.325470916387540221e+00,1.161728785838193662e-19,1.092674832851638182e-17
5.323492658246237852e+00,1.162605724488777166e-19,1.094256113481912940e-17
5.321514400104933706e+00,1.163483662758254806e-19,1.095835851656006974e-17
5.319536141963631337e+00,1.164362602175421344e-19,1.097414050889204965e-17
5.317557883822328968e+00,1.165242544272009552e-19,1.098990714772162629e-17
5.315579625681025711e+00,1.166123490582698631e-19,1.100565846970510286e-17
5.313601367539722453e+00,1.167005442645122159e-19,1.102139451224459049e-17
5.311623109398420084e+00,1.167888401999871945e-19,1.103711531348406231e-17
5.309644851257117715e+00,1.168772370190508615e-19,1.105282091230532451e-17
5.307666593115813569e+00,1.169657348763564750e-19,1.106851134832401494e-17
5.305688334974511200e+00,1.170543339268554506e-19,1.108418666188558334e-17
5.303710076833207943e+00,1.171430343257980366e-19,1.109984689406119145e-17
5.301731818691905573e+00,1.172318362287338426e-19,1.111549208664369624e-17
5.299753560550601428e+00,1.173207397915125622e-19,1.113112228214353307e-17
5.297775302409299059e+00,1.174097451702849122e-19,1.114673752378454491e-17
5.295797044267995801e+00,1.174988525215030892e-19,1.116233785549997329e-17
5.293818786126692544e+00,1.175880620019215648e-19,1.117792332192819969e-17
5.291840527985390175e+00,1.176773737685976388e-19,1.119349396840862102e-17
5.289862269844086917e+00,1.177667879788924509e-19,1.120904984097747873e-17
5.287884011702785436e+00,1.178563047904714132e-19,1.122459098636360953e-17
5.285905753561481291e+00,1.179459243613051257e-19,1.124011745198430999e-17
5.283927495420178921e+00,1.180356468496698576e-19,1.125562928594101475e-17
5.281949237278875664e+00,1.181254724141485582e-19,1.127112653701508107e-17
5.279970979137572407e+00,1.182154012136310740e-19,1.128660925466354249e-17
5.277992720996269149e+00,1.183054334073156167e-19,1.130207748901480253e-17
5.276014462854966780e+00,1.183955691547087876e-19,1.131753129086435751e-17
5.274036204713663523e+00,1.184858086156266609e-19,1.133297071167049327e-17
5.272057946572360265e+00,1.185761519501954337e-19,1.134839580354989410e-17
5.270079688431057896e+00,1.186665993188520519e-19,1.136380661927341641e-17
5.268101430289754639e+00,1.187571508823451971e-19,1.137920321226166066e-17
5.266123172148452269e+00,1.188478068017357203e-19,1.139458563658063265e-17
5.264144914007149012e+00,1.189385672383974840e-19,1.140995394693737393e-17
5.262166655865846643e+00,1.190294323540181571e-19,1.142530819867555375e-17
5.260188397724542497e+00,1.191204023105999129e-19,1.144064844777109798e-17
5.258210139583240128e+00,1.192114772704601510e-19,1.145597475082776251e-17
5.256231881441936871e+00,1.193026573962322683e-19,1.147128716507270831e-17
5.254253623300634501e+00,1.193939428508662843e-19,1.148658574835209636e-17
5.252275365159331244e+00,1.194853337976298046e-19,1.150187055912662878e-17
5.250297107018027987e+00,1.195768304001086223e-19,1.151714165646707144e-17
5.248318848876725617e+00,1.196684328222073442e-19,1.153239910004984587e-17
5.246340590735422360e+00,1.197601412281504981e-19,1.154764295015253643e-17
5.244362332594119991e+00,1.198519557824828701e-19,1.156287326764940217e-17
5.242384074452816733e+00,1.199438766500706354e-19,1.157809011400690248e-17
5.240405816311514364e+00,1.200359039961018167e-19,1.159329355127919658e-17
5.238427558170210219e+00,1.201280379860871740e-19,1.160848364210365844e-17
5.236449300028907849e+00,1.202202787858609997e-19,1.162366044969634385e-17
5.234471041887604592e+00,1.203126265615818644e-19,1.163882403784748536e-17
5.232492783746301335e+00,1.204050814797333157e-19,1.165397447091699942e-17
5.230514525604998077e+00,1.204976437071246237e-19,1.166911181382988881e-17
5.228536267463695708e+00,1.205903134108916965e-19,1.168423613207178835e-17
5.226558009322393339e+00,1.206830907584977056e-19,1.169934749168436427e-17
5.224579751181090082e+00,1.207759759177340253e-19,1.171444595926081518e-17
5.222601493039787712e+00,1.208689690567207860e-19,1.172953160194129610e-17
5.220623234898484455e+00,1.209620703439077650e-19,1.174460448740836864e-17
5.218644976757181198e+00,1.210552799480753257e-19,1.175966468388246195e-17
5.216666718615877940e+00,1.211485980383348745e-19,1.177471226011728287e-17
5.214688460474575571e+00,1.212420247841298485e-19,1.178974728539526763e-17
5.212710202333272314e+00,1.213355603552365813e-19,1.180476982952304900e-17
5.210731944191969056e+00,1.214292049217648095e-19,1.181977996282682478e-17
5.208753686050665799e+00,1.215229586541587554e-19,1.183477775614781883e-17
5.206775427909363430e+00,1.216168217231977289e-19,1.184976328083772039e-17
5.204797169768060172e+00,1.217107942999969946e-19,1.186473660875408812e-17
5.202818911626757803e+00,1.218048765560086620e-19,1.187969781225578173e-17
5.200840653485455434e+00,1.218990686630222636e-19,1.189464696419839526e-17
5.198862395344152176e+00,1.219933707931657179e-19,1.190958413792965790e-17
5.196884137202848919e+00,1.220877831189061235e-19,1.192450940728487811e-17
5.194905879061545662e+00,1.221823058130505300e-19,1.193942284658237212e-17
5.192927620920243292e+00,1.222769390487467559e-19,1.195432453061882637e-17
5.190949362778939147e+00,1.223716829994841597e-19,1.196921453466485243e-17
5.188971104637636778e+00,1.224665378390945058e-19,1.198409293446024615e-17
5.186992846496333520e+00,1.225615037417528077e-19,1.199895980620955490e-17
5.185014588355031151e+00,1.226565808819780739e-19,1.201381522657742149e-17
5.183036330213727894e+00,1.227517694346341748e-19,1.202865927268408055e-17
5.181058072072425524e+00,1.228470695749306613e-19,1.204349202210072707e-17
5.179079813931122267e+00,1.229424814784234384e-19,1.205831355284497425e-17
5.177101555789819010e+00,1.230380053210158733e-19,1.207312394337634841e-17
5.175123297648516640e+00,1.231336412789595411e-19,1.208792327259162975e-17
5.173145039507213383e+00,1.232293895288547546e-19,1.210271161982040886e-17
5.171166781365911014e+00,1.233252502476519128e-19,1.211748906482045216e-17
5.169188523224606868e+00,1.234212236126518134e-19,1.213225568777320599e-17
5.167210265083304499e+00,1.235173098015068807e-19,1.214701156927923450e-17
5.165232006942001242e+00,1.236135089922219361e-19,1.216175679035367289e-17
5.163253748800697984e+00,1.237098213631547759e-19,1.217649143242176235e-17
5.161275490659394727e+00,1.238062470930173266e-19,1.219121557731423550e-17
5.159297232518093246e+00,1.239027863608764637e-19,1.220592930726287603e-17
5.157318974376789988e+00,1.239994393461544931e-19,1.222063270489592257e-17
5.155340716235486731e+00,1.240962062286305954e-19,1.223532585323369462e-17
5.153362458094184362e+00,1.241930871884413077e-19,1.225000883568395327e-17
5.151384199952881104e+00,1.242900824060812453e-19,1.226468173603748859e-17
5.149405941811577847e+00,1.243871920624043301e-19,1.227934463846360828e-17
5.147427683670274590e+00,1.244844163386245606e-19,1.229399762750568958e-17
5.145449425528972220e+00,1.245817554163165896e-19,1.230864078807667411e-17
5.143471167387668075e+00,1.246792094774169765e-19,1.232327420545463668e-17
5.141492909246365706e+00,1.247767787042247405e-19,1.233789796527831100e-17
5.139514651105062448e+00,1.248744632794024923e-19,1.235251215354267081e-17
5.137536392963760079e+00,1.249722633859771805e-19,1.236711685659446635e-17
5.135558134822457710e+00,1.250701792073409100e-19,1.238171216112783170e-17
5.133579876681154452e+00,1.251682109272519531e-19,1.239629815417985819e-17
5.131601618539852083e+00,1.252663587298355198e-19,1.241087492312616637e-17
5.129623360398547938e+00,1.253646227995847693e-19,1.242544255567655335e-17
5.127645102257245568e+00,1.254630033213614593e-19,1.244000113987056780e-17
5.125666844115942311e+00,1.255615004803971506e-19,1.245455076407314502e-17
5.123688585974639942e+00,1.256601144622939525e-19,1.246909151697028209e-17
5.121710327833335796e+00,1.257588454530252457e-19,1.248362348756463440e-17
5.119732069692033427e+00,1.258576936389369339e-19,1.249814676517120466e-17
5.117753811550730170e+00,1.259566592067480214e-19,1.251266143941301496e-17
5.115775553409427800e+00,1.260557423435516726e-19,1.252716760021677109e-17
5.113797295268124543e+00,1.261549432368161029e-19,1.254166533780856235e-17
5.111819037126822174e+00,1.262542620743854930e-19,1.255615474270960290e-17
5.109840778985519805e+00,1.263536990444808078e-19,1.257063590573188537e-17
5.107862520844215659e+00,1.264532543357009040e-19,1.258510891797400079e-17
5.105884262702913290e+00,1.265529281370231312e-19,1.259957387081680602e-17
5.103906004561610033e+00,1.266527206378046328e-19,1.261403085591924370e-17
5.101927746420306775e+00,1.267526320277828990e-19,1.262847996521405595e-17
5.099949488279003518e+00,1.268526624970770193e-19,1.264292129090364278e-17
5.097971230137701149e+00,1.269528122361883317e-19,1.265735492545578812e-17
5.095992971996397891e+00,1.270530814360015549e-19,1.267178096159955680e-17
5.094014713855095522e+00,1.271534702877855103e-19,1.268619949232105442e-17
5.092036455713792265e+00,1.272539789831942774e-19,1.270061061085929508e-17
5.090058197572489895e+00,1.273546077142680605e-19,1.271501441070207527e-17
5.088079939431186638e+00,1.274553566734340315e-19,1.272941098558186160e-17
5.086101681289883381e+00,1.275562260535072687e-19,1.274380042947162930e-17
5.084123423148581011e+00,1.276572160476919363e-19,1.275818283658082081e-17
5.082145165007277754e+00,1.277583268495819104e-19,1.277255830135123968e-17
5.080166906865974497e+00,1.278595586531620792e-19,1.278692691845300464e-17
5.078188648724671239e+00,1.279609116528087278e-19,1.280128878278047736e-17
5.076210390583368870e+00,1.280623860432912959e-19,1.281564398944827502e-17
5.074232132442065613e+00,1.281639820197725945e-19,1.282999263378722432e-17
5.072253874300763243e+00,1.282656997778102261e-19,1.284433481134035863e-17
5.070275616159459986e+00,1.283675395133574272e-19,1.285867061785899987e-17
5.068297358018157617e+00,1.284695014227636946e-19,1.287300014929872792e-17
5.066319099876854359e+00,1.285715857027765425e-19,1.288732350181544249e-17
5.064340841735551102e+00,1.286737925505416231e-19,1.290164077176149740e-17
5.062362583594248733e+00,1.287761221636041465e-19,1.291595205568172851e-17
5.060384325452944587e+00,1.288785747399098926e-19,1.293025745030959728e-17
5.058406067311642218e+00,1.289811504778059807e-19,1.294455705256329110e-17
5.056427809170338961e+00,1.290838495760419532e-19,1.295885095954189614e-17
5.054449551029036591e+00,1.291866722337707869e-19,1.297313926852154698e-17
5.052471292887733334e+00,1.292896186505499278e-19,1.298742207695161328e-17
5.050493034746430965e+00,1.293926890263419892e-19,1.300169948245089878e-17
5.048514776605127707e+00,1.294958835615161728e-19,1.301597158280386032e-17
5.046536518463824450e+00,1.295992024568489418e-19,1.303023847595686380e-17
5.044558260322521193e+00,1.297026459135252252e-19,1.304450026001441246e-17
5.042580002181218823e+00,1.298062141331392122e-19,1.305875703323542599e-17
5.040601744039915566e+00,1.299099073176955799e-19,1.307300889402960898e-17
5.038623485898612309e+00,1.300137256696103358e-19,1.308725594095366532e-17
5.036645227757309939e+00,1.301176693917119252e-19,1.310149827270770210e-17
5.034666969616006682e+00,1.302217386872421464e-19,1.311573598813155803e-17
5.032688711474703425e+00,1.303259337598572816e-19,1.312996918620121348e-17
5.030710453333401055e+00,1.304302548136290364e-19,1.314419796602515283e-17
5.028732195192098686e+00,1.305347020530456465e-19,1.315842242684080528e-17
5.026753937050794541e+00,1.306392756830128415e-19,1.317264266801093343e-17
5.024775678909492171e+00,1.307439759088547349e-19,1.318685878902022816e-17
5.022797420768188914e+00,1.308488029363152449e-19,1.320107088947161244e-17
5.020819162626886545e+00,1.309537569715586479e-19,1.321527906908285166e-17
5.018840904485583287e+00,1.310588382211710231e-19,1.322948342768306849e-17
5.016862646344280030e+00,1.311640468921610469e-19,1.324368406520925616e-17
5.014884388202977661e+00,1.312693831919611003e-19,1.325788108170285646e-17
5.012906130061673515e+00,1.313748473284283522e-19,1.327207457730635782e-17
5.010927871920371146e+00,1.314804395098458907e-19,1.328626465225989176e-17
5.008949613779067889e+00,1.315861599449234459e-19,1.330045140689786021e-17
5.006971355637766408e+00,1.316920088427988337e-19,1.331463494164560292e-17
5.004993097496462262e+00,1.317979864130388470e-19,1.332881535701603702e-17
5.003014839355159893e+00,1.319040928656401943e-19,1.334299275360640923e-17
5.001036581213856635e+00,1.320103284110308720e-19,1.335716723209496931e-17
4.999058323072553378e+00,1.321166932600709108e-19,1.337133889323771760e-17
4.997080064931251009e+00,1.322231876240536999e-19,1.338550783786518482e-17
4.995101806789947751e+00,1.323298117147068290e-19,1.339967416687917963e-17
4.993123548648645382e+00,1.324365657441934131e-19,1.341383798124965929e-17
4.991145290507341237e+00,1.325434499251129587e-19,1.342799938201149418e-17
4.989167032366038868e+00,1.326504644705024715e-19,1.344215847026134311e-17
4.987188774224735610e+00,1.327576095938378765e-19,1.345631534715457495e-17
4.985210516083433241e+00,1.328648855090345478e-19,1.347047011390208699e-17
4.983232257942129984e+00,1.329722924304488012e-19,1.348462287176726811e-17
4.981253999800827614e+00,1.330798305728789534e-19,1.349877372206299127e-17
4.979275741659524357e+00,1.331875001515662368e-19,1.351292276614845190e-17
4.977297483518221100e+00,1.332953013821960755e-19,1.352707010542631289e-17
4.975319225376918730e+00,1.334032344808991927e-19,1.354121584133959077e-17
4.973340967235615473e+00,1.335112996642524292e-19,1.355536007536878372e-17
4.971362709094312216e+00,1.336194971492804286e-19,1.356950290902887797e-17
4.969384450953008958e+00,1.337278271534561186e-19,1.358364444386643112e-17
4.967406192811706589e+00,1.338362898947023243e-19,1.359778478145674178e-17
4.965427934670403332e+00,1.339448855913925144e-19,1.361192402340090528e-17
4.963449676529100962e+00,1.340536144623521973e-19,1.362606227132301406e-17
4.961471418387797705e+00,1.341624767268599564e-19,1.364019962686730274e-17
4.959493160246495336e+00,1.342714726046486057e-19,1.365433619169537778e-17
4.957514902105191190e+00,1.343806023159062492e-19,1.366847206748347506e-17
4.955536643963888821e+00,1.344898660812774361e-19,1.368260735591960169e-17
4.953558385822585564e+00,1.345992641218644128e-19,1.369674215870093071e-17
4.951580127681283194e+00,1.347087966592282066e-19,1.371087657753105079e-17
4.949601869539979937e+00,1.348184639153895639e-19,1.372501071411724993e-17
4.947623611398676680e+00,1.349282661128306602e-19,1.373914467016792241e-17
4.945645353257374310e+00,1.350382034744955087e-19,1.375327854738988782e-17
4.943667095116071053e+00,1.351482762237917904e-19,1.376741244748583045e-17
4.941688836974768684e+00,1.352584845845915520e-19,1.378154647215170612e-17
4.939710578833465426e+00,1.353688287812326264e-19,1.379568072307413221e-17
4.937732320692162169e+00,1.354793090385197882e-19,1.380981530192795021e-17
4.935754062550858912e+00,1.355899255817257650e-19,1.382395031037362645e-17
4.933775804409556542e+00,1.357006786365925128e-19,1.383808585005480697e-17
4.931797546268253285e+00,1.358115684293324684e-19,1.385222202259585539e-17
4.929819288126950028e+00,1.359225951866296328e-19,1.386635892959942471e-17
4.927841029985647658e+00,1.360337591356407982e-19,1.388049667264403219e-17
4.925862771844344401e+00,1.361450605039965841e-19,1.389463535328164958e-17
4.923884513703042032e+00,1.362564995198030498e-19,1.390877507303537359e-17
4.921906255561738774e+00,1.363680764116423445e-19,1.392291593339709312e-17
4.919927997420436405e+00,1.364797914085743202e-19,1.393705803582513662e-17
4.917949739279133148e+00,1.365916447401376149e-19,1.395120148174199172e-17
4.915971481137829890e+00,1.367036366363507366e-19,1.396534637253207739e-17
4.913993222996526633e+00,1.368157673277134586e-19,1.397949280953945739e-17
4.912014964855224264e+00,1.369280370452079278e-19,1.399364089406561859e-17
4.910036706713920118e+00,1.370404460202998920e-19,1.400779072736733546e-17
4.908058448572617749e+00,1.371529944849399276e-19,1.402194241065440827e-17
4.906080190431315380e+00,1.372656826715647882e-19,1.403609604508761699e-17
4.904101932290012122e+00,1.373785108130983190e-19,1.405025173177655806e-17
4.902123674148709753e+00,1.374914791429531182e-19,1.406440957177750278e-17
4.900145416007406496e+00,1.376045878950313793e-19,1.407856966609139742e-17
4.898167157866104127e+00,1.377178373037264322e-19,1.409273211566177087e-17
4.896188899724799981e+00,1.378312276039236818e-19,1.410689702137276561e-17
4.894210641583497612e+00,1.379447590310022451e-19,1.412106448404704224e-17
4.892232383442194354e+00,1.380584318208358420e-19,1.413523460444391525e-17
4.890254125300891985e+00,1.381722462097942157e-19,1.414940748325730685e-17
4.888275867159587840e+00,1.382862024347444328e-19,1.416358322111389502e-17
4.886297609018285470e+00,1.384003007330520383e-19,1.417776191857115986e-17
4.884319350876983101e+00,1.385145413425823324e-19,1.419194367611554085e-17
4.882341092735678956e+00,1.386289245017018384e-19,1.420612859416056329e-17
4.880362834594376586e+00,1.387434504492791694e-19,1.422031677304501408e-17
4.878384576453074217e+00,1.388581194246867859e-19,1.423450831303111438e-17
4.876406318311771848e+00,1.389729316678018386e-19,1.424870331430280325e-17
4.874428060170467703e+00,1.390878874190078772e-19,1.426290187696387640e-17
4.872449802029165333e+00,1.392029869191957893e-19,1.427710410103638999e-17
4.870471543887862076e+00,1.393182304097652454e-19,1.429131008645879633e-17
4.868493285746558819e+00,1.394336181326259743e-19,1.430551993308437849e-17
4.866515027605255561e+00,1.395491503301990633e-19,1.431973374067952468e-17
4.864536769463953192e+00,1.396648272454183063e-19,1.433395160892213198e-17
4.862558511322649935e+00,1.397806491217314798e-19,1.434817363739995475e-17
4.860580253181346677e+00,1.398966162031015465e-19,1.436239992560902682e-17
4.858601995040044308e+00,1.400127287340081720e-19,1.437663057295209926e-17
4.856623736898741051e+00,1.401289869594490251e-19,1.439086567873711188e-17
4.854645478757438681e+00,1.402453911249407160e-19,1.440510534217563099e-17
4.852667220616135424e+00,1.403619414765208193e-19,1.441934966238139796e-17
4.850688962474833055e+00,1.404786382607485716e-19,1.443359873836883165e-17
4.848710704333529797e+00,1.405954817247065329e-19,1.444785266905158011e-17
4.846732446192226540e+00,1.407124721160018866e-19,1.446211155324110923e-17
4.844754188050923283e+00,1.408296096827676669e-19,1.447637548964528839e-17
4.842775929909620913e+00,1.409468946736642040e-19,1.449064457686699756e-17
4.840797671768317656e+00,1.410643273378805435e-19,1.450491891340280849e-17
4.838819413627014399e+00,1.411819079251356751e-19,1.451919859764161340e-17
4.836841155485712029e+00,1.412996366856798561e-19,1.453348372786335233e-17
4.834862897344408772e+00,1.414175138702962727e-19,1.454777440223767582e-17
4.832884639203106403e+00,1.415355397303019308e-19,1.456207071882274922e-17
4.830906381061803145e+00,1.416537145175495096e-19,1.457637277556392465e-17
4.828928122920500776e+00,1.417720384844284209e-19,1.459068067029262233e-17
4.826949864779196631e+00,1.418905118838662294e-19,1.460499450072503336e-17
4.824971606637894261e+00,1.420091349693303381e-19,1.461931436446103806e-17
4.822993348496591004e+00,1.421279079948288548e-19,1.463364035898299805e-17
4.821015090355287747e+00,1.422468312149124939e-19,1.464797258165464074e-17
4.819036832213984489e+00,1.423659048846755635e-19,1.466231112971994694e-17
4.817058574072682120e+00,1.424851292597578193e-19,1.467665610030211543e-17
4.815080315931379751e+00,1.426045045963453070e-19,1.469100759040242904e-17
4.813102057790076493e+00,1.427240311511723122e-19,1.470536569689927466e-17
4.811123799648774124e+00,1.428437091815224440e-19,1.471973051654709251e-17
4.809145541507470867e+00,1.429635389452301033e-19,1.473410214597539929e-17
4.807167283366167609e+00,1.430835207006820959e-19,1.474848068168780211e-17
4.805189025224864352e+00,1.432036547068187157e-19,1.476286622006106787e-17
4.803210767083561983e+00,1.433239412231355265e-19,1.477725885734418648e-17
4.801232508942258725e+00,1.434443805096847098e-19,1.479165868965745261e-17
4.799254250800955468e+00,1.435649728270762685e-19,1.480606581299155660e-17
4.797275992659652211e+00,1.436857184364797605e-19,1.482048032320682341e-17
4.795297734518349841e+00,1.438066175996256227e-19,1.483490231603222336e-17
4.793319476377046584e+00,1.439276705788066876e-19,1.484933188706468197e-17
4.791341218235744215e+00,1.440488776368794350e-19,1.486376913176819552e-17
4.789362960094441846e+00,1.441702390372658221e-19,1.487821414547309768e-17
4.787384701953138588e+00,1.442917550439544144e-19,1.489266702337526446e-17
4.785406443811835331e+00,1.444134259215020473e-19,1.490712786053541474e-17
4.783428185670532073e+00,1.445352519350351740e-19,1.492159675187839535e-17
4.781449927529229704e+00,1.446572333502515506e-19,1.493607379219242920e-17
4.779471669387925559e+00,1.447793704334214644e-19,1.495055907612851745e-17
4.777493411246623189e+00,1.449016634513894182e-19,1.496505269819973694e-17
4.775515153105319932e+00,1.450241126715754072e-19,1.497955475278063007e-17
4.773536894964017563e+00,1.451467183619768201e-19,1.499406533410656999e-17
4.771558636822714305e+00,1.452694807911694989e-19,1.500858453627319671e-17
4.769580378681411936e+00,1.453924002283094957e-19,1.502311245323581928e-17
4.767602120540109567e+00,1.455154769431344699e-19,1.503764917880888577e-17
4.765623862398805421e+00,1.456387112059653964e-19,1.505219480666544092e-17
4.763645604257503052e+00,1.457621032877078183e-19,1.506674943033658075e-17
4.761667346116199795e+00,1.458856534598535558e-19,1.508131314321105811e-17
4.759689087974897426e+00,1.460093619944821988e-19,1.509588603853469718e-17
4.757710829833593280e+00,1.461332291642626477e-19,1.511046820941001446e-17
4.755732571692290911e+00,1.462572552424546060e-19,1.512505974879574117e-17
4.753754313550987654e+00,1.463814405029101933e-19,1.513966074950646575e-17
4.751776055409684396e+00,1.465057852200754858e-19,1.515427130421216549e-17
4.749797797268382027e+00,1.466302896689919130e-19,1.516889150543788606e-17
4.747819539127079658e+00,1.467549541252981834e-19,1.518352144556337792e-17
4.745841280985776400e+00,1.468797788652314159e-19,1.519816121682274189e-17
4.743863022844473143e+00,1.470047641656290900e-19,1.521281091130410564e-17
4.741884764703170774e+00,1.471299103039302012e-19,1.522747062094938024e-17
4.739906506561867516e+00,1.472552175581773316e-19,1.524214043755389345e-17
4.737928248420564259e+00,1.473806862070179977e-19,1.525682045276618945e-17
4.735949990279261002e+00,1.475063165297059266e-19,1.527151075808776997e-17
4.733971732137958632e+00,1.476321088061031986e-19,1.528621144487283546e-17
4.731993473996655375e+00,1.477580633166815711e-19,1.530092260432817415e-17
4.730015215855352118e+00,1.478841803425240916e-19,1.531564432751285390e-17
4.728036957714048860e+00,1.480104601653267109e-19,1.533037670533810511e-17
4.726058699572747379e+00,1.481369030673999199e-19,1.534511982856717280e-17
4.724080441431444122e+00,1.482635093316703145e-19,1.535987378781520876e-17
4.722102183290140864e+00,1.483902792416823770e-19,1.537463867354906819e-17
4.720123925148838495e+00,1.485172130815998726e-19,1.538941457608729426e-17
4.718145667007534350e+00,1.486443111362076306e-19,1.540420158559997638e-17
4.716167408866231980e+00,1.487715736909132300e-19,1.541899979210873480e-17
4.714189150724928723e+00,1.488990010317484433e-19,1.543380928548662199e-17
4.712210892583626354e+00,1.490265934453711632e-19,1.544863015545815962e-17
4.710232634442322208e+00,1.491543512190667503e-19,1.546346249159922455e-17
4.708254376301019839e+00,1.492822746407499107e-19,1.547830638333715050e-17
4.706276118159716582e+00,1.494103639989663818e-19,1.549316191995067570e-17
4.704297860018414212e+00,1.495386195828943039e-19,1.550802919057003222e-17
4.702319601877110955e+00,1.496670416823463633e-19,1.552290828417695831e-17
4.700341343735808586e+00,1.497956305877710196e-19,1.553779928960478470e-17
4.698363085594506217e+00,1.499243865902544320e-19,1.555270229553851158e-17
4.696384827453202071e+00,1.500533099815221927e-19,1.556761739051495351e-17
4.694406569311899702e+00,1.501824010539407948e-19,1.558254466292273934e-17
4.692428311170596444e+00,1.503116601005195833e-19,1.559748420100262043e-17
4.690450053029293187e+00,1.504410874149122706e-19,1.561243609284744286e-17
4.688471794887989930e+00,1.505706832914188395e-19,1.562740042640243404e-17
4.686493536746687560e+00,1.507004480249870108e-19,1.564237728946533212e-17
4.684515278605384303e+00,1.508303819112141940e-19,1.565736676968661095e-17
4.682537020464081934e+00,1.509604852463490275e-19,1.567236895456962798e-17
4.680558762322778676e+00,1.510907583272934253e-19,1.568738393147091700e-17
4.678580504181476307e+00,1.512212014516037805e-19,1.570241178760040695e-17
4.676602246040173050e+00,1.513518149174932522e-19,1.571745261002168688e-17
4.674623987898869792e+00,1.514825990238333068e-19,1.573250648565222479e-17
4.672645729757567423e+00,1.516135540701552339e-19,1.574757350126374662e-17
4.670667471616264166e+00,1.517446803566523618e-19,1.576265374348247045e-17
4.668689213474960908e+00,1.518759781841814534e-19,1.577774729878940539e-17
4.666710955333657651e+00,1.520074478542647045e-19,1.579285425352073065e-17
4.664732697192355282e+00,1.521390896690913327e-19,1.580797469386814062e-17
4.662754439051052024e+00,1.522709039315194791e-19,1.582310870587915609e-17
4.660776180909749655e+00,1.524028909450779900e-19,1.583825637545752183e-17
4.658797922768446398e+00,1.525350510139682224e-19,1.585341778836359170e-17
4.656819664627144029e+00,1.526673844430658013e-19,1.586859303021474471e-17
4.654841406485840771e+00,1.527998915379224012e-19,1.588378218648575167e-17
4.652863148344537514e+00,1.529325726047675518e-19,1.589898534250927750e-17
4.650884890203235145e+00,1.530654279505106361e-19,1.591420258347620786e-17
4.648906632061930999e+00,1.531984578827424310e-19,1.592943399443622231e-17
4.646928373920628630e+00,1.533316627097371539e-19,1.594467966029818567e-17
4.644950115779325373e+00,1.534650427404541717e-19,1.595993966583065334e-17
4.642971857638023003e+00,1.535985982845399266e-19,1.597521409566235516e-17
4.640993599496719746e+00,1.537323296523296459e-19,1.599050303428269763e-17
4.639015341355417377e+00,1.538662371548494359e-19,1.600580656604232478e-17
4.637037083214114119e+00,1.540003211038177988e-19,1.602112477515356805e-17
4.635058825072810862e+00,1.541345818116479199e-19,1.603645774569104410e-17
4.633080566931508493e+00,1.542690195914490635e-19,1.605180556159224032e-17
4.631102308790205235e+00,1.544036347570288363e-19,1.606716830665797392e-17
4.629124050648902866e+00,1.545384276228948723e-19,1.608254606455309764e-17
4.627145792507598721e+00,1.546733985042567587e-19,1.609793891880700815e-17
4.625167534366296351e+00,1.548085477170278419e-19,1.611334695281427472e-17
4.623189276224993094e+00,1.549438755778273694e-19,1.612877024983525856e-17
4.621211018083690725e+00,1.550793824039821996e-19,1.614420889299675382e-17
4.619232759942387467e+00,1.552150685135286795e-19,1.615966296529258531e-17
4.617254501801085098e+00,1.553509342252146426e-19,1.617513254958428654e-17
4.615276243659781841e+00,1.554869798585013352e-19,1.619061772860177447e-17
4.613297985518478583e+00,1.556232057335654141e-19,1.620611858494397202e-17
4.611319727377175326e+00,1.557596121713006564e-19,1.622163520107956611e-17
4.609341469235872957e+00,1.558961994933201256e-19,1.623716765934763627e-17
4.607363211094569699e+00,1.560329680219580499e-19,1.625271604195838188e-17
4.605384952953266442e+00,1.561699180802715552e-19,1.626828043099383401e-17
4.603406694811964073e+00,1.563070499920432171e-19,1.628386090840862267e-17
4.601428436670659927e+00,1.564443640817822885e-19,1.629945755603065786e-17
4.599450178529357558e+00,1.565818606747270593e-19,1.631507045556190300e-17
4.597471920388055189e+00,1.567195400968469742e-19,1.633069968857911756e-17
4.595493662246752820e+00,1.568574026748442948e-19,1.634634533653467371e-17
4.593515404105448674e+00,1.569954487361562892e-19,1.636200748075726805e-17
4.591537145964146305e+00,1.571336786089570868e-19,1.637768620245274754e-17
4.589558887822843047e+00,1.572720926221598441e-19,1.639338158270492296e-17
4.587580629681539790e+00,1.574106911054186231e-19,1.640909370247633313e-17
4.585602371540237421e+00,1.575494743891305575e-19,1.642482264260908001e-17
4.583624113398934163e+00,1.576884428044376106e-19,1.644056848382569457e-17
4.581645855257631794e+00,1.578275966832289100e-19,1.645633130672990103e-17
4.579667597116327649e+00,1.579669363581425294e-19,1.647211119180752585e-17
4.577689338975025279e+00,1.581064621625677995e-19,1.648790821942732365e-17
4.575711080833722022e+00,1.582461744306469695e-19,1.650372246984183993e-17
4.573732822692419653e+00,1.583860734972777585e-19,1.651955402318829554e-17
4.571754564551116395e+00,1.585261596981148964e-19,1.653540295948944637e-17
4.569776306409814026e+00,1.586664333695726277e-19,1.655126935865454168e-17
4.567798048268510769e+00,1.588068948488265653e-19,1.656715330048011918e-17
4.565819790127207511e+00,1.589475444738157365e-19,1.658305486465099105e-17
4.563841531985905142e+00,1.590883825832447498e-19,1.659897413074112529e-17
4.561863273844601885e+00,1.592294095165859376e-19,1.661491117821460401e-17
4.559885015703298627e+00,1.593706256140814987e-19,1.663086608642650480e-17
4.557906757561995370e+00,1.595120312167452558e-19,1.664683893462389908e-17
4.555928499420693001e+00,1.596536266663652794e-19,1.666282980194674883e-17
4.553950241279389743e+00,1.597954123055056213e-19,1.667883876742890501e-17
4.551971983138087374e+00,1.599373884775086016e-19,1.669486590999906278e-17
4.549993724996784117e+00,1.600795555264969272e-19,1.671091130848170448e-17
4.548015466855481748e+00,1.602219137973757863e-19,1.672697504159811650e-17
4.546037208714177602e+00,1.603644636358351112e-19,1.674305718796735378e-17
4.544058950572875233e+00,1.605072053883516731e-19,1.675915782610729368e-17
4.542080692431571975e+00,1.606501394021911520e-19,1.677527703443552040e-17
4.540102434290269606e+00,1.607932660254104242e-19,1.679141489127042501e-17
4.538124176148966349e+00,1.609365856068596324e-19,1.680757147483225321e-17
4.536145918007663091e+00,1.610800984961846413e-19,1.682374686324401434e-17
4.534167659866360722e+00,1.612238050438288432e-19,1.683994113453259691e-17
4.532189401725057465e+00,1.613677056010355654e-19,1.685615436662981008e-17
4.530211143583755096e+00,1.615118005198503573e-19,1.687238663737338522e-17
4.528232885442451838e+00,1.616560901531229162e-19,1.688863802450803898e-17
4.526254627301149469e+00,1.618005748545096874e-19,1.690490860568656104e-17
4.524276369159845324e+00,1.619452549784757421e-19,1.692119845847082797e-17
4.522298111018542954e+00,1.620901308802972326e-19,1.693750766033293718e-17
4.520319852877239697e+00,1.622352029160635592e-19,1.695383628865623306e-17
4.518341594735936440e+00,1.623804714426795371e-19,1.697018442073640091e-17
4.516363336594634070e+00,1.625259368178678756e-19,1.698655213378255782e-17
4.514385078453330813e+00,1.626715994001711524e-19,1.700293950491837734e-17
4.512406820312028444e+00,1.628174595489543414e-19,1.701934661118314650e-17
4.510428562170725186e+00,1.629635176244069794e-19,1.703577352953289668e-17
4.508450304029422817e+00,1.631097739875453807e-19,1.705222033684151913e-17
4.506472045888119560e+00,1.632562290002150207e-19,1.706868710990185888e-17
4.504493787746816302e+00,1.634028830250928468e-19,1.708517392542686413e-17
4.502515529605513045e+00,1.635497364256895416e-19,1.710168086005072952e-17
4.500537271464210676e+00,1.636967895663519060e-19,1.711820799032999307e-17
4.498559013322907418e+00,1.638440428122649539e-19,1.713475539274469183e-17
4.496580755181604161e+00,1.639914965294547286e-19,1.715132314369949271e-17
4.494602497040301792e+00,1.641391510847900122e-19,1.716791131952490662e-17
4.492624238898998534e+00,1.642870068459850942e-19,1.718451999647833924e-17
4.490645980757696165e+00,1.644350641816021066e-19,1.720114925074536371e-17
4.488667722616392908e+00,1.645833234610532387e-19,1.721779915844078369e-17
4.486689464475090539e+00,1.647317850546031444e-19,1.723446979560990605e-17
4.484711206333786393e+00,1.648804493333713260e-19,1.725116123822961633e-17
4.482732948192484024e+00,1.650293166693345410e-19,1.726787356220962360e-17
4.480754690051180766e+00,1.651783874353292821e-19,1.728460684339361606e-17
4.478776431909878397e+00,1.653276620050538477e-19,1.730136115756048439e-17
4.476798173768574252e+00,1.654771407530712063e-19,1.731813658042545881e-17
4.474819915627271882e+00,1.656268240548111393e-19,1.733493318764136632e-17
4.472841657485969513e+00,1.657767122865725764e-19,1.735175105479979861e-17
4.470863399344665368e+00,1.659268058255263397e-19,1.736859025743229531e-17
4.468885141203363887e+00,1.660771050497172384e-19,1.738545087101161976e-17
4.466906883062060629e+00,1.662276103380667409e-19,1.740233297095292380e-17
4.464928624920758260e+00,1.663783220703754544e-19,1.741923663261498347e-17
4.462950366779454114e+00,1.665292406273253880e-19,1.743616193130139765e-17
4.460972108638151745e+00,1.666803663904826250e-19,1.745310894226186694e-17
4.458993850496848488e+00,1.668316997422996337e-19,1.747007774069335227e-17
4.457015592355545230e+00,1.669832410661178676e-19,1.748706840174137838e-17
4.455037334214241973e+00,1.671349907461703173e-19,1.750408100050120475e-17
4.453059076072939604e+00,1.672869491675837976e-19,1.752111561201913839e-17
4.451080817931636346e+00,1.674391167163816916e-19,1.753817231129370471e-17
4.449102559790333089e+00,1.675914937794862381e-19,1.755525117327694492e-17
4.447124301649030720e+00,1.677440807447214204e-19,1.757235227287564237e-17
4.445146043507728351e+00,1.678968780008150607e-19,1.758947568495261070e-17
4.443167785366425093e+00,1.680498859374017089e-19,1.760662148432785859e-17
4.441189527225121836e+00,1.682031049450249301e-19,1.762378974578002264e-17
4.439211269083819467e+00,1.683565354151402409e-19,1.764098054404740589e-17
4.437233010942516209e+00,1.685101777401172285e-19,1.765819395382946612e-17
4.435254752801212952e+00,1.686640323132425118e-19,1.767543004978790365e-17
4.433276494659909694e+00,1.688180995287219316e-19,1.769268890654806955e-17
4.431298236518607325e+00,1.689723797816836569e-19,1.770997059870013973e-17
4.429319978377304068e+00,1.691268734681803271e-19,1.772727520080045536e-17
4.427341720236000810e+00,1.692815809851920130e-19,1.774460278737279550e-17
4.425363462094698441e+00,1.694365027306285041e-19,1.776195343290960052e-17
4.423385203953395184e+00,1.695916391033321974e-19,1.777932721187337101e-17
4.421406945812092815e+00,1.697469905030806734e-19,1.779672419869785115e-17
4.419428687670789557e+00,1.699025573305893922e-19,1.781414446778935677e-17
4.417450429529487188e+00,1.700583399875140770e-19,1.783158809352809119e-17
4.415472171388183042e+00,1.702143388764538198e-19,1.784905515026938087e-17
4.413493913246880673e+00,1.703705544009533440e-19,1.786654571234505285e-17
4.411515655105577416e+00,1.705269869655059899e-19,1.788405985406467349e-17
4.409537396964275047e+00,1.706836369755563146e-19,1.790159764971688893e-17
4.407559138822971789e+00,1.708405048375026438e-19,1.791915917357066078e-17
4.405580880681668532e+00,1.709975909586999607e-19,1.793674449987667432e-17
4.403602622540366163e+00,1.711548957474626267e-19,1.795435370286858040e-17
4.401624364399062905e+00,1.713124196130670048e-19,1.797198685676428959e-17
4.399646106257760536e+00,1.714701629657542771e-19,1.798964403576737433e-17
4.397667848116457279e+00,1.716281262167331162e-19,1.800732531406825216e-17
4.395689589975154909e+00,1.717863097781825989e-19,1.802503076584562483e-17
4.393711331833850764e+00,1.719447140632546854e-19,1.804276046526771394e-17
4.391733073692548395e+00,1.721033394860774212e-19,1.806051448649364144e-17
4.389754815551245137e+00,1.722621864617572003e-19,1.807829290367467458e-17
4.387776557409941880e+00,1.724212554063820630e-19,1.809609579095561874e-17
4.385798299268638623e+00,1.725805467370241518e-19,1.811392322247612396e-17
4.383820041127336253e+00,1.727400608717426722e-19,1.813177527237196992e-17
4.381841782986033884e+00,1.728997982295867339e-19,1.814965201477647422e-17
4.379863524844730627e+00,1.730597592305979261e-19,1.816755352382170026e-17
4.377885266703428258e+00,1.732199442958135923e-19,1.818547987363993026e-17
4.375907008562125000e+00,1.733803538472694537e-19,1.820343113836487931e-17
4.373928750420821743e+00,1.735409883080022819e-19,1.822140739213310671e-17
4.371950492279518485e+00,1.737018481020531487e-19,1.823940870908527324e-17
4.369972234138216116e+00,1.738629336544699539e-19,1.825743516336758018e-17
4.367993975996911971e+00,1.740242453913106032e-19,1.827548682913299575e-17
4.366015717855609601e+00,1.741857837396456561e-19,1.829356378054265723e-17
4.364037459714306344e+00,1.743475491275615041e-19,1.831166609176722057e-17
4.362059201573003975e+00,1.745095419841629701e-19,1.832979383698812697e-17
4.360080943431700717e+00,1.746717627395765832e-19,1.834794709039903569e-17
4.358102685290398348e+00,1.748342118249531782e-19,1.836612592620709985e-17
4.356124427149095979e+00,1.749968896724710734e-19,1.838433041863433151e-17
4.354146169007791833e+00,1.751597967153389839e-19,1.840256064191895750e-17
4.352167910866489464e+00,1.753229333877989341e-19,1.842081667031674141e-17
4.350189652725186207e+00,1.754863001251292917e-19,1.843909857810234868e-17
4.348211394583883838e+00,1.756498973636477040e-19,1.845740643957067469e-17
4.346233136442579692e+00,1.758137255407141317e-19,1.847574032903819761e-17
4.344254878301277323e+00,1.759777850947338099e-19,1.849410032084435265e-17
4.342276620159974065e+00,1.761420764651604259e-19,1.851248648935284177e-17
4.340298362018670808e+00,1.763066000924988877e-19,1.853089890895299871e-17
4.338320103877368439e+00,1.764713564183086222e-19,1.854933765406115725e-17
4.336341845736066070e+00,1.766363458852063678e-19,1.856780279912195152e-17
4.334363587594762812e+00,1.768015689368695445e-19,1.858629441860973971e-17
4.332385329453459555e+00,1.769670260180389748e-19,1.860481258702991365e-17
4.330407071312157186e+00,1.771327175745222778e-19,1.862335737892021156e-17
4.328428813170853928e+00,1.772986440531967099e-19,1.864192886885215402e-17
4.326450555029550671e+00,1.774648059020125114e-19,1.866052713143235666e-17
4.324472296888247413e+00,1.776312035699956747e-19,1.867915224130389528e-17
4.322494038746945044e+00,1.777978375072515796e-19,1.869780427314761857e-17
4.320515780605641787e+00,1.779647081649675936e-19,1.871648330168355941e-17
4.318537522464338529e+00,1.781318159954164659e-19,1.873518940167227224e-17
4.316559264323036160e+00,1.782991614519595775e-19,1.875392264791617660e-17
4.314581006181733791e+00,1.784667449890498545e-19,1.877268311526090683e-17
4.312602748040430534e+00,1.786345670622352103e-19,1.879147087859671721e-17
4.310624489899127276e+00,1.788026281281615552e-19,1.881028601285977616e-17
4.308646231757824907e+00,1.789709286445759738e-19,1.882912859303358071e-17
4.306667973616521650e+00,1.791394690703301199e-19,1.884799869415025067e-17
4.304689715475218392e+00,1.793082498653831772e-19,1.886689639129195231e-17
4.302711457333915135e+00,1.794772714908054466e-19,1.888582175959222028e-17
4.300733199192612766e+00,1.796465344087811870e-19,1.890477487423730118e-17
4.298754941051308620e+00,1.798160390826121058e-19,1.892375581046758027e-17
4.296776682910006251e+00,1.799857859767206089e-19,1.894276464357885412e-17
4.294798424768702994e+00,1.801557755566530031e-19,1.896180144892374193e-17
4.292820166627401512e+00,1.803260082890828415e-19,1.898086630191304141e-17
4.290841908486098255e+00,1.804964846418141503e-19,1.899995927801707227e-17
4.288863650344794998e+00,1.806672050837848709e-19,1.901908045276704753e-17
4.286885392203492628e+00,1.808381700850700379e-19,1.903822990175643240e-17
4.284907134062188483e+00,1.810093801168852454e-19,1.905740770064228478e-17
4.282928875920886114e+00,1.811808356515897773e-19,1.907661392514666345e-17
4.280950617779582856e+00,1.813525371626901696e-19,1.909584865105793775e-17
4.278972359638279599e+00,1.815244851248436536e-19,1.911511195423216189e-17
4.276994101496976342e+00,1.816966800138610681e-19,1.913440391059448322e-17
4.275015843355673972e+00,1.818691223067108086e-19,1.915372459614038711e-17
4.273037585214370715e+00,1.820418124815220280e-19,1.917307408693720690e-17
4.271059327073068346e+00,1.822147510175878636e-19,1.919245245912535962e-17
4.269081068931765088e+00,1.823879383953689752e-19,1.921185978891979111e-17
4.267102810790462719e+00,1.825613750964972047e-19,1.923129615261127342e-17
4.265124552649159462e+00,1.827350616037787059e-19,1.925076162656781917e-17
4.263146294507856204e+00,1.829089984011975070e-19,1.927025628723601584e-17
4.261168036366553835e+00,1.830831859739191464e-19,1.928978021114237852e-17
4.259189778225250578e+00,1.832576248082938740e-19,1.930933347489472740e-17
4.257211520083947320e+00,1.834323153918604069e-19,1.932891615518353123e-17
4.255233261942644063e+00,1.836072582133492521e-19,1.934852832878331867e-17
4.253255003801341694e+00,1.837824537626863410e-19,1.936817007255395711e-17
4.251276745660038436e+00,1.839579025309965687e-19,1.938784146344209789e-17
4.249298487518736067e+00,1.841336050106071402e-19,1.940754257848246126e-17
4.247320229377432810e+00,1.843095616950514705e-19,1.942727349479926931e-17
4.245341971236130441e+00,1.844857730790723862e-19,1.944703428960754631e-17
4.243363713094827183e+00,1.846622396586260501e-19,1.946682504021452083e-17
4.241385454953523926e+00,1.848389619308852827e-19,1.948664582402097847e-17
4.239407196812221557e+00,1.850159403942434147e-19,1.950649671852259003e-17
4.237428938670917411e+00,1.851931755483175367e-19,1.952637780131133821e-17
4.235450680529615042e+00,1.853706678939526401e-19,1.954628915007680875e-17
4.233472422388311784e+00,1.855484179332247705e-19,1.956623084260760793e-17
4.231494164247009415e+00,1.857264261694450485e-19,1.958620295679268759e-17
4.229515906105706158e+00,1.859046931071631120e-19,1.960620557062271334e-17
4.227537647964403789e+00,1.860832192521709201e-19,1.962623876219144812e-17
4.225559389823100531e+00,1.862620051115064362e-19,1.964630260969710499e-17
4.223581131681797274e+00,1.864410511934572876e-19,1.966639719144366599e-17
4.221602873540494905e+00,1.866203580075644486e-19,1.968652258584231199e-17
4.219624615399191647e+00,1.867999260646261885e-19,1.970667887141274457e-17
4.217646357257889278e+00,1.869797558767016111e-19,1.972686612678453274e-17
4.215668099116585132e+00,1.871598479571143614e-19,1.974708443069855188e-17
4.213689840975282763e+00,1.873402028204566946e-19,1.976733386200823183e-17
4.211711582833979506e+00,1.875208209825930149e-19,1.978761449968100824e-17
4.209733324692677137e+00,1.877017029606636791e-19,1.980792642279966915e-17
4.207755066551373879e+00,1.878828492730890169e-19,1.982826971056364311e-17
4.205776808410071510e+00,1.880642604395728942e-19,1.984864444229049674e-17
4.203798550268768253e+00,1.882459369811068056e-19,1.986905069741719816e-17
4.201820292127464995e+00,1.884278794199734851e-19,1.988948855550145126e-17
4.199842033986161738e+00,1.886100882797508789e-19,1.990995809622317175e-17
4.197863775844859369e+00,1.887925640853162138e-19,1.993045939938580293e-17
4.195885517703556111e+00,1.889753073628496078e-19,1.995099254491759453e-17
4.193907259562252854e+00,1.891583186398380913e-19,1.997155761287308492e-17
4.191929001420950485e+00,1.893415984450795305e-19,1.999215468343442302e-17
4.189950743279647227e+00,1.895251473086865520e-19,2.001278383691268414e-17
4.187972485138344858e+00,1.897089657620905867e-19,2.003344515374932749e-17
4.185994226997041601e+00,1.898930543380456499e-19,2.005413871451747502e-17
4.184015968855739231e+00,1.900774135706325543e-19,2.007486459992331967e-17
4.182037710714435086e+00,1.902620439952625927e-19,2.009562289080746886e-17
4.180059452573132717e+00,1.904469461486819686e-19,2.011641366814633120e-17
4.178081194431829459e+00,1.906321205689752620e-19,2.013723701305348772e-17
4.176102936290527090e+00,1.908175677955700521e-19,2.015809300678100769e-17
4.174124678149223833e+00,1.910032883692406006e-19,2.017898173072087225e-17
4.172146420007920575e+00,1.911892828321119683e-19,2.019990326640631487e-17
4.170168161866618206e+00,1.913755517276641557e-19,2.022085769551318027e-17
4.168189903725314061e+00,1.915620956007360998e-19,2.024184509986131112e-17
4.166211645584011691e+00,1.917489149975300310e-19,2.026286556141589462e-17
4.164233387442709322e+00,1.919360104656151805e-19,2.028391916228887690e-17
4.162255129301406065e+00,1.921233825539324753e-19,2.030500598474025728e-17
4.160276871160102807e+00,1.923110318127980043e-19,2.032612611117951804e-17
4.158298613018800438e+00,1.924989587939077853e-19,2.034727962416696181e-17
4.156320354877497181e+00,1.926871640503415928e-19,2.036846660641511982e-17
4.154342096736193923e+00,1.928756481365673391e-19,2.038968714079007691e-17
4.152363838594891554e+00,1.930644116084450710e-19,2.041094131031282431e-17
4.150385580453588297e+00,1.932534550232316644e-19,2.043222919816076959e-17
4.148407322312285039e+00,1.934427789395842903e-19,2.045355088766890760e-17
4.146429064170981782e+00,1.936323839175654951e-19,2.047490646233135200e-17
4.144450806029679413e+00,1.938222705186468356e-19,2.049629600580264177e-17
4.142472547888376155e+00,1.940124393057135731e-19,2.051771960189911558e-17
4.140494289747073786e+00,1.942028908430688149e-19,2.053917733460030156e-17
4.138516031605770529e+00,1.943936256964377022e-19,2.056066928805031009e-17
4.136537773464468160e+00,1.945846444329721298e-19,2.058219554655916192e-17
4.134559515323164014e+00,1.947759476212545005e-19,2.060375619460421189e-17
4.132581257181861645e+00,1.949675358313028055e-19,2.062535131683150468e-17
4.130602999040559276e+00,1.951594096345743076e-19,2.064698099805716157e-17
4.128624740899256018e+00,1.953515696039705244e-19,2.066864532326875164e-17
4.126646482757952761e+00,1.955440163138411283e-19,2.069034437762669697e-17
4.124668224616649503e+00,1.957367503399888578e-19,2.071207824646562539e-17
4.122689966475347134e+00,1.959297722596734173e-19,2.073384701529576947e-17
4.120711708334043877e+00,1.961230826516165569e-19,2.075565076980432857e-17
4.118733450192741508e+00,1.963166820960059964e-19,2.077748959585690478e-17
4.116755192051438250e+00,1.965105711745002403e-19,2.079936357949887111e-17
4.114776933910135881e+00,1.967047504702329589e-19,2.082127280695665957e-17
4.112798675768831735e+00,1.968992205678175868e-19,2.084321736463932962e-17
4.110820417627529366e+00,1.970939820533516803e-19,2.086519733913982235e-17
4.108842159486226109e+00,1.972890355144217802e-19,2.088721281723638104e-17
4.106863901344922851e+00,1.974843815401076489e-19,2.090926388589399947e-17
4.104885643203620482e+00,1.976800207209871336e-19,2.093135063226573464e-17
4.102907385062317225e+00,1.978759536491405954e-19,2.095347314369414886e-17
4.100929126921014856e+00,1.980721809181555563e-19,2.097563150771267184e-17
4.098950868779711598e+00,1.982687031231314654e-19,2.099782581204707665e-17
4.096972610638409229e+00,1.984655208606841766e-19,2.102005614461675550e-17
4.094994352497105972e+00,1.986626347289506919e-19,2.104232259353624201e-17
4.093016094355802714e+00,1.988600453275939512e-19,2.106462524711655160e-17
4.091037836214499457e+00,1.990577532578073108e-19,2.108696419386657128e-17
4.089059578073197088e+00,1.992557591223195505e-19,2.110933952249447098e-17
4.087081319931893830e+00,1.994540635253992552e-19,2.113175132190917339e-17
4.085103061790590573e+00,1.996526670728599186e-19,2.115419968122172832e-17
4.083124803649288204e+00,1.998515703720646857e-19,2.117668468974663158e-17
4.081146545507984946e+00,2.000507740319307344e-19,2.119920643700335646e-17
4.079168287366682577e+00,2.002502786629346440e-19,2.122176501271773736e-17
4.077190029225379320e+00,2.004500848771168731e-19,2.124436050682335641e-17
4.075211771084076950e+00,2.006501932880865501e-19,2.126699300946301028e-17
4.073233512942773693e+00,2.008506045110266974e-19,2.128966261099002907e-17
4.071255254801470436e+00,2.010513191626987094e-19,2.131236940196980779e-17
4.069276996660167178e+00,2.012523378614475522e-19,2.133511347318118687e-17
4.067298738518864809e+00,2.014536612272064821e-19,2.135789491561789430e-17
4.065320480377560663e+00,2.016552898815020053e-19,2.138071382048990149e-17
4.063342222236258294e+00,2.018572244474589812e-19,2.140357027922498249e-17
4.061363964094955925e+00,2.020594655498053893e-19,2.142646438346998358e-17
4.059385705953652668e+00,2.022620138148774085e-19,2.144939622509241329e-17
4.057407447812350298e+00,2.024648698706244491e-19,2.147236589618176440e-17
4.055429189671047041e+00,2.026680343466141359e-19,2.149537348905102690e-17
4.053450931529744672e+00,2.028715078740372913e-19,2.151841909623809012e-17
4.051472673388440526e+00,2.030752910857132080e-19,2.154150281050716941e-17
4.049494415247138157e+00,2.032793846160944875e-19,2.156462472485027606e-17
4.047516157105834900e+00,2.034837891012720960e-19,2.158778493248876106e-17
4.045537898964531642e+00,2.036885051789808047e-19,2.161098352687452311e-17
4.043559640823228385e+00,2.038935334886041256e-19,2.163422060169172806e-17
4.041581382681926016e+00,2.040988746711793184e-19,2.165749625085805382e-17
4.039603124540623647e+00,2.043045293694029277e-19,2.168081056852632356e-17
4.037624866399319501e+00,2.045104982276354537e-19,2.170416364908581843e-17
4.035646608258018020e+00,2.047167818919072498e-19,2.172755558716387995e-17
4.033668350116714763e+00,2.049233810099230008e-19,2.175098647762721033e-17
4.031690091975411505e+00,2.051302962310676450e-19,2.177445641558354272e-17
4.029711833834108248e+00,2.053375282064110926e-19,2.179796549638291382e-17
4.027733575692805879e+00,2.055450775887138835e-19,2.182151381561930015e-17
4.025755317551502621e+00,2.057529450324323628e-19,2.184510146913200782e-17
4.023777059410199364e+00,2.059611311937240977e-19,2.186872855300717318e-17
4.021798801268896106e+00,2.061696367304527886e-19,2.189239516357926048e-17
4.019820543127593737e+00,2.063784623021944562e-19,2.191610139743256557e-17
4.017842284986290480e+00,2.065876085702420395e-19,2.193984735140269198e-17
4.015864026844987222e+00,2.067970761976111257e-19,2.196363312257794375e-17
4.013885768703684853e+00,2.070068658490455110e-19,2.198745880830108184e-17
4.011907510562382484e+00,2.072169781910224007e-19,2.201132450617052287e-17
4.009929252421079227e+00,2.074274138917580188e-19,2.203523031404208631e-17
4.007950994279775969e+00,2.076381736212129520e-19,2.205917633003037190e-17
4.005972736138473600e+00,2.078492580510978797e-19,2.208316265251028189e-17
4.003994477997169454e+00,2.080606678548787737e-19,2.210718938011862656e-17
4.002016219855867085e+00,2.082724037077829891e-19,2.213125661175552927e-17
4.000037961714563828e+00,2.084844662868040792e-19,2.215536444658605361e-17
3.998059703573261459e+00,2.086968562707080548e-19,2.217951298404159612e-17
3.996081445431957757e+00,2.089095743400386080e-19,2.220370232382160584e-17
3.994103187290654944e+00,2.091226211771229143e-19,2.222793256589497093e-17
3.992124929149352131e+00,2.093359974660772660e-19,2.225220381050166115e-17
3.990146671008049317e+00,2.095497038928125368e-19,2.227651615815414221e-17
3.988168412866746504e+00,2.097637411450402247e-19,2.230086970963906755e-17
3.986190154725443691e+00,2.099781099122779644e-19,2.232526456601874509e-17
3.984211896584140877e+00,2.101928108858550894e-19,2.234970082863274889e-17
3.982233638442837620e+00,2.104078447589188662e-19,2.237417859909940749e-17
3.980255380301534807e+00,2.106232122264397670e-19,2.239869797931746172e-17
3.978277122160231993e+00,2.108389139852175847e-19,2.242325907146760551e-17
3.976298864018928292e+00,2.110549507338871622e-19,2.244786197801396185e-17
3.974320605877625479e+00,2.112713231729242183e-19,2.247250680170589786e-17
3.972342347736322665e+00,2.114880320046511981e-19,2.249719364557928812e-17
3.970364089595019852e+00,2.117050779332431950e-19,2.252192261295846223e-17
3.968385831453717039e+00,2.119224616647338728e-19,2.254669380745750828e-17
3.966407573312414225e+00,2.121401839070213883e-19,2.257150733298201076e-17
3.964429315171111412e+00,2.123582453698742889e-19,2.259636329373065607e-17
3.962451057029807711e+00,2.125766467649376281e-19,2.262126179419684101e-17
3.960472798888504897e+00,2.127953888057387188e-19,2.264620293917024129e-17
3.958494540747202528e+00,2.130144722076934165e-19,2.267118683373842623e-17
3.956516282605899715e+00,2.132338976881119458e-19,2.269621358328862751e-17
3.954538024464596013e+00,2.134536659662051591e-19,2.272128329350920289e-17
3.952559766323293200e+00,2.136737777630905315e-19,2.274639607039135876e-17
3.950581508181990387e+00,2.138942338017981789e-19,2.277155202023080184e-17
3.948603250040687573e+00,2.141150348072771658e-19,2.279675124962934459e-17
3.946624991899384760e+00,2.143361815064015959e-19,2.282199386549657542e-17
3.944646733758081947e+00,2.145576746279767991e-19,2.284727997505162434e-17
3.942668475616778245e+00,2.147795149027453981e-19,2.287260968582461130e-17
3.940690217475475432e+00,2.150017030633936645e-19,2.289798310565851356e-17
3.938711959334172619e+00,2.152242398445579698e-19,2.292340034271086666e-17
3.936733701192869805e+00,2.154471259828305400e-19,2.294886150545520655e-17
3.934755443051566548e+00,2.156703622167663640e-19,2.297436670268306950e-17
3.932777184910263735e+00,2.158939492868890444e-19,2.299991604350547429e-17
3.930798926768960921e+00,2.161178879356972732e-19,2.302550963735478648e-17
3.928820668627658108e+00,2.163421789076713794e-19,2.305114759398624380e-17
3.926842410486355295e+00,2.165668229492794689e-19,2.307683002347990053e-17
3.924864152345052482e+00,2.167918208089840199e-19,2.310255703624216514e-17
3.922885894203749668e+00,2.170171732372483353e-19,2.312832874300765235e-17
3.920907636062445967e+00,2.172428809865427777e-19,2.315414525484091176e-17
3.918929377921143153e+00,2.174689448113515585e-19,2.318000668313807338e-17
3.916951119779840340e+00,2.176953654681790449e-19,2.320591313962879518e-17
3.914972861638537083e+00,2.179221437155563567e-19,2.323186473637785000e-17
3.912994603497234269e+00,2.181492803140481067e-19,2.325786158578694366e-17
3.911016345355931456e+00,2.183767760262586120e-19,2.328390380059659465e-17
3.909038087214628643e+00,2.186046316168388274e-19,2.330999149388778582e-17
3.907059829073324941e+00,2.188328478524929895e-19,2.333612477908387489e-17
3.905081570932023016e+00,2.190614255019850691e-19,2.336230376995223998e-17
3.903103312790720203e+00,2.192903653361456561e-19,2.338852858060633496e-17
3.901125054649416501e+00,2.195196681278785075e-19,2.341479932550727022e-17
3.899146796508113688e+00,2.197493346521674328e-19,2.344111611946576331e-17
3.897168538366810875e+00,2.199793656860830351e-19,2.346747907764397854e-17
3.895190280225508062e+00,2.202097620087894511e-19,2.349388831555730195e-17
3.893212022084204804e+00,2.204405244015512849e-19,2.352034394907630727e-17
3.891233763942901991e+00,2.206716536477401564e-19,2.354684609442850314e-17
3.889255505801599178e+00,2.209031505328421155e-19,2.357339486820024671e-17
3.887277247660295476e+00,2.211350158444639499e-19,2.359999038733873122e-17
3.885298989518992663e+00,2.213672503723405520e-19,2.362663276915360066e-17
3.883320731377690738e+00,2.215998549083415629e-19,2.365332213131923934e-17
3.881342473236387924e+00,2.218328302464785467e-19,2.368005859187629106e-17
3.879364215095084223e+00,2.220661771829120682e-19,2.370684226923390553e-17
3.877385956953781410e+00,2.222998965159582414e-19,2.373367328217142699e-17
3.875407698812478596e+00,2.225339890460965771e-19,2.376055174984045576e-17
3.873429440671174895e+00,2.227684555759762427e-19,2.378747779176675566e-17
3.871451182529872082e+00,2.230032969104240063e-19,2.381445152785224156e-17
3.869472924388569268e+00,2.232385138564504000e-19,2.384147307837694851e-17
3.867494666247266899e+00,2.234741072232578566e-19,2.386854256400099765e-17
3.865516408105963198e+00,2.237100778222474023e-19,2.389566010576652218e-17
3.863538149964660384e+00,2.239464264670256867e-19,2.392282582509979667e-17
3.861559891823357571e+00,2.241831539734129268e-19,2.395003984381323079e-17
3.859581633682054758e+00,2.244202611594493590e-19,2.397730228410719661e-17
3.857603375540751944e+00,2.246577488454033282e-19,2.400461326857238901e-17
3.855625117399449131e+00,2.248956178537779321e-19,2.403197292019156677e-17
3.853646859258146318e+00,2.251338690093189172e-19,2.405938136234180818e-17
3.851668601116842616e+00,2.253725031390217093e-19,2.408683871879648626e-17
3.849690342975539803e+00,2.256115210721391645e-19,2.411434511372742278e-17
3.847712084834236990e+00,2.258509236401886473e-19,2.414190067170685419e-17
3.845733826692933732e+00,2.260907116769598790e-19,2.416950551770970270e-17
3.843755568551630919e+00,2.263308860185221114e-19,2.419715977711553919e-17
3.841777310410328106e+00,2.265714475032320234e-19,2.422486357571087582e-17
3.839799052269025292e+00,2.268123969717408468e-19,2.425261703969108893e-17
3.837820794127722479e+00,2.270537352670023589e-19,2.428042029566285333e-17
3.835842535986419666e+00,2.272954632342804419e-19,2.430827347064604058e-17
3.833864277845116852e+00,2.275375817211564976e-19,2.433617669207607011e-17
3.831886019703813151e+00,2.277800915775372475e-19,2.436413008780609402e-17
3.829907761562510338e+00,2.280229936556626773e-19,2.439213378610911713e-17
3.827929503421207524e+00,2.282662888101134514e-19,2.442018791568029888e-17
3.825951245279904267e+00,2.285099778978189541e-19,2.444829260563916271e-17
3.823972987138601454e+00,2.287540617780648006e-19,2.447644798553183944e-17
3.821994728997298640e+00,2.289985413125010703e-19,2.450465418533337523e-17
3.820016470855995827e+00,2.292434173651497695e-19,2.453291133544994419e-17
3.818038212714693014e+00,2.294886908024129690e-19,2.456121956672120868e-17
3.816059954573390200e+00,2.297343624930806038e-19,2.458957901042259356e-17
3.814081696432087387e+00,2.299804333083388027e-19,2.461798979826764036e-17
3.812103438290783686e+00,2.302269041217771588e-19,2.464645206241026608e-17
3.810125180149480872e+00,2.304737758093974443e-19,2.467496593544727455e-17
3.808146922008178059e+00,2.307210492496213144e-19,2.470353155042059361e-17
3.806168663866875246e+00,2.309687253232985402e-19,2.473214904081966020e-17
3.804190405725571544e+00,2.312168049137149536e-19,2.476081854058396253e-17
3.802212147584268731e+00,2.314652889066007286e-19,2.478954018410531431e-17
3.800233889442966362e+00,2.317141781901386628e-19,2.481831410623034757e-17
3.798255631301663549e+00,2.319634736549719776e-19,2.484714044226301184e-17
3.796277373160360735e+00,2.322131761942132253e-19,2.487601932796698381e-17
3.794299115019057922e+00,2.324632867034518968e-19,2.490495089956819726e-17
3.792320856877755109e+00,2.327138060807631845e-19,2.493393529375729282e-17
3.790342598736451407e+00,2.329647352267160229e-19,2.496297264769223111e-17
3.788364340595148594e+00,2.332160750443817555e-19,2.499206309900077638e-17
3.786386082453845781e+00,2.334678264393423201e-19,2.502120678578306651e-17
3.784407824312542079e+00,2.337199903196988187e-19,2.505040384661423839e-17
3.782429566171239266e+00,2.339725675960798477e-19,2.507965442054693936e-17
3.780451308029936452e+00,2.342255591816502125e-19,2.510895864711406976e-17
3.778473049888633639e+00,2.344789659921193051e-19,2.513831666633129429e-17
3.776494791747331270e+00,2.347327889457498193e-19,2.516772861869979996e-17
3.774516533606028457e+00,2.349870289633661282e-19,2.519719464520889382e-17
3.772538275464725643e+00,2.352416869683630955e-19,2.522671488733883480e-17
3.770560017323421942e+00,2.354967638867149830e-19,2.525628948706335130e-17
3.768581759182119129e+00,2.357522606469836354e-19,2.528591858685260867e-17
3.766603501040816315e+00,2.360081781803275809e-19,2.531560232967579768e-17
3.764625242899513502e+00,2.362645174205108418e-19,2.534534085900397559e-17
3.762646984758209801e+00,2.365212793039116014e-19,2.537513431881297822e-17
3.760668726616906987e+00,2.367784647695311117e-19,2.540498285358603302e-17
3.758690468475604174e+00,2.370360747590024558e-19,2.543488660831678509e-17
3.756712210334300917e+00,2.372941102165999373e-19,2.546484572851216300e-17
3.754733952192998103e+00,2.375525720892474097e-19,2.549486036019514898e-17
3.752755694051695734e+00,2.378114613265274730e-19,2.552493064990783889e-17
3.750777435910393365e+00,2.380707788806909102e-19,2.555505674471432034e-17
3.748799177769089663e+00,2.383305257066652101e-19,2.558523879220365243e-17
3.746820919627786850e+00,2.385907027620641004e-19,2.561547694049286718e-17
3.744842661486484037e+00,2.388513110071960700e-19,2.564577133822994620e-17
3.742864403345180335e+00,2.391123514050744801e-19,2.567612213459697926e-17
3.740886145203877522e+00,2.393738249214258456e-19,2.570652947931313788e-17
3.738907887062574709e+00,2.396357325246997057e-19,2.573699352263770139e-17
3.736929628921271895e+00,2.398980751860776758e-19,2.576751441537338799e-17
3.734951370779968194e+00,2.401608538794826434e-19,2.579809230886934999e-17
3.732973112638665825e+00,2.404240695815883983e-19,2.582872735502433228e-17
3.730994854497363455e+00,2.406877232718289729e-19,2.585941970629003121e-17
3.729016596356060198e+00,2.409518159324078388e-19,2.589016951567417913e-17
3.727038338214757385e+00,2.412163485483076808e-19,2.592097693674382001e-17
3.725060080073454571e+00,2.414813221072997859e-19,2.595184212362866827e-17
3.723081821932150870e+00,2.417467375999534801e-19,2.598276523102442755e-17
3.721103563790848057e+00,2.420125960196459028e-19,2.601374641419606323e-17
3.719125305649545243e+00,2.422788983625716362e-19,2.604478582898121365e-17
3.717147047508242430e+00,2.425456456277521426e-19,2.607588363179362905e-17
3.715168789366938729e+00,2.428128388170456827e-19,2.610703997962663823e-17
3.713190531225635915e+00,2.430804789351569937e-19,2.613825503005648585e-17
3.711212273084333102e+00,2.433485669896471592e-19,2.616952894124600241e-17
3.709234014943030733e+00,2.436171039909432875e-19,2.620086187194800625e-17
3.707255756801727919e+00,2.438860909523482855e-19,2.623225398150897054e-17
3.705277498660425106e+00,2.441555288900512105e-19,2.626370542987257619e-17
3.703299240519122293e+00,2.444254188231366591e-19,2.629521637758332957e-17
3.701320982377818591e+00,2.446957617735951676e-19,2.632678698579032804e-17
3.699342724236515778e+00,2.449665587663330336e-19,2.635841741625080985e-17
3.697364466095212965e+00,2.452378108291821386e-19,2.639010783133406761e-17
3.695386207953909263e+00,2.455095189929109262e-19,2.642185839402509681e-17
3.693407949812606450e+00,2.457816842912333566e-19,2.645366926792847228e-17
3.691429691671303637e+00,2.460543077608201746e-19,2.648554061727214155e-17
3.689451433530000823e+00,2.463273904413082492e-19,2.651747260691141843e-17
3.687473175388698010e+00,2.466009333753113597e-19,2.654946540233280098e-17
3.685494917247395197e+00,2.468749376084306431e-19,2.658151916965800208e-17
3.683516659106092828e+00,2.471494041892645615e-19,2.661363407564785064e-17
3.681538400964789126e+00,2.474243341694191091e-19,2.664581028770659947e-17
3.679560142823486313e+00,2.476997286035190790e-19,2.667804797388557688e-17
3.677581884682183500e+00,2.479755885492177408e-19,2.671034730288778421e-17
3.675603626540880686e+00,2.482519150672077226e-19,2.674270844407171387e-17
3.673625368399576985e+00,2.485287092212316031e-19,2.677513156745569109e-17
3.671647110258274171e+00,2.488059720780923601e-19,2.680761684372217877e-17
3.669668852116971358e+00,2.490837047076640110e-19,2.684016444422194986e-17
3.667690593975668545e+00,2.493619081829026390e-19,2.687277454097853696e-17
3.665712335834365732e+00,2.496405835798566486e-19,2.690544730669254647e-17
3.663734077693062918e+00,2.499197319776778877e-19,2.693818291474614519e-17
3.661755819551760105e+00,2.501993544586325292e-19,2.697098153920743603e-17
3.659777561410456848e+00,2.504794521081114713e-19,2.700384335483514808e-17
3.657799303269154034e+00,2.507600260146419406e-19,2.703676853708302770e-17
3.655821045127851221e+00,2.510410772698977001e-19,2.706975726210459015e-17
3.653842786986547519e+00,2.513226069687108453e-19,2.710280970675775421e-17
3.651864528845244706e+00,2.516046162090822523e-19,2.713592604860948900e-17
3.649886270703941893e+00,2.518871060921927967e-19,2.716910646594069203e-17
3.647908012562639080e+00,2.521700777224147640e-19,2.720235113775095928e-17
3.645929754421336266e+00,2.524535322073226839e-19,2.723566024376341396e-17
3.643951496280033453e+00,2.527374706577050295e-19,2.726903396442976320e-17
3.641973238138730640e+00,2.530218941875748585e-19,2.730247248093509899e-17
3.639994979997427382e+00,2.533068039141817540e-19,2.733597597520310284e-17
3.638016721856124569e+00,2.535922009580227057e-19,2.736954462990101930e-17
3.636038463714821756e+00,2.538780864428540509e-19,2.740317862844481743e-17
3.634060205573518942e+00,2.541644614957022597e-19,2.743687815500450023e-17
3.632081947432215241e+00,2.544513272468763091e-19,2.747064339450922606e-17
3.630103689290912428e+00,2.547386848299784679e-19,2.750447453265270433e-17
3.628125431149610058e+00,2.550265353819162862e-19,2.753837175589854187e-17
3.626147173008306357e+00,2.553148800429141985e-19,2.757233525148574649e-17
3.624168914867003544e+00,2.556037199565252243e-19,2.760636520743414420e-17
3.622190656725700730e+00,2.558930562696429083e-19,2.764046181254999988e-17
3.620212398584397917e+00,2.561828901325125395e-19,2.767462525643163483e-17
3.618234140443094660e+00,2.564732226987439582e-19,2.770885572947509666e-17
3.616255882301792290e+00,2.567640551253223895e-19,2.774315342287997106e-17
3.614277624160489477e+00,2.570553885726212509e-19,2.777751852865516566e-17
3.612299366019185776e+00,2.573472242044136596e-19,2.781195123962482348e-17
3.610321107877882962e+00,2.576395631878847100e-19,2.784645174943422702e-17
3.608342849736580149e+00,2.579324066936435595e-19,2.788102025255593043e-17
3.606364591595276892e+00,2.582257558957355615e-19,2.791565694429576534e-17
3.604386333453974078e+00,2.585196119716543505e-19,2.795036202079909010e-17
3.602408075312671265e+00,2.588139761023541684e-19,2.798513567905698358e-17
3.600429817171368452e+00,2.591088494722623347e-19,2.801997811691261770e-17
3.598451559030065194e+00,2.594042332692915242e-19,2.805488953306759911e-17
3.596473300888762381e+00,2.597001286848517562e-19,2.808987012708846497e-17
3.594495042747459568e+00,2.599965369138636832e-19,2.812492009941325271e-17
3.592516784606156310e+00,2.602934591547703871e-19,2.816003965135811285e-17
3.590538526464853497e+00,2.605908966095501389e-19,2.819522898512397739e-17
3.588560268323550684e+00,2.608888504837292057e-19,2.823048830380345616e-17
3.586582010182247870e+00,2.611873219863945622e-19,2.826581781138759145e-17
3.584603752040944613e+00,2.614863123302060719e-19,2.830121771277292074e-17
3.582625493899641800e+00,2.617858227314098726e-19,2.833668821376838548e-17
3.580647235758338986e+00,2.620858544098510390e-19,2.837222952110265876e-17
3.578668977617035285e+00,2.623864085889861499e-19,2.840784184243114039e-17
3.576690719475732472e+00,2.626874864958968173e-19,2.844352538634342019e-17
3.574712461334430103e+00,2.629890893613019649e-19,2.847928036237061814e-17
3.572734203193127289e+00,2.632912184195716458e-19,2.851510698099286621e-17
3.570755945051824032e+00,2.635938749087396099e-19,2.855100545364693812e-17
3.568777686910521219e+00,2.638970600705165924e-19,2.858697599273379285e-17
3.566799428769218405e+00,2.642007751503035549e-19,2.862301881162653715e-17
3.564821170627915148e+00,2.645050213972048777e-19,2.865913412467820330e-17
3.562842912486612335e+00,2.648098000640418897e-19,2.869532214722963764e-17
3.560864654345309521e+00,2.651151124073662533e-19,2.873158309561777131e-17
3.558886396204006708e+00,2.654209596874729167e-19,2.876791718718355819e-17
3.556908138062703006e+00,2.657273431684144137e-19,2.880432464028044896e-17
3.554929879921400193e+00,2.660342641180134303e-19,2.884080567428267413e-17
3.552951621780097380e+00,2.663417238078774419e-19,2.887736050959376132e-17
3.550973363638794122e+00,2.666497235134118579e-19,2.891398936765510791e-17
3.548995105497491753e+00,2.669582645138334066e-19,2.895069247095479413e-17
3.547016847356188940e+00,2.672673480921847724e-19,2.898747004303621119e-17
3.545038589214886127e+00,2.675769755353476442e-19,2.902432230850723800e-17
3.543060331073582869e+00,2.678871481340571113e-19,2.906124949304909116e-17
3.541082072932280056e+00,2.681978671829154824e-19,2.909825182342563723e-17
3.539103814790977243e+00,2.685091339804062483e-19,2.913532952749257558e-17
3.537125556649673541e+00,2.688209498289080930e-19,2.917248283420698482e-17
3.535147298508370728e+00,2.691333160347093384e-19,2.920971197363667819e-17
3.533169040367067915e+00,2.694462339080217146e-19,2.924701717697005204e-17
3.531190782225765101e+00,2.697597047629952857e-19,2.928439867652577396e-17
3.529212524084461844e+00,2.700737299177317391e-19,2.932185670576263745e-17
3.527234265943159031e+00,2.703883106942999369e-19,2.935939149928987867e-17
3.525256007801856661e+00,2.707034484187495423e-19,2.939700329287703728e-17
3.523277749660552960e+00,2.710191444211257044e-19,2.943469232346439644e-17
3.521299491519250591e+00,2.713354000354839845e-19,2.947245882917359552e-17
3.519321233377947777e+00,2.716522165999045599e-19,2.951030304931796536e-17
3.517342975236644964e+00,2.719695954565069084e-19,2.954822522441349843e-17
3.515364717095341263e+00,2.722875379514650242e-19,2.958622559618955383e-17
3.513386458954038449e+00,2.726060454350220061e-19,2.962430440760004318e-17
3.511408200812735636e+00,2.729251192615043093e-19,2.966246190283450543e-17
3.509429942671432379e+00,2.732447607893379721e-19,2.970069832732946525e-17
3.507451684530129565e+00,2.735649713810626263e-19,2.973901392777990848e-17
3.505473426388826752e+00,2.738857524033467122e-19,2.977740895215097946e-17
3.503495168247523939e+00,2.742071052270029828e-19,2.981588364968971534e-17
3.501516910106220681e+00,2.745290312270036216e-19,2.985443827093705773e-17
3.499538651964918312e+00,2.748515317824951212e-19,2.989307306773992594e-17
3.497560393823615499e+00,2.751746082768141715e-19,2.993178829326353063e-17
3.495582135682311797e+00,2.754982620975026825e-19,2.997058420200385999e-17
3.493603877541008984e+00,2.758224946363232395e-19,3.000946104980031385e-17
3.491625619399706171e+00,2.761473072892751369e-19,3.004841909384842404e-17
3.489647361258402913e+00,2.764727014566093518e-19,3.008745859271291993e-17
3.487669103117100100e+00,2.767986785428446258e-19,3.012657980634089253e-17
3.485690844975797287e+00,2.771252399567828244e-19,3.016578299607509418e-17
3.483712586834494473e+00,2.774523871115255479e-19,3.020506842466745396e-17
3.481734328693191216e+00,2.777801214244888165e-19,3.024443635629290744e-17
3.479756070551888403e+00,2.781084443174201155e-19,3.028388705656314008e-17
3.477777812410585589e+00,2.784373572164138017e-19,3.032342079254085452e-17
3.475799554269282332e+00,2.787668615519273784e-19,3.036303783275390848e-17
3.473821296127979519e+00,2.790969587587975282e-19,3.040273844721000108e-17
3.471843037986676705e+00,2.794276502762565800e-19,3.044252290741119904e-17
3.469864779845373892e+00,2.797589375479485424e-19,3.048239148636894344e-17
3.467886521704070635e+00,2.800908220219458588e-19,3.052234445861916143e-17
3.465908263562767821e+00,2.804233051507652009e-19,3.056238210023759964e-17
3.463930005421465008e+00,2.807563883913844640e-19,3.060250468885534260e-17
3.461951747280161307e+00,2.810900732052594272e-19,3.064271250367462074e-17
3.459973489138858493e+00,2.814243610583401232e-19,3.068300582548477870e-17
3.457995230997556124e+00,2.817592534210875461e-19,3.072338493667853320e-17
3.456016972856253311e+00,2.820947517684908883e-19,3.076385012126836662e-17
3.454038714714950054e+00,2.824308575800837665e-19,3.080440166490326561e-17
3.452060456573647240e+00,2.827675723399617476e-19,3.084503985488560147e-17
3.450082198432344427e+00,2.831048975367990562e-19,3.088576498018834954e-17
3.448103940291040725e+00,2.834428346638655711e-19,3.092657733147243177e-17
3.446125682149738356e+00,2.837813852190446397e-19,3.096747720110439834e-17
3.444147424008435543e+00,2.841205507048494490e-19,3.100846488317439270e-17
3.442169165867132730e+00,2.844603326284409363e-19,3.104954067351425225e-17
3.440190907725829028e+00,2.848007325016451225e-19,3.109070486971594182e-17
3.438212649584526215e+00,2.851417518409701572e-19,3.113195777115031986e-17
3.436234391443223402e+00,2.854833921676245180e-19,3.117329967898599723e-17
3.434256133301920588e+00,2.858256550075344888e-19,3.121473089620867658e-17
3.432277875160617775e+00,2.861685418913610597e-19,3.125625172764054104e-17
3.430299617019314962e+00,2.865120543545191378e-19,3.129786247996022851e-17
3.428321358878012148e+00,2.868561939371939666e-19,3.133956346172272564e-17
3.426343100736708447e+00,2.872009621843603362e-19,3.138135498337987214e-17
3.424364842595405634e+00,2.875463606457995803e-19,3.142323735730097589e-17
3.422386584454103264e+00,2.878923908761183056e-19,3.146521089779380404e-17
3.420408326312799563e+00,2.882390544347664473e-19,3.150727592112582064e-17
3.418430068171496750e+00,2.885863528860553730e-19,3.154943274554583098e-17
3.416451810030193936e+00,2.889342877991763236e-19,3.159168169130576159e-17
3.414473551888891123e+00,2.892828607482188056e-19,3.163402308068305028e-17
3.412495293747588310e+00,2.896320733121894174e-19,3.167645723800305477e-17
3.410517035606285496e+00,2.899819270750298564e-19,3.171898448966192964e-17
3.408538777464982683e+00,2.903324236256360342e-19,3.176160516414990386e-17
3.406560519323678982e+00,2.906835645578766133e-19,3.180431959207474327e-17
3.404582261182376168e+00,2.910353514706121707e-19,3.184712810618568758e-17
3.402604003041073355e+00,2.913877859677135416e-19,3.189003104139767086e-17
3.400625744899770542e+00,2.917408696580814164e-19,3.193302873481591179e-17
3.398647486758467284e+00,2.920946041556651181e-19,3.197612152576088606e-17
3.396669228617164471e+00,2.924489910794820063e-19,3.201930975579360692e-17
3.394690970475861658e+00,2.928040320536361586e-19,3.206259376874134322e-17
3.392712712334558400e+00,2.931597287073386892e-19,3.210597391072368885e-17
3.390734454193255587e+00,2.935160826749261896e-19,3.214945053017906967e-17
3.388756196051952774e+00,2.938730955958810472e-19,3.219302397789142304e-17
3.386777937910649516e+00,2.942307691148504640e-19,3.223669460701763541e-17
3.384799679769346703e+00,2.945891048816666306e-19,3.228046277311504762e-17
3.382821421628043890e+00,2.949481045513661297e-19,3.232432883416958897e-17
3.380843163486741076e+00,2.953077697842100144e-19,3.236829315062414533e-17
3.378864905345437819e+00,2.956681022457036932e-19,3.241235608540755596e-17
3.376886647204135006e+00,2.960291036066172002e-19,3.245651800396381987e-17
3.374908389062832192e+00,2.963907755430047918e-19,3.250077927428193076e-17
3.372930130921528491e+00,2.967531197362259873e-19,3.254514026692598319e-17
3.370951872780225678e+00,2.971161378729651652e-19,3.258960135506588880e-17
3.368973614638923308e+00,2.974798316452523634e-19,3.263416291450833916e-17
3.366995356497620495e+00,2.978442027504837901e-19,3.267882532372847110e-17
3.365017098356317238e+00,2.982092528914422390e-19,3.272358896390188338e-17
3.363038840215014424e+00,2.985749837763177926e-19,3.276845421893701698e-17
3.361060582073711611e+00,2.989413971187288636e-19,3.281342147550819476e-17
3.359082323932408354e+00,2.993084946377428980e-19,3.285849112308914197e-17
3.357104065791105540e+00,2.996762780578972237e-19,3.290366355398686406e-17
3.355125807649802727e+00,3.000447491092205727e-19,3.294893916337611624e-17
3.353147549508499914e+00,3.004139095272534957e-19,3.299431834933442146e-17
3.351169291367196212e+00,3.007837610530704145e-19,3.303980151287758773e-17
3.349191033225893399e+00,3.011543054333006141e-19,3.308538905799564433e-17
3.347212775084591030e+00,3.015255444201495245e-19,3.313108139168950542e-17
3.345234516943287773e+00,3.018974797714207247e-19,3.317687892400800334e-17
3.343256258801984959e+00,3.022701132505371272e-19,3.322278206808556905e-17
3.341278000660682146e+00,3.026434466265631750e-19,3.326879124018058431e-17
3.339299742519379333e+00,3.030174816742261713e-19,3.331490685971393729e-17
3.337321484378076075e+00,3.033922201739387641e-19,3.336112934930857651e-17
3.335343226236773262e+00,3.037676639118207580e-19,3.340745913482939766e-17
3.333364968095470449e+00,3.041438146797209731e-19,3.345389664542383293e-17
3.331386709954166747e+00,3.045206742752402120e-19,3.350044231356298270e-17
3.329408451812863934e+00,3.048982445017527338e-19,3.354709657508342523e-17
3.327430193671561121e+00,3.052765271684293650e-19,3.359385986922958703e-17
3.325451935530258307e+00,3.056555240902599373e-19,3.364073263869682213e-17
3.323473677388955050e+00,3.060352370880756275e-19,3.368771532967492883e-17
3.321495419247652237e+00,3.064156679885722137e-19,3.373480839189283126e-17
3.319517161106349867e+00,3.067968186243323677e-19,3.378201227866314389e-17
3.317538902965046610e+00,3.071786908338491515e-19,3.382932744692814731e-17
3.315560644823743797e+00,3.075612864615488394e-19,3.387675435730597355e-17
3.313582386682440983e+00,3.079446073578140293e-19,3.392429347413772823e-17
3.311604128541138170e+00,3.083286553790073796e-19,3.397194526553521048e-17
3.309625870399834469e+00,3.087134323874940948e-19,3.401971020342937239e-17
3.307647612258531655e+00,3.090989402516665770e-19,3.406758876361947491e-17
3.305669354117228842e+00,3.094851808459671037e-19,3.411558142582300800e-17
3.303691095975925585e+00,3.098721560509121433e-19,3.416368867372640569e-17
3.301712837834622771e+00,3.102598677531157543e-19,3.421191099503647616e-17
3.299734579693319958e+00,3.106483178453138044e-19,3.426024888153244191e-17
3.297756321552017145e+00,3.110375082263880928e-19,3.430870282911913852e-17
3.295778063410713887e+00,3.114274408013901351e-19,3.435727333788057712e-17
3.293799805269411518e+00,3.118181174815658634e-19,3.440596091213465929e-17
3.291821547128108705e+00,3.122095401843796047e-19,3.445476606048844659e-17
3.289843288986805003e+00,3.126017108335390689e-19,3.450368929589448402e-17
3.287865030845502190e+00,3.129946313590194718e-19,3.455273113570775208e-17
3.285886772704199377e+00,3.133883036970886203e-19,3.460189210174362956e-17
3.283908514562896563e+00,3.137827297903312748e-19,3.465117272033667599e-17
3.281930256421593306e+00,3.141779115876749574e-19,3.470057352240022147e-17
3.279951998280290493e+00,3.145738510444141700e-19,3.475009504348697951e-17
3.277973740138987679e+00,3.149705501222360094e-19,3.479973782385042414e-17
3.275995481997684422e+00,3.153680107892453006e-19,3.484950240850724550e-17
3.274017223856381609e+00,3.157662350199902598e-19,3.489938934730054496e-17
3.272038965715078795e+00,3.161652247954877241e-19,3.494939919496416430e-17
3.270060707573775538e+00,3.165649821032491516e-19,3.499953251118782836e-17
3.268082449432472725e+00,3.169655089373059953e-19,3.504978986068336619e-17
3.266104191291169911e+00,3.173668072982360889e-19,3.510017181325186287e-17
3.264125933149867098e+00,3.177688791931891645e-19,3.515067894385173571e-17
3.262147675008563841e+00,3.181717266359133833e-19,3.520131183266812320e-17
3.260169416867261027e+00,3.185753516467814310e-19,3.525207106518292726e-17
3.258191158725958214e+00,3.189797562528169520e-19,3.530295723224608802e-17
3.256212900584654513e+00,3.193849424877210302e-19,3.535397093014802960e-17
3.254234642443351699e+00,3.197909123918989119e-19,3.540511276069296258e-17
3.252256384302049330e+00,3.201976680124863906e-19,3.545638333127338818e-17
3.250278126160746517e+00,3.206052114033774925e-19,3.550778325494577962e-17
3.248299868019443259e+00,3.210135446252506692e-19,3.555931315050721872e-17
3.246321609878140446e+00,3.214226697455962900e-19,3.561097364257340685e-17
3.244343351736837633e+00,3.218325888387439903e-19,3.566276536165756333e-17
3.242365093595533931e+00,3.222433039858899720e-19,3.571468894425073521e-17
3.240386835454231562e+00,3.226548172751243028e-19,3.576674503290314850e-17
3.238408577312928749e+00,3.230671308014590356e-19,3.581893427630695231e-17
3.236430319171625936e+00,3.234802466668557487e-19,3.587125732937986893e-17
3.234452061030322234e+00,3.238941669802533276e-19,3.592371485335042159e-17
3.232473802889019421e+00,3.243088938575961316e-19,3.597630751584435174e-17
3.230495544747716608e+00,3.247244294218623533e-19,3.602903599097204086e-17
3.228517286606413794e+00,3.251407758030919926e-19,3.608190095941776264e-17
3.226539028465110981e+00,3.255579351384156976e-19,3.613490310852961317e-17
3.224560770323808168e+00,3.259759095720827866e-19,3.618804313241140703e-17
3.222582512182505354e+00,3.263947012554908597e-19,3.624132173201542396e-17
3.220604254041201653e+00,3.268143123472134355e-19,3.629473961523693653e-17
3.218625995899899284e+00,3.272347450130300442e-19,3.634829749700973015e-17
3.216647737758596470e+00,3.276560014259549714e-19,3.640199609940347189e-17
3.214669479617292769e+00,3.280780837662661961e-19,3.645583615172220718e-17
3.212691221475989956e+00,3.285009942215352419e-19,3.650981839060435408e-17
3.210712963334687142e+00,3.289247349866565957e-19,3.656394356012436159e-17
3.208734705193384329e+00,3.293493082638771750e-19,3.661821241189565597e-17
3.206756447052081516e+00,3.297747162628267566e-19,3.667262570517523260e-17
3.204778188910778702e+00,3.302009612005469628e-19,3.672718420696970850e-17
3.202799930769475889e+00,3.306280453015224128e-19,3.678188869214309428e-17
3.200821672628172188e+00,3.310559707977102376e-19,3.683673994352594655e-17
3.198843414486869374e+00,3.314847399285707506e-19,3.689173875202623995e-17
3.196865156345566561e+00,3.319143549410983105e-19,3.694688591674194616e-17
3.194886898204264192e+00,3.323448180898516067e-19,3.700218224507512290e-17
3.192908640062960490e+00,3.327761316369842332e-19,3.705762855284774097e-17
3.190930381921657677e+00,3.332082978522763223e-19,3.711322566441929225e-17
3.188952123780354864e+00,3.336413190131656480e-19,3.716897441280601248e-17
3.186973865639051606e+00,3.340751974047781523e-19,3.722487563980190981e-17
3.184995607497748793e+00,3.345099353199603490e-19,3.728093019610155589e-17
3.183017349356445980e+00,3.349455350593101863e-19,3.733713894142473826e-17
3.181039091215143610e+00,3.353819989312092103e-19,3.739350274464281980e-17
3.179060833073839909e+00,3.358193292518543427e-19,3.745002248390711972e-17
3.177082574932537096e+00,3.362575283452896105e-19,3.750669904677898929e-17
3.175104316791234282e+00,3.366965985434390309e-19,3.756353333036184746e-17
3.173126058649931025e+00,3.371365421861383417e-19,3.762052624143537349e-17
3.171147800508628212e+00,3.375773616211676933e-19,3.767767869659126498e-17
3.169169542367325398e+00,3.380190592042846307e-19,3.773499162237136248e-17
3.167191284226021697e+00,3.384616372992563044e-19,3.779246595540739498e-17
3.165213026084719328e+00,3.389050982778930780e-19,3.785010264256328300e-17
3.163234767943416514e+00,3.393494445200812691e-19,3.790790264107892699e-17
3.161256509802113701e+00,3.397946784138167082e-19,3.796586691871660883e-17
3.159278251660810444e+00,3.402408023552380099e-19,3.802399645390918058e-17
3.157299993519507630e+00,3.406878187486602277e-19,3.808229223591057050e-17
3.155321735378204817e+00,3.411357300066089435e-19,3.814075526494846461e-17
3.153343477236901560e+00,3.415845385498536342e-19,3.819938655237915765e-17
3.151365219095598746e+00,3.420342468074424829e-19,3.825818712084464731e-17
3.149386960954295933e+00,3.424848572167360825e-19,3.831715800443218134e-17
3.147408702812993120e+00,3.429363722234424396e-19,3.837630024883578919e-17
3.145430444671689418e+00,3.433887942816508712e-19,3.843561491152047594e-17
3.143452186530386605e+00,3.438421258538676818e-19,3.849510306188864121e-17
3.141473928389084236e+00,3.442963694110503012e-19,3.855476578144891385e-17
3.139495670247780978e+00,3.447515274326430583e-19,3.861460416398743949e-17
3.137517412106478165e+00,3.452076024066119924e-19,3.867461931574171969e-17
3.135539153965175352e+00,3.456645968294808200e-19,3.873481235557676817e-17
3.133560895823872539e+00,3.461225132063661791e-19,3.879518441516406524e-17
3.131582637682569281e+00,3.465813540510133553e-19,3.885573663916278620e-17
3.129604379541266468e+00,3.470411218858330672e-19,3.891647018540411130e-17
3.127626121399963655e+00,3.475018192419365665e-19,3.897738622507755102e-17
3.125647863258659953e+00,3.479634486591729043e-19,3.903848594292049454e-17
3.123669605117357140e+00,3.484260126861650428e-19,3.909977053741024806e-17
3.121691346976054326e+00,3.488895138803462552e-19,3.916124122095888960e-17
3.119713088834751513e+00,3.493539548079978255e-19,3.922289922011077392e-17
3.117734830693448256e+00,3.498193380442855937e-19,3.928474577574314349e-17
3.115756572552145443e+00,3.502856661732970773e-19,3.934678214326938967e-17
3.113778314410843073e+00,3.507529417880793645e-19,3.940900959284528428e-17
3.111800056269539816e+00,3.512211674906764770e-19,3.947142940957816958e-17
3.109821798128237003e+00,3.516903458921670222e-19,3.953404289373917411e-17
3.107843539986934189e+00,3.521604796127027115e-19,3.959685136097839918e-17
3.105865281845631376e+00,3.526315712815461567e-19,3.965985614254322382e-17
3.103887023704327675e+00,3.531036235371090037e-19,3.972305858549963569e-17
3.101908765563024861e+00,3.535766390269912211e-19,3.978646005295685309e-17
3.099930507421722048e+00,3.540506204080192821e-19,3.985006192429499760e-17
3.097952249280418791e+00,3.545255703462851160e-19,3.991386559539616252e-17
3.095973991139115977e+00,3.550014915171859756e-19,3.997787247887850739e-17
3.093995732997813164e+00,3.554783866054624736e-19,4.004208400433406251e-17
3.092017474856510351e+00,3.559562583052394129e-19,4.010650161856945485e-17
3.090039216715207093e+00,3.564351093200647862e-19,4.017112678585042403e-17
3.088060958573904724e+00,3.569149423629497876e-19,4.023596098814964181e-17
3.086082700432601911e+00,3.573957601564093050e-19,4.030100572539787183e-17
3.084104442291298209e+00,3.578775654325016908e-19,4.036626251573911677e-17
3.082126184149995396e+00,3.583603609328696395e-19,4.043173289578882860e-17
3.080147926008692583e+00,3.588441494087811138e-19,4.049741842089611852e-17
3.078169667867389769e+00,3.593289336211695966e-19,4.056332066540971402e-17
3.076191409726086512e+00,3.598147163406760763e-19,4.062944122294724396e-17
3.074213151584783699e+00,3.603015003476896838e-19,4.069578170666880687e-17
3.072234893443480885e+00,3.607892884323895335e-19,4.076234374955401526e-17
3.070256635302177628e+00,3.612780833947866121e-19,4.082912900468308273e-17
3.068278377160874815e+00,3.617678880447656674e-19,4.089613914552188011e-17
3.066300119019572445e+00,3.622587052021270980e-19,4.096337586621093590e-17
3.064321860878269632e+00,3.627505376966297562e-19,4.103084088185838713e-17
3.062343602736965931e+00,3.632433883680333672e-19,4.109853592883721355e-17
3.060365344595663117e+00,3.637372600661413327e-19,4.116646276508653318e-17
3.058387086454360304e+00,3.642321556508436309e-19,4.123462317041700243e-17
3.056408828313057047e+00,3.647280779921604392e-19,4.130301894682060421e-17
3.054430570171754233e+00,3.652250299702854669e-19,4.137165191878479332e-17
3.052452312030451420e+00,3.657230144756291451e-19,4.144052393361078949e-17
3.050474053889147719e+00,3.662220344088635480e-19,4.150963686173643721e-17
3.048495795747845349e+00,3.667220926809654385e-19,4.157899259706376788e-17
3.046517537606542536e+00,3.672231922132614304e-19,4.164859305729045697e-17
3.044539279465239723e+00,3.677253359374718518e-19,4.171844018424674778e-17
3.042561021323936465e+00,3.682285267957566305e-19,4.178853594423619614e-17
3.040582763182633652e+00,3.687327677407590123e-19,4.185888232838170310e-17
3.038604505041330839e+00,3.692380617356515911e-19,4.192948135297610808e-17
3.036626246900027581e+00,3.697444117541819530e-19,4.200033505983752141e-17
3.034647988758724768e+00,3.702518207807178880e-19,4.207144551666991390e-17
3.032669730617421955e+00,3.707602918102935155e-19,4.214281481742811907e-17
3.030691472476119142e+00,3.712698278486556996e-19,4.221444508268831428e-17
3.028713214334815440e+00,3.717804319123101269e-19,4.228633846002347539e-17
3.026734956193512627e+00,3.722921070285682509e-19,4.235849712438382956e-17
3.024756698052209813e+00,3.728048562355938033e-19,4.243092327848263908e-17
3.022778439910907000e+00,3.733186825824505572e-19,4.250361915318732844e-17
3.020800181769604187e+00,3.738335891291490788e-19,4.257658700791595474e-17
3.018821923628301374e+00,3.743495789466948275e-19,4.264982913103863312e-17
3.016843665486998560e+00,3.748666551171354860e-19,4.272334784028532854e-17
3.014865407345694859e+00,3.753848207336096858e-19,4.279714548315851015e-17
3.012887149204392490e+00,3.759040789003949152e-19,4.287122443735136469e-17
3.010908891063089676e+00,3.764244327329561967e-19,4.294558711117239466e-17
3.008930632921785975e+00,3.769458853579949099e-19,4.302023594397503326e-17
3.006952374780483161e+00,3.774684399134983837e-19,4.309517340659342837e-17
3.004974116639180348e+00,3.779920995487884780e-19,4.317040200178422932e-17
3.002995858497877535e+00,3.785168674245716579e-19,4.324592426467397579e-17
3.001017600356574722e+00,3.790427467129889238e-19,4.332174276321313658e-17
2.999039342215271908e+00,3.795697405976654033e-19,4.339786009863549782e-17
2.997061084073969095e+00,3.800978522737614374e-19,4.347427890592442904e-17
2.995082825932665394e+00,3.806270849480226538e-19,4.355100185428523219e-17
2.993104567791362580e+00,3.811574418388313901e-19,4.362803164762349327e-17
2.991126309650059767e+00,3.816889261762570080e-19,4.370537102503042288e-17
2.989148051508757398e+00,3.822215412021083752e-19,4.378302276127429804e-17
2.987169793367453696e+00,3.827552901699849508e-19,4.386098966729869568e-17
2.985191535226150883e+00,3.832901763453285444e-19,4.393927459072730197e-17
2.983213277084848070e+00,3.838262030054760868e-19,4.401788041637558108e-17
2.981235018943544812e+00,3.843633734397119670e-19,4.409681006676906909e-17
2.979256760802241999e+00,3.849016909493205620e-19,4.417606650266886014e-17
2.977278502660939630e+00,3.854411588476392963e-19,4.425565272360395196e-17
2.975300244519636816e+00,3.859817804601124233e-19,4.433557176841054940e-17
2.973321986378333115e+00,3.865235591243443734e-19,4.441582671577884978e-17
2.971343728237030302e+00,3.870664981901531510e-19,4.449642068480688491e-17
2.969365470095727488e+00,3.876106010196251748e-19,4.457735683556143198e-17
2.967387211954424231e+00,3.881558709871695410e-19,4.465863836964719523e-17
2.965408953813121418e+00,3.887023114795725754e-19,4.474026853078253260e-17
2.963430695671818604e+00,3.892499258960527706e-19,4.482225060538341624e-17
2.961452437530515791e+00,3.897987176483166376e-19,4.490458792315496105e-17
2.959474179389212534e+00,3.903486901606136434e-19,4.498728385769052761e-17
2.957495921247909720e+00,3.908998468697923515e-19,4.507034182707907106e-17
2.955517663106606907e+00,3.914521912253567076e-19,4.515376529452024925e-17
2.953539404965303650e+00,3.920057266895223726e-19,4.523755776894758590e-17
2.951561146824000836e+00,3.925604567372735378e-19,4.532172280565992910e-17
2.949582888682698023e+00,3.931163848564198361e-19,4.540626400696109419e-17
2.947604630541395210e+00,3.936735145476540717e-19,4.549118502280791924e-17
2.945626372400091952e+00,3.942318493246094203e-19,4.557648955146668969e-17
2.943648114258789139e+00,3.947913927139176401e-19,4.566218134017835770e-17
2.941669856117486326e+00,3.953521482552674761e-19,4.574826418583200128e-17
2.939691597976182624e+00,3.959141195014628708e-19,4.583474193564771286e-17
2.937713339834879811e+00,3.964773100184822350e-19,4.592161848786752433e-17
2.935735081693577442e+00,3.970417233855375256e-19,4.600889779245603879e-17
2.933756823552274184e+00,3.976073631951334199e-19,4.609658385180972744e-17
2.931778565410971371e+00,3.981742330531276452e-19,4.618468072147553870e-17
2.929800307269668558e+00,3.987423365787909235e-19,4.627319251087869025e-17
2.927822049128365300e+00,3.993116774048673013e-19,4.636212338406014295e-17
2.925843790987062931e+00,3.998822591776351050e-19,4.645147756042314683e-17
2.923865532845759674e+00,4.004540855569680895e-19,4.654125931548972169e-17
2.921887274704456861e+00,4.010271602163963937e-19,4.663147298166675814e-17
2.919909016563153603e+00,4.016014868431692295e-19,4.672212294902212114e-17
2.917930758421850346e+00,4.021770691383158378e-19,4.681321366607021989e-17
2.915952500280547532e+00,4.027539108167088029e-19,4.690474964056815335e-17
2.913974242139244719e+00,4.033320156071263086e-19,4.699673544032192611e-17
2.911995983997941906e+00,4.039113872523155976e-19,4.708917569400275300e-17
2.910017725856639093e+00,4.044920295090557565e-19,4.718207509197376069e-17
2.908039467715335835e+00,4.050739461482223311e-19,4.727543838712762856e-17
2.906061209574033022e+00,4.056571409548505929e-19,4.736927039573447236e-17
2.904082951432730209e+00,4.062416177282005394e-19,4.746357599830047626e-17
2.902104693291427395e+00,4.068273802818215574e-19,4.755836014043780912e-17
2.900126435150124138e+00,4.074144324436171818e-19,4.765362783374507961e-17
2.898148177008821325e+00,4.080027780559113482e-19,4.774938415669921123e-17
2.896169918867518067e+00,4.085924209755132965e-19,4.784563425555862024e-17
2.894191660726215254e+00,4.091833650737843524e-19,4.794238334527741303e-17
2.892213402584912441e+00,4.097756142367046129e-19,4.803963671043168137e-17
2.890235144443609183e+00,4.103691723649390539e-19,4.813739970615669384e-17
2.888256886302306370e+00,4.109640433739058521e-19,4.823567775909670280e-17
2.886278628161003557e+00,4.115602311938431675e-19,4.833447636836583865e-17
2.884300370019700743e+00,4.121577397698771277e-19,4.843380110652159500e-17
2.882322111878397930e+00,4.127565730620910178e-19,4.853365762055038090e-17
2.880343853737094673e+00,4.133567350455929282e-19,4.863405163286506634e-17
2.878365595595791859e+00,4.139582297105860028e-19,4.873498894231523567e-17
2.876387337454488602e+00,4.145610610624364249e-19,4.883647542521021083e-17
2.874409079313185789e+00,4.151652331217449649e-19,4.893851703635406144e-17
2.872430821171882975e+00,4.157707499244154957e-19,4.904111981009438929e-17
2.870452563030580162e+00,4.163776155217270702e-19,4.914428986138337085e-17
2.868474304889276905e+00,4.169858339804040255e-19,4.924803338685216736e-17
2.866496046747973647e+00,4.175954093826875311e-19,4.935235666589881948e-17
2.864517788606671278e+00,4.182063458264075705e-19,4.945726606178927524e-17
2.862539530465368021e+00,4.188186474250546820e-19,4.956276802277197655e-17
2.860561272324065651e+00,4.194323183078529517e-19,4.966886908320640486e-17
2.858583014182762394e+00,4.200473626198327170e-19,4.977557586470519764e-17
2.856604756041459137e+00,4.206637845219037042e-19,4.988289507729050139e-17
2.854626497900156323e+00,4.212815881909292246e-19,4.999083352056422831e-17
2.852648239758853066e+00,4.219007778197999860e-19,5.009939808489275282e-17
2.850669981617550253e+00,4.225213576175084815e-19,5.020859575260621430e-17
2.848691723476247439e+00,4.231433318092242936e-19,5.031843359921220427e-17
2.846713465334944626e+00,4.237667046363697833e-19,5.042891879462418921e-17
2.844735207193641369e+00,4.243914803566946713e-19,5.054005860440500806e-17
2.842756949052338555e+00,4.250176632443532201e-19,5.065186039102547507e-17
2.840778690911035742e+00,4.256452575899805007e-19,5.076433161513798349e-17
2.838800432769732929e+00,4.262742677007698149e-19,5.087747983686574457e-17
2.836822174628430115e+00,4.269046979005493955e-19,5.099131271710756356e-17
2.834843916487126858e+00,4.275365525298608879e-19,5.110583801885808468e-17
2.832865658345824045e+00,4.281698359460373985e-19,5.122106360854426325e-17
2.830887400204520787e+00,4.288045525232823616e-19,5.133699745737772595e-17
2.828909142063217974e+00,4.294407066527486467e-19,5.145364764272323500e-17
2.826930883921915161e+00,4.300783027426178107e-19,5.157102234948373062e-17
2.824952625780611903e+00,4.307173452181810352e-19,5.168912987150193354e-17
2.822974367639309090e+00,4.313578385219186673e-19,5.180797861297850117e-17
2.820996109498005833e+00,4.319997871135817343e-19,5.192757708990712586e-17
2.819017851356703019e+00,4.326431954702729779e-19,5.204793393152688323e-17
2.817039593215400650e+00,4.332880680865289463e-19,5.216905788179162743e-17
2.815061335074097393e+00,4.339344094744021835e-19,5.229095780085694458e-17
2.813083076932794580e+00,4.345822241635440444e-19,5.241364266658449824e-17
2.811104818791491322e+00,4.352315167012876058e-19,5.253712157606445079e-17
2.809126560650188509e+00,4.358822916527315410e-19,5.266140374715566510e-17
2.807148302508885696e+00,4.365345536008246199e-19,5.278649852004389580e-17
2.805170044367582438e+00,4.371883071464496791e-19,5.291241535881882707e-17
2.803191786226279625e+00,4.378435569085087486e-19,5.303916385306895829e-17
2.801213528084976367e+00,4.385003075240091406e-19,5.316675371949558882e-17
2.799235269943673554e+00,4.391585636481491534e-19,5.329519480354571694e-17
2.797257011802370741e+00,4.398183299544041605e-19,5.342449708106369887e-17
2.795278753661067928e+00,4.404796111346143364e-19,5.355467065996253685e-17
2.793300495519765114e+00,4.411424118990718057e-19,5.368572578191424790e-17
2.791322237378461857e+00,4.418067369766085610e-19,5.381767282406032989e-17
2.789343979237159044e+00,4.424725911146845744e-19,5.395052230074142539e-17
2.787365721095855786e+00,4.431399790794774500e-19,5.408428486524777320e-17
2.785387462954552973e+00,4.438089056559716901e-19,5.421897131158929514e-17
2.783409204813250160e+00,4.444793756480481551e-19,5.435459257628645202e-17
2.781430946671947346e+00,4.451513938785751598e-19,5.449115974018146831e-17
2.779452688530644089e+00,4.458249651894990884e-19,5.462868403027059099e-17
2.777474430389340831e+00,4.465000944419357799e-19,5.476717682155738883e-17
2.775496172248038018e+00,4.471767865162627802e-19,5.490664963892708593e-17
2.773517914106735205e+00,4.478550463122120757e-19,5.504711415904262585e-17
2.771539655965432836e+00,4.485348787489624413e-19,5.518858221226199187e-17
2.769561397824129578e+00,4.492162887652337149e-19,5.533106578457793588e-17
2.767583139682826765e+00,4.498992813193802053e-19,5.547457701957911736e-17
2.765604881541523508e+00,4.505838613894861213e-19,5.561912822043406393e-17
2.763626623400220694e+00,4.512700339734601357e-19,5.576473185189743570e-17
2.761648365258917881e+00,4.519578040891311996e-19,5.591140054233888918e-17
2.759670107117614624e+00,4.526471767743450319e-19,5.605914708579484908e-17
2.757691848976311810e+00,4.533381570870606082e-19,5.620798444404382878e-17
2.755713590835008553e+00,4.540307501054477095e-19,5.635792574870441821e-17
2.753735332693705740e+00,4.547249609279847588e-19,5.650898430335757855e-17
2.751757074552402926e+00,4.554207946735573331e-19,5.666117358569203573e-17
2.749778816411100113e+00,4.561182564815571557e-19,5.681450724967427658e-17
2.747800558269797300e+00,4.568173515119813782e-19,5.696899912774239560e-17
2.745822300128494042e+00,4.575180849455334989e-19,5.712466323302469233e-17
2.743844041987191229e+00,4.582204619837231265e-19,5.728151376158268643e-17
2.741865783845888416e+00,4.589244878489681501e-19,5.743956509467917900e-17
2.739887525704585158e+00,4.596301677846959472e-19,5.759883180107170548e-17
2.737909267563282345e+00,4.603375070554463246e-19,5.775932863933078829e-17
2.735931009421979088e+00,4.610465109469742664e-19,5.792107056018451771e-17
2.733952751280676274e+00,4.617571847663539348e-19,5.808407270888829006e-17
2.731974493139373461e+00,4.624695338420822849e-19,5.824835042762131781e-17
2.729996234998070648e+00,4.631835635241847016e-19,5.841391925790875305e-17
2.728017976856767390e+00,4.638992791843198671e-19,5.858079494307097731e-17
2.726039718715464577e+00,4.646166862158856865e-19,5.874899343069923202e-17
2.724061460574161764e+00,4.653357900341272365e-19,5.891853087515876040e-17
2.722083202432858506e+00,4.660565960762416323e-19,5.908942364011861043e-17
2.720104944291556137e+00,4.667791098014883832e-19,5.926168830110963963e-17
2.718126686150252880e+00,4.675033366912966668e-19,5.943534164810968618e-17
2.716148428008950066e+00,4.682292822493744335e-19,5.961040068815732391e-17
2.714170169867646809e+00,4.689569520018191467e-19,5.978688264799321521e-17
2.712191911726343552e+00,4.696863514972265021e-19,5.996480497673072558e-17
2.710213653585040738e+00,4.704174863068032871e-19,6.014418534855464152e-17
2.708235395443737925e+00,4.711503620244778326e-19,6.032504166544929797e-17
2.706257137302435112e+00,4.718849842670131618e-19,6.050739205995599241e-17
2.704278879161132298e+00,4.726213586741194641e-19,6.069125489795947566e-17
2.702300621019829485e+00,4.733594909085680143e-19,6.087664878150485099e-17
2.700322362878526228e+00,4.740993866563052835e-19,6.106359255164401843e-17
2.698344104737223415e+00,4.748410516265683988e-19,6.125210529131265048e-17
2.696365846595920601e+00,4.755844915520002177e-19,6.144220632823757599e-17
2.694387588454617344e+00,4.763297121887661358e-19,6.163391523787526235e-17
2.692409330313314531e+00,4.770767193166707976e-19,6.182725184638097699e-17
2.690431072172011273e+00,4.778255187392759644e-19,6.202223623360957735e-17
2.688452814030708460e+00,4.785761162840186690e-19,6.221888873614785514e-17
2.686474555889405647e+00,4.793285178023308169e-19,6.241722995037871868e-17
2.684496297748102389e+00,4.800827291697586896e-19,6.261728073557737331e-17
2.682518039606799576e+00,4.808387562860828340e-19,6.281906221704030119e-17
2.680539781465496763e+00,4.815966050754403592e-19,6.302259578924649815e-17
2.678561523324193949e+00,4.823562814864463656e-19,6.322790311905206451e-17
2.676583265182891136e+00,4.831177914923159536e-19,6.343500614891734877e-17
2.674605007041587879e+00,4.838811410909888305e-19,6.364392710016860392e-17
2.672626748900285065e+00,4.846463363052522813e-19,6.385468847629252950e-17
2.670648490758981808e+00,4.854133831828660655e-19,6.406731306626523989e-17
2.668670232617678995e+00,4.861822877966891430e-19,6.428182394791565913e-17
2.666691974476376181e+00,4.869530562448047634e-19,6.449824449132308314e-17
2.664713716335073368e+00,4.877256946506473847e-19,6.471659836225022848e-17
2.662735458193770111e+00,4.885002091631316145e-19,6.493690952561099092e-17
2.660757200052466853e+00,4.892766059567796101e-19,6.515920224897386296e-17
2.658778941911164484e+00,4.900548912318511748e-19,6.538350110610104742e-17
2.656800683769861227e+00,4.908350712144731812e-19,6.560983098052352570e-17
2.654822425628558857e+00,4.916171521567711112e-19,6.583821706915246303e-17
2.652844167487255600e+00,4.924011403370001165e-19,6.606868488592729571e-17
2.650865909345952787e+00,4.931870420596778105e-19,6.630126026550068532e-17
2.648887651204649529e+00,4.939748636557169658e-19,6.653596936696043840e-17
2.646909393063346272e+00,4.947646114825608101e-19,6.677283867758908191e-17
2.644931134922043459e+00,4.955562919243152418e-19,6.701189501666119320e-17
2.642952876780740645e+00,4.963499113918874963e-19,6.725316553927868139e-17
2.640974618639437832e+00,4.971454763231209620e-19,6.749667774024446426e-17
2.638996360498134575e+00,4.979429931829316316e-19,6.774245945797467597e-17
2.637018102356831761e+00,4.987424684634485027e-19,6.799053887844999738e-17
2.635039844215528948e+00,4.995439086841495487e-19,6.824094453920604735e-17
2.633061586074226135e+00,5.003473203920041409e-19,6.849370533336324161e-17
2.631083327932923321e+00,5.011527101616120048e-19,6.874885051369677279e-17
2.629105069791620064e+00,5.019600845953449679e-19,6.900640969674619354e-17
2.627126811650317251e+00,5.027694503234894793e-19,6.926641286696605756e-17
2.625148553509013993e+00,5.035808140043892243e-19,6.952889038091668149e-17
2.623170295367711180e+00,5.043941823245892802e-19,6.979387297149632203e-17
2.621192037226408367e+00,5.052095619989818132e-19,7.006139175221446015e-17
2.619213779085105109e+00,5.060269597709504269e-19,7.033147822150682092e-17
2.617235520943802296e+00,5.068463824125171102e-19,7.060416426709220297e-17
2.615257262802499039e+00,5.076678367244911124e-19,7.087948217037190647e-17
2.613279004661196669e+00,5.084913295366149283e-19,7.115746461087103236e-17
2.611300746519893856e+00,5.093168677077153872e-19,7.143814467072327984e-17
2.609322488378590599e+00,5.101444581258535872e-19,7.172155583919857657e-17
2.607344230237287785e+00,5.109741077084751170e-19,7.200773201727408388e-17
2.605365972095984528e+00,5.118058234025633604e-19,7.229670752224939050e-17
2.603387713954681715e+00,5.126396121847907780e-19,7.258851709240520461e-17
2.601409455813378901e+00,5.134754810616746186e-19,7.288319589170697397e-17
2.599431197672076088e+00,5.143134370697304157e-19,7.318077951455294108e-17
2.597452939530772831e+00,5.151534872756278917e-19,7.348130399056699089e-17
2.595474681389469573e+00,5.159956387763486916e-19,7.378480578943741265e-17
2.593496423248166760e+00,5.168398986993425757e-19,7.409132182580077475e-17
2.591518165106863947e+00,5.176862742026869831e-19,7.440088946417191094e-17
2.589539906965561133e+00,5.185347724752465949e-19,7.471354652392012889e-17
2.587561648824258320e+00,5.193854007368332825e-19,7.502933128429226969e-17
2.585583390682955507e+00,5.202381662383687530e-19,7.534828248948218684e-17
2.583605132541652250e+00,5.210930762620455561e-19,7.567043935374774182e-17
2.581626874400348992e+00,5.219501381214923296e-19,7.599584156657532856e-17
2.579648616259046623e+00,5.228093591619372142e-19,7.632452929789188972e-17
2.577670358117743366e+00,5.236707467603738685e-19,7.665654320332575615e-17
2.575692099976440552e+00,5.245343083257274848e-19,7.699192442951505213e-17
2.573713841835137295e+00,5.254000512990236924e-19,7.733071461946563867e-17
2.571735583693834037e+00,5.262679831535557289e-19,7.767295591795781819e-17
2.569757325552531224e+00,5.271381113950554624e-19,7.801869097700240477e-17
2.567779067411228855e+00,5.280104435618627772e-19,7.836796296134673897e-17
2.565800809269926042e+00,5.288849872250986187e-19,7.872081555403051204e-17
2.563822551128622784e+00,5.297617499888368824e-19,7.907729296199201539e-17
2.561844292987319971e+00,5.306407394902792886e-19,7.943743992172535802e-17
2.559866034846016714e+00,5.315219633999295825e-19,7.980130170498804771e-17
2.557887776704713900e+00,5.324054294217701423e-19,8.016892412456073567e-17
2.555909518563411087e+00,5.332911452934388755e-19,8.054035354005749756e-17
2.553931260422107830e+00,5.341791187864078492e-19,8.091563686378935036e-17
2.551953002280805016e+00,5.350693577061624978e-19,8.129482156667886021e-17
2.549974744139501759e+00,5.359618698923817934e-19,8.167795568422801080e-17
2.547996485998198946e+00,5.368566632191211137e-19,8.206508782253872814e-17
2.546018227856896132e+00,5.377537455949935672e-19,8.245626716438673973e-17
2.544039969715593319e+00,5.386531249633546909e-19,8.285154347534889144e-17
2.542061711574290506e+00,5.395548093024879166e-19,8.325096710998398364e-17
2.540083453432987248e+00,5.404588066257899421e-19,8.365458901806860569e-17
2.538105195291684435e+00,5.413651249819585092e-19,8.406246075088631719e-17
2.536126937150381622e+00,5.422737724551814337e-19,8.447463446757272744e-17
2.534148679009078808e+00,5.431847571653259245e-19,8.489116294151468576e-17
2.532170420867775551e+00,5.440980872681295393e-19,8.531209956680565357e-17
2.530192162726472294e+00,5.450137709553926813e-19,8.573749836475628433e-17
2.528213904585169480e+00,5.459318164551716741e-19,8.616741399046144413e-17
2.526235646443866667e+00,5.468522320319734727e-19,8.660190173942315497e-17
2.524257388302563854e+00,5.477750259869519159e-19,8.704101755423043476e-17
2.522279130161260596e+00,5.487002066581040752e-19,8.748481803129621874e-17
2.520300872019957783e+00,5.496277824204689139e-19,8.793336042765132543e-17
2.518322613878654970e+00,5.505577616863272955e-19,8.838670266779597243e-17
2.516344355737351712e+00,5.514901529054017985e-19,8.884490335060951999e-17
2.514366097596049343e+00,5.524249645650602873e-19,8.930802175631809735e-17
2.512387839454746086e+00,5.533622051905176536e-19,8.977611785352074024e-17
2.510409581313443272e+00,5.543018833450420832e-19,9.024925230627460677e-17
2.508431323172140015e+00,5.552440076301597824e-19,9.072748648123892641e-17
2.506453065030836758e+00,5.561885866858633639e-19,9.121088245487870525e-17
2.504474806889533944e+00,5.571356291908195579e-19,9.169950302072785459e-17
2.502496548748231131e+00,5.580851438625796202e-19,9.219341169671285236e-17
2.500518290606928318e+00,5.590371394577906070e-19,9.269267273253568000e-17
2.498540032465625504e+00,5.599916247724083821e-19,9.319735111711867259e-17
2.496561774324322691e+00,5.609486086419108177e-19,9.370751258610933475e-17
2.494583516183019434e+00,5.619080999415137877e-19,9.422322362944655210e-17
2.492605258041716620e+00,5.628701075863875453e-19,9.474455149898888855e-17
2.490626999900413807e+00,5.638346405318757983e-19,9.527156421620351493e-17
2.488648741759110550e+00,5.648017077737138199e-19,9.580433057991839439e-17
2.486670483617807736e+00,5.657713183482505090e-19,9.634292017413623319e-17
2.484692225476504479e+00,5.667434813326707384e-19,9.688740337591087474e-17
2.482713967335201666e+00,5.677182058452183780e-19,9.743785136328736947e-17
2.480735709193898852e+00,5.686955010454221094e-19,9.799433612330472219e-17
2.478757451052595595e+00,5.696753761343227825e-19,9.855693046006183466e-17
2.476779192911292782e+00,5.706578403547002899e-19,9.912570800284806071e-17
2.474800934769989968e+00,5.716429029913040041e-19,9.970074321433743724e-17
2.472822676628687155e+00,5.726305733710839860e-19,1.002821113988469979e-16
2.470844418487384342e+00,5.736208608634234440e-19,1.008698887106598227e-16
2.468866160346081084e+00,5.746137748803727349e-19,1.014641521624135259e-16
2.466887902204778271e+00,5.756093248768853866e-19,1.020649796335528266e-16
2.464909644063475014e+00,5.766075203510550835e-19,1.026724498788483594e-16
2.462931385922172201e+00,5.776083708443543859e-19,1.032866425369813048e-16
2.460953127780869387e+00,5.786118859418749892e-19,1.039076381391929661e-16
2.458974869639566574e+00,5.796180752725698141e-19,1.045355181180014474e-16
2.456996611498263317e+00,5.806269485094968286e-19,1.051703648159846717e-16
2.455018353356960059e+00,5.816385153700625821e-19,1.058122614946295875e-16
2.453040095215657690e+00,5.826527856162706505e-19,1.064612923432490584e-16
2.451061837074354877e+00,5.836697690549692145e-19,1.071175424879653125e-16
2.449083578933052063e+00,5.846894755380999856e-19,1.077810980007611104e-16
2.447105320791748806e+00,5.857119149629511775e-19,1.084520459085992486e-16
2.445127062650445993e+00,5.867370972724102844e-19,1.091304742026083762e-16
2.443148804509142735e+00,5.877650324552183032e-19,1.098164718473389221e-16
2.441170546367839478e+00,5.887957305462263644e-19,1.105101287900860498e-16
2.439192288226537109e+00,5.898292016266544803e-19,1.112115359702819099e-16
2.437214030085233851e+00,5.908654558243513529e-19,1.119207853289563868e-16
2.435235771943931038e+00,5.919045033140553379e-19,1.126379698182673649e-16
2.433257513802627781e+00,5.929463543176585855e-19,1.133631834111000803e-16
2.431279255661324967e+00,5.939910191044711820e-19,1.140965211107357584e-16
2.429300997520022154e+00,5.950385079914892389e-19,1.148380789605905446e-16
2.427322739378719341e+00,5.960888313436620199e-19,1.155879540540239552e-16
2.425344481237416527e+00,5.971419995741634001e-19,1.163462445442177077e-16
2.423366223096113270e+00,5.981980231446640006e-19,1.171130496541247121e-16
2.421387964954810457e+00,5.992569125656039959e-19,1.178884696864892060e-16
2.419409706813507199e+00,6.003186783964706405e-19,1.186726060339365819e-16
2.417431448672204386e+00,6.013833312460743513e-19,1.194655611891353700e-16
2.415453190530901573e+00,6.024508817728293153e-19,1.202674387550295775e-16
2.413474932389598315e+00,6.035213406850339050e-19,1.210783434551423956e-16
2.411496674248295502e+00,6.045947187411545606e-19,1.218983811439522347e-16
2.409518416106992245e+00,6.056710267501105387e-19,1.227276588173391902e-16
2.407540157965689875e+00,6.067502755715614535e-19,1.235662846231040839e-16
2.405561899824387062e+00,6.078324761161952035e-19,1.244143678715598334e-16
2.403583641683083805e+00,6.089176393460196538e-19,1.252720190461940416e-16
2.401605383541780991e+00,6.100057762746553767e-19,1.261393498144048509e-16
2.399627125400477734e+00,6.110968979676305124e-19,1.270164730383088064e-16
2.397648867259174921e+00,6.121910155426763026e-19,1.279035027856214905e-16
2.395670609117872107e+00,6.132881401700285948e-19,1.288005543406108082e-16
2.393692350976569294e+00,6.143882830727247243e-19,1.297077442151233139e-16
2.391714092835266037e+00,6.154914555269105079e-19,1.306251901596835593e-16
2.389735834693962779e+00,6.165976688621418439e-19,1.315530111746668039e-16
2.387757576552659966e+00,6.177069344616929576e-19,1.324913275215444982e-16
2.385779318411357153e+00,6.188192637628658020e-19,1.334402607342037480e-16
2.383801060270054784e+00,6.199346682572997469e-19,1.343999336303400429e-16
2.381822802128751526e+00,6.210531594912859875e-19,1.353704703229237199e-16
2.379844543987448713e+00,6.221747490660825299e-19,1.363519962317399136e-16
2.377866285846145455e+00,6.232994486382312954e-19,1.373446380950026839e-16
2.375888027704842198e+00,6.244272699198778253e-19,1.383485239810428780e-16
2.373909769563539829e+00,6.255582246790933921e-19,1.393637833000699480e-16
2.371931511422236571e+00,6.266923247401985563e-19,1.403905468160079950e-16
2.369953253280933758e+00,6.278295819840891296e-19,1.414289466584057201e-16
2.367974995139630501e+00,6.289700083485658943e-19,1.424791163344210702e-16
2.365996736998327687e+00,6.301136158286630709e-19,1.435411907408796428e-16
2.364018478857024430e+00,6.312604164769828514e-19,1.446153061764074158e-16
2.362040220715722061e+00,6.324104224040304156e-19,1.457016003536386414e-16
2.360061962574419248e+00,6.335636457785504871e-19,1.468002124114968818e-16
2.358083704433115990e+00,6.347200988278680300e-19,1.479112829275518251e-16
2.356105446291813177e+00,6.358797938382299092e-19,1.490349539304493913e-16
2.354127188150509919e+00,6.370427431551494393e-19,1.501713689124173221e-16
2.352148930009207106e+00,6.382089591837532445e-19,1.513206728418445792e-16
2.350170671867904293e+00,6.393784543891305256e-19,1.524830121759356095e-16
2.348192413726601036e+00,6.405512412966840616e-19,1.536585348734390106e-16
2.346214155585298222e+00,6.417273324924857354e-19,1.548473904074505213e-16
2.344235897443994965e+00,6.429067406236312909e-19,1.560497297782912991e-16
2.342257639302692152e+00,6.440894783986004815e-19,1.572657055264595374e-16
2.340279381161389338e+00,6.452755585876178929e-19,1.584954717456569003e-16
2.338301123020086525e+00,6.464649940230173296e-19,1.597391840958903199e-16
2.336322864878783712e+00,6.476577975996078374e-19,1.609969998166465397e-16
2.334344606737480454e+00,6.488539822750427116e-19,1.622690777401423403e-16
2.332366348596177641e+00,6.500535610701917798e-19,1.635555783046479562e-16
2.330388090454874828e+00,6.512565470695147426e-19,1.648566635678852870e-16
2.328409832313572014e+00,6.524629534214382713e-19,1.661724972205006306e-16
2.326431574172268757e+00,6.536727933387356086e-19,1.675032445996098686e-16
2.324453316030965500e+00,6.548860800989080950e-19,1.688490727024193090e-16
2.322475057889662686e+00,6.561028270445704514e-19,1.702101501999193986e-16
2.320496799748359873e+00,6.573230475838373133e-19,1.715866474506523680e-16
2.318518541607057060e+00,6.585467551907144830e-19,1.729787365145534120e-16
2.316540283465754246e+00,6.597739634054908568e-19,1.743865911668651117e-16
2.314562025324451433e+00,6.610046858351344925e-19,1.758103869121261070e-16
2.312583767183148176e+00,6.622389361536906988e-19,1.772503009982315572e-16
2.310605509041845362e+00,6.634767281026834955e-19,1.787065124305678510e-16
2.308627250900542549e+00,6.647180754915189035e-19,1.801792019862193019e-16
2.306648992759239292e+00,6.659629921978936267e-19,1.816685522282484287e-16
2.304670734617936478e+00,6.672114921682018089e-19,1.831747475200476768e-16
2.302692476476633221e+00,6.684635894179503601e-19,1.846979740397643074e-16
2.300714218335329964e+00,6.697192980321732244e-19,1.862384197947973189e-16
2.298735960194027594e+00,6.709786321658494992e-19,1.877962746363653162e-16
2.296757702052724337e+00,6.722416060443260804e-19,1.893717302741483119e-16
2.294779443911421524e+00,6.735082339637405971e-19,1.909649802909974922e-16
2.292801185770118710e+00,6.747785302914501232e-19,1.925762201577200478e-16
2.290822927628815897e+00,6.760525094664606597e-19,1.942056472479321186e-16
2.288844669487512640e+00,6.773301859998614322e-19,1.958534608529836716e-16
2.286866411346209826e+00,6.786115744752608251e-19,1.975198621969543531e-16
2.284888153204907013e+00,6.798966895492264564e-19,1.992050544517176497e-16
2.282909895063603756e+00,6.811855459517274676e-19,2.009092427520767138e-16
2.280931636922300942e+00,6.824781584865819174e-19,2.026326342109689671e-16
2.278953378780997685e+00,6.837745420319041749e-19,2.043754379347403702e-16
2.276975120639694872e+00,6.850747115405585727e-19,2.061378650384879297e-16
2.274996862498392058e+00,6.863786820406146965e-19,2.079201286614718705e-16
2.273018604357088801e+00,6.876864686358060456e-19,2.097224439825943932e-16
2.271040346215785988e+00,6.889980865059924483e-19,2.115450282359486161e-16
2.269062088074483174e+00,6.903135509076258483e-19,2.133881007264329177e-16
2.267083829933180361e+00,6.916328771742187874e-19,2.152518828454337874e-16
2.265105571791877548e+00,6.929560807168168355e-19,2.171365980865748420e-16
2.263127313650574735e+00,6.942831770244741994e-19,2.190424720615323282e-16
2.261149055509271477e+00,6.956141816647328944e-19,2.209697325159168397e-16
2.259170797367968220e+00,6.969491102841051890e-19,2.229186093452200427e-16
2.257192539226665406e+00,6.982879786085596141e-19,2.248893346108270227e-16
2.255214281085362593e+00,6.996308024440106304e-19,2.268821425560929994e-16
2.253236022944059780e+00,7.009775976768123403e-19,2.288972696224838399e-16
2.251257764802756522e+00,7.023283802742532596e-19,2.309349544657817016e-16
2.249279506661453709e+00,7.036831662850592740e-19,2.329954379723517885e-16
2.247301248520150896e+00,7.050419718398950552e-19,2.350789632754736943e-16
2.245322990378848083e+00,7.064048131518737577e-19,2.371857757717340802e-16
2.243344732237545269e+00,7.077717065170671019e-19,2.393161231374807356e-16
2.241366474096242012e+00,7.091426683150199823e-19,2.414702553453387121e-16
2.239388215954939199e+00,7.105177150092709502e-19,2.436484246807870034e-16
2.237409957813635941e+00,7.118968631478737553e-19,2.458508857587935997e-16
2.235431699672332684e+00,7.132801293639229323e-19,2.480778955405125181e-16
2.233453441531030315e+00,7.146675303760858389e-19,2.503297133500379752e-16
2.231475183389727057e+00,7.160590829891353679e-19,2.526066008912172815e-16
2.229496925248424244e+00,7.174548040944892078e-19,2.549088222645215188e-16
2.227518667107120987e+00,7.188547106707506437e-19,2.572366439839735588e-16
2.225540408965818173e+00,7.202588197842554255e-19,2.595903349941318931e-16
2.223562150824515360e+00,7.216671485896216203e-19,2.619701666871300780e-16
2.221583892683212547e+00,7.230797143303038956e-19,2.643764129197722874e-16
2.219605634541909733e+00,7.244965343391511720e-19,2.668093500306822611e-16
2.217627376400606476e+00,7.259176260389695726e-19,2.692692568575066356e-16
2.215649118259303663e+00,7.273430069430882614e-19,2.717564147541701918e-16
2.213670860118000405e+00,7.287726946559305774e-19,2.742711076081845970e-16
2.211692601976697592e+00,7.302067068735893102e-19,2.768136218580084234e-16
2.209714343835394779e+00,7.316450613844050569e-19,2.793842465104572590e-16
2.207736085694091521e+00,7.330877760695498746e-19,2.819832731581638614e-16
2.205757827552788708e+00,7.345348689036157489e-19,2.846109959970887011e-16
2.203779569411485895e+00,7.359863579552059505e-19,2.872677118440776382e-16
2.201801311270183081e+00,7.374422613875321695e-19,2.899537201544675725e-16
2.199823053128880268e+00,7.389025974590156948e-19,2.926693230397391289e-16
2.197844794987577455e+00,7.403673845238927338e-19,2.954148252852152448e-16
2.195866536846274197e+00,7.418366410328243541e-19,2.981905343678042793e-16
2.193888278704970940e+00,7.433103855335113371e-19,3.009967604737877906e-16
2.191910020563668127e+00,7.447886366713134605e-19,3.038338165166519977e-16
2.189931762422365313e+00,7.462714131898739812e-19,3.067020181549605581e-16
2.187953504281062500e+00,7.477587339317470068e-19,3.096016838102700918e-16
2.185975246139759243e+00,7.492506178390316082e-19,3.125331346850848528e-16
2.183996987998455985e+00,7.507470839540102654e-19,3.154966947808522736e-16
2.182018729857153172e+00,7.522481514197910687e-19,3.184926909159969662e-16
2.180040471715850359e+00,7.537538394809560832e-19,3.215214527439912080e-16
2.178062213574547989e+00,7.552641674842138536e-19,3.245833127714634417e-16
2.176083955433244732e+00,7.567791548790561465e-19,3.276786063763415331e-16
2.174105697291941919e+00,7.582988212184222999e-19,3.308076718260315288e-16
2.172127439150638661e+00,7.598231861593654026e-19,3.339708502956286576e-16
2.170149181009335404e+00,7.613522694637259839e-19,3.371684858861621556e-16
2.168170922868033035e+00,7.628860909988084008e-19,3.404009256428702637e-16
2.166192664726729777e+00,7.644246707380656983e-19,3.436685195735071257e-16
2.164214406585426964e+00,7.659680287617858185e-19,3.469716206666767540e-16
2.162236148444123707e+00,7.675161852577869574e-19,3.503105849101969225e-16
2.160257890302820893e+00,7.690691605221147517e-19,3.536857713094896836e-16
2.158279632161518080e+00,7.706269749597468802e-19,3.570975419059956992e-16
2.156301374020215267e+00,7.721896490853026727e-19,3.605462617956162309e-16
2.154323115878912454e+00,7.737572035237575335e-19,3.640322991471768236e-16
2.152344857737609196e+00,7.753296590111641065e-19,3.675560252209119933e-16
2.150366599596306383e+00,7.769070363953769055e-19,3.711178143869729883e-16
2.148388341455003125e+00,7.784893566367851311e-19,3.747180441439550753e-16
2.146410083313700756e+00,7.800766408090488574e-19,3.783570951374409472e-16
2.144431825172397499e+00,7.816689100998419591e-19,3.820353511785631628e-16
2.142453567031094241e+00,7.832661858116008172e-19,3.857531992625835468e-16
2.140475308889791428e+00,7.848684893622789946e-19,3.895110295874840282e-16
2.138497050748488171e+00,7.864758422861059556e-19,3.933092355725717765e-16
2.136518792607185357e+00,7.880882662343548389e-19,3.971482138770982918e-16
2.134540534465882544e+00,7.897057829761132138e-19,4.010283644188861358e-16
2.132562276324579731e+00,7.913284143990613490e-19,4.049500903929649331e-16
2.130584018183276918e+00,7.929561825102563551e-19,4.089137982902179225e-16
2.128605760041973660e+00,7.945891094369215264e-19,4.129198979160306289e-16
2.126627501900670847e+00,7.962272174272441581e-19,4.169688024089473253e-16
2.124649243759368034e+00,7.978705288511758657e-19,4.210609282593291707e-16
2.122670985618065220e+00,7.995190662012427283e-19,4.251966953280151587e-16
2.120692727476761963e+00,8.011728520933602451e-19,4.293765268649817838e-16
2.118714469335458706e+00,8.028319092676538784e-19,4.336008495280052229e-16
2.116736211194155892e+00,8.044962605892872993e-19,4.378700934013146412e-16
2.114757953052853079e+00,8.061659290492970862e-19,4.421846920142475694e-16
2.112779694911550266e+00,8.078409377654330077e-19,4.465450823598949767e-16
2.110801436770247452e+00,8.095213099830056245e-19,4.509517049137411660e-16
2.108823178628944639e+00,8.112070690757409208e-19,4.554050036522936120e-16
2.106844920487641382e+00,8.128982385466397505e-19,4.599054260717017054e-16
2.104866662346338568e+00,8.145948420288474909e-19,4.644534232063662284e-16
2.102888404205035755e+00,8.162969032865267780e-19,4.690494496475283685e-16
2.100910146063732498e+00,8.180044462157398709e-19,4.736939635618509432e-16
2.098931887922429684e+00,8.197174948453366023e-19,4.783874267099750704e-16
2.096953629781126427e+00,8.214360733378505133e-19,4.831303044650635276e-16
2.094975371639823614e+00,8.231602059903998037e-19,4.879230658313183741e-16
2.092997113498520800e+00,8.248899172355986819e-19,4.927661834624797392e-16
2.091018855357217543e+00,8.266252316424734334e-19,4.976601336802976905e-16
2.089040597215914730e+00,8.283661739173871564e-19,5.026053964929784644e-16
2.087062339074611916e+00,8.301127689049706596e-19,5.076024556136044667e-16
2.085084080933309103e+00,8.318650415890616423e-19,5.126517984785210427e-16
2.083105822792005846e+00,8.336230170936516740e-19,5.177539162656946509e-16
2.081127564650703032e+00,8.353867206838400112e-19,5.229093039130350449e-16
2.079149306509400219e+00,8.371561777667957918e-19,5.281184601366839292e-16
2.077171048368096962e+00,8.389314138927255267e-19,5.333818874492645655e-16
2.075192790226794148e+00,8.407124547558537824e-19,5.387000921780932186e-16
2.073214532085490891e+00,8.424993261954044430e-19,5.440735844833477075e-16
2.071236273944188078e+00,8.442920541965969934e-19,5.495028783761954295e-16
2.069258015802885264e+00,8.460906648916448252e-19,5.549884917368730656e-16
2.067279757661582007e+00,8.478951845607663500e-19,5.605309463327209269e-16
2.065301499520279638e+00,8.497056396332014089e-19,5.661307678361671100e-16
2.063323241378976380e+00,8.515220566882364448e-19,5.717884858426608689e-16
2.061344983237673567e+00,8.533444624562383418e-19,5.775046338885514574e-16
2.059366725096370754e+00,8.551728838196973164e-19,5.832797494689137227e-16
2.057388466955067940e+00,8.570073478142766452e-19,5.891143740553131549e-16
2.055410208813764683e+00,8.588478816298718305e-19,5.950090531135137434e-16
2.053431950672461426e+00,8.606945126116787206e-19,6.009643361211221327e-16
2.051453692531158612e+00,8.625472682612699125e-19,6.069807765851679798e-16
2.049475434389855799e+00,8.644061762376796282e-19,6.130589320596197224e-16
2.047497176248552986e+00,8.662712643584979312e-19,6.191993641628307317e-16
2.045518918107249728e+00,8.681425606009739001e-19,6.254026385949130858e-16
2.043540659965946915e+00,8.700200931031274670e-19,6.316693251550411351e-16
2.041562401824644102e+00,8.719038901648700206e-19,6.379999977586790417e-16
2.039584143683341289e+00,8.737939802491367564e-19,6.443952344547312061e-16
2.037605885542038475e+00,8.756903919830231680e-19,6.508556174426100630e-16
2.035627627400735218e+00,8.775931541589369455e-19,6.573817330892274539e-16
2.033649369259432405e+00,8.795022957357543044e-19,6.639741719458958739e-16
2.031671111118129147e+00,8.814178458399897951e-19,6.706335287651455071e-16
2.029692852976826334e+00,8.833398337669718906e-19,6.773604025174548813e-16
2.027714594835523521e+00,8.852682889820328259e-19,6.841553964078831133e-16
2.025736336694220263e+00,8.872032411217034453e-19,6.910191178926157731e-16
2.023758078552917450e+00,8.891447199949217229e-19,6.979521786954078016e-16
2.021779820411614192e+00,8.910927555842487954e-19,7.049551948239335412e-16
2.019801562270311823e+00,8.930473780470986678e-19,7.120287865860309585e-16
2.017823304129009010e+00,8.950086177169717717e-19,7.191735786058448949e-16
2.015845045987705753e+00,8.969765051047062423e-19,7.263901998398622416e-16
2.013866787846402939e+00,8.989510708997338169e-19,7.336792835928385481e-16
2.011888529705099682e+00,9.009323459713496007e-19,7.410414675336158673e-16
2.009910271563796869e+00,9.029203613699910770e-19,7.484773937108220731e-16
2.007932013422493611e+00,9.049151483285273242e-19,7.559877085684590476e-16
2.005953755281191242e+00,9.069167382635611378e-19,7.635730629613664261e-16
2.003975497139887985e+00,9.089251627767394325e-19,7.712341121705678009e-16
2.001997238998584727e+00,9.109404536560765489e-19,7.789715159184917927e-16
2.000018980857281914e+00,9.129626428772879601e-19,7.867859383840626638e-16
1.998040722715978879e+00,9.149917626051349558e-19,7.946780482176682634e-16
1.996062464574676065e+00,9.170278451947812673e-19,8.026485185559874574e-16
1.994084206433373252e+00,9.190709231931612485e-19,8.106980270366913403e-16
1.992105948292070439e+00,9.211210293403578783e-19,8.188272558129958448e-16
1.990127690150767403e+00,9.231781965709963639e-19,8.270368915680856698e-16
1.988149432009464146e+00,9.252424580156442916e-19,8.353276255293857597e-16
1.986171173868161333e+00,9.273138470022264151e-19,8.437001534826935505e-16
1.984192915726858519e+00,9.293923970574544658e-19,8.521551757861561058e-16
1.982214657585555706e+00,9.314781419082627410e-19,8.606933973841000320e-16
1.980236399444252449e+00,9.335711154832598699e-19,8.693155278207063818e-16
1.978258141302949857e+00,9.356713519141938686e-19,8.780222812535283778e-16
1.976279883161646600e+00,9.377788855374264394e-19,8.868143764668452495e-16
1.974301625020343787e+00,9.398937508954219070e-19,8.956925368848595807e-16
1.972323366879040973e+00,9.420159827382496369e-19,9.046574905847220933e-16
1.970345108737737716e+00,9.441456160250968530e-19,9.137099703093948130e-16
1.968366850596434903e+00,9.462826859257966708e-19,9.228507134803354599e-16
1.966388592455131867e+00,9.484272278223663372e-19,9.320804622100120364e-16
1.964410334313829054e+00,9.505792773105655007e-19,9.413999633142364701e-16
1.962432076172526241e+00,9.527388702014579478e-19,9.508099683243205659e-16
1.960453818031222983e+00,9.549060425229951030e-19,9.603112334990483513e-16
1.958475559889920170e+00,9.570808305216087722e-19,9.699045198364585020e-16
1.956497301748617135e+00,9.592632706638196802e-19,9.795905930854402035e-16
1.954519043607314321e+00,9.614533996378592956e-19,9.893702237571379101e-16
1.952540785466011508e+00,9.636512543553051382e-19,9.992441871361523808e-16
1.950562527324708251e+00,9.658568719527314938e-19,1.009213263291557122e-15
1.948584269183405437e+00,9.680702897933726467e-19,1.019278237087696711e-15
1.946606011042102402e+00,9.702915454688036394e-19,1.029439898194794014e-15
1.944627752900799589e+00,9.725206768006314312e-19,1.039699041099340867e-15
1.942649494759496331e+00,9.747577218422053170e-19,1.050056465114282273e-15
1.940671236618193962e+00,9.770027188803383231e-19,1.060512974388983059e-15
1.938692978476890705e+00,9.792557064370468998e-19,1.071069377918979194e-15
1.936714720335587447e+00,9.815167232713039033e-19,1.081726489555510375e-15
1.934736462194284634e+00,9.837858083808062134e-19,1.092485128014823267e-15
1.932758204052981599e+00,9.860630010037616119e-19,1.103346116887254837e-15
1.930779945911678785e+00,9.883483406206864455e-19,1.114310284646079827e-15
1.928801687770375972e+00,9.906418669562231258e-19,1.125378464656128666e-15
1.926823429629073159e+00,9.929436199809714960e-19,1.136551495182165561e-15
1.924845171487769901e+00,9.952536399133365683e-19,1.147830219397033493e-15
1.922866913346466866e+00,9.975719672213935944e-19,1.159215485389545387e-15
1.920888655205164053e+00,9.998986426247685433e-19,1.170708146172140597e-15
1.918910397063861240e+00,1.002233707096535913e-18,1.182309059688283831e-15
1.916932138922558426e+00,1.004577201865132719e-18,1.194019088819615979e-15
1.914953880781255169e+00,1.006929168416291552e-18,1.205839101392846786e-15
1.912975622639952133e+00,1.009289648494986919e-18,1.217769970186384630e-15
1.910997364498649320e+00,1.011658684107402394e-18,1.229812572936715261e-15
1.909019106357346507e+00,1.014036317522913934e-18,1.241967792344498700e-15
1.907040848216043694e+00,1.016422591276092080e-18,1.254236516080412734e-15
1.905062590074740436e+00,1.018817548168719175e-18,1.266619636790707083e-15
1.903084331933437623e+00,1.021221231271828540e-18,1.279118052102500802e-15
1.901106073792134366e+00,1.023633683927757704e-18,1.291732664628779513e-15
1.899127815650831774e+00,1.026054949752225909e-18,1.304464381973130747e-15
1.897149557509528961e+00,1.028485072636422393e-18,1.317314116734175164e-15
1.895171299368225704e+00,1.030924096749120870e-18,1.330282786509720704e-15
1.893193041226922890e+00,1.033372066538808646e-18,1.343371313900614585e-15
1.891214783085619633e+00,1.035829026735837302e-18,1.356580626514311132e-15
1.889236524944316820e+00,1.038295022354590908e-18,1.369911656968126416e-15
1.887258266803014228e+00,1.040770098695675615e-18,1.383365342892197271e-15
1.885280008661710971e+00,1.043254301348126574e-18,1.396942626932135417e-15
1.883301750520408158e+00,1.045747676191638935e-18,1.410644456751365447e-15
1.881323492379104900e+00,1.048250269398815023e-18,1.424471785033154962e-15
1.879345234237802087e+00,1.050762127437434623e-18,1.438425569482326789e-15
1.877366976096499052e+00,1.053283297072743947e-18,1.452506772826645803e-15
1.875388717955196682e+00,1.055813825369769063e-18,1.466716362817892763e-15
1.873410459813893425e+00,1.058353759695644152e-18,1.481055312232600121e-15
1.871432201672590168e+00,1.060903147721968459e-18,1.495524598872462424e-15
1.869453943531287354e+00,1.063462037427178652e-18,1.510125205564414026e-15
1.867475685389984097e+00,1.066030477098947767e-18,1.524858120160367962e-15
1.865497427248681728e+00,1.068608515336602629e-18,1.539724335536609722e-15
1.863519169107378692e+00,1.071196201053564776e-18,1.554724849592851199e-15
1.861540910966075435e+00,1.073793583479814498e-18,1.569860665250941300e-15
1.859562652824772622e+00,1.076400712164377594e-18,1.585132790453214468e-15
1.857584394683469364e+00,1.079017636977832741e-18,1.600542238160488547e-15
1.855606136542166551e+00,1.081644408114846597e-18,1.616090026349710236e-15
1.853627878400863960e+00,1.084281076096726811e-18,1.631777178011230359e-15
1.851649620259561146e+00,1.086927691774004506e-18,1.647604721145720406e-15
1.849671362118257889e+00,1.089584306329034281e-18,1.663573688760715944e-15
1.847693103976954632e+00,1.092250971278626382e-18,1.679685118866786692e-15
1.845714845835651818e+00,1.094927738476694276e-18,1.695940054473338605e-15
1.843736587694349005e+00,1.097614660116936125e-18,1.712339543584030782e-15
1.841758329553046414e+00,1.100311788735532628e-18,1.728884639191803675e-15
1.839780071411743156e+00,1.103019177213877410e-18,1.745576399273540275e-15
1.837801813270440343e+00,1.105736878781328216e-18,1.762415886784315707e-15
1.835823555129137086e+00,1.108464947017986028e-18,1.779404169651267196e-15
1.833845296987834272e+00,1.111203435857499984e-18,1.796542320767062487e-15
1.831867038846531459e+00,1.113952399589896769e-18,1.813831417982973653e-15
1.829888780705228424e+00,1.116711892864441578e-18,1.831272544101540885e-15
1.827910522563925610e+00,1.119481970692519505e-18,1.848866786868830212e-15
1.825932264422622353e+00,1.122262688450550049e-18,1.866615238966286153e-15
1.823954006281319540e+00,1.125054101882924927e-18,1.884518998002163496e-15
1.821975748140016726e+00,1.127856267104976514e-18,1.902579166502548096e-15
1.819997489998713691e+00,1.130669240605972081e-18,1.920796851901953254e-15
1.818019231857410878e+00,1.133493079252138666e-18,1.939173166533498007e-15
1.816040973716107620e+00,1.136327840289715861e-18,1.957709227618637734e-15
1.814062715574805029e+00,1.139173581348036918e-18,1.976406157256498759e-15
1.812084457433501772e+00,1.142030360442640279e-18,1.995265082412744367e-15
1.810106199292198959e+00,1.144898235978410384e-18,2.014287134908023909e-15
1.808127941150896145e+00,1.147777266752749291e-18,2.033473451405971071e-15
1.806149683009592888e+00,1.150667511958775841e-18,2.052825173400765510e-15
1.804171424868290075e+00,1.153569031188559868e-18,2.072343447204234980e-15
1.802193166726987039e+00,1.156481884436384345e-18,2.092029423932520031e-15
1.800214908585684226e+00,1.159406132102040451e-18,2.111884259492270125e-15
1.798236650444381191e+00,1.162341834994152307e-18,2.131909114566396418e-15
1.796258392303078155e+00,1.165289054333536185e-18,2.152105154599349244e-15
1.794280134161775342e+00,1.168247851756591297e-18,2.172473549781941224e-15
1.792301876020472307e+00,1.171218289318723714e-18,2.193015475035695870e-15
1.790323617879169493e+00,1.174200429497801485e-18,2.213732109996728393e-15
1.788345359737866236e+00,1.177194335197646349e-18,2.234624638999154780e-15
1.786367101596563645e+00,1.180200069751556835e-18,2.255694251058012161e-15
1.784388843455260609e+00,1.183217696925867578e-18,2.276942139851715337e-15
1.782410585313957574e+00,1.186247280923542138e-18,2.298369503704007637e-15
1.780432327172654761e+00,1.189288886387799911e-18,2.319977545565447934e-15
1.778454069031351503e+00,1.192342578405781946e-18,2.341767472994386080e-15
1.776475810890048690e+00,1.195408422512248538e-18,2.363740498137457925e-15
1.774497552748745877e+00,1.198486484693315914e-18,2.385897837709579015e-15
1.772519294607443063e+00,1.201576831390228750e-18,2.408240712973433818e-15
1.770541036466140028e+00,1.204679529503167922e-18,2.430770349718470719e-15
1.768562778324836771e+00,1.207794646395100442e-18,2.453487978239380321e-15
1.766584520183533957e+00,1.210922249895661556e-18,2.476394833314075968e-15
1.764606262042230922e+00,1.214062408305079401e-18,2.499492154181148892e-15
1.762628003900928331e+00,1.217215190398137226e-18,2.522781184516820850e-15
1.760649745759625295e+00,1.220380665428174312e-18,2.546263172411357578e-15
1.758671487618322482e+00,1.223558903131125615e-18,2.569939370344993940e-15
1.756693229477019225e+00,1.226749973729605315e-18,2.593811035163297410e-15
1.754714971335716189e+00,1.229953947937026186e-18,2.617879428052028646e-15
1.752736713194413376e+00,1.233170896961764418e-18,2.642145814511461314e-15
1.750758455053110341e+00,1.236400892511362193e-18,2.666611464330172574e-15
1.748780196911807749e+00,1.239644006796774356e-18,2.691277651558293202e-15
1.746801938770504492e+00,1.242900312536658044e-18,2.716145654480223654e-15
1.744823680629201457e+00,1.246169882961701978e-18,2.741216755586798713e-15
1.742845422487898643e+00,1.249452791819005262e-18,2.766492241546920840e-15
1.740867164346595608e+00,1.252749113376493344e-18,2.791973403178625941e-15
1.738888906205292795e+00,1.256058922427383482e-18,2.817661535419626902e-15
1.736910648063989759e+00,1.259382294294691029e-18,2.843557937297273376e-15
1.734932389922686946e+00,1.262719304835786766e-18,2.869663911897973955e-15
1.732954131781383911e+00,1.266070030446995442e-18,2.895980766336058645e-15
1.730975873640080653e+00,1.269434548068240156e-18,2.922509811722070604e-15
1.728997615498778062e+00,1.272812935187741432e-18,2.949252363130500154e-15
1.727019357357475027e+00,1.276205269846753851e-18,2.976209739566957119e-15
1.725041099216172213e+00,1.279611630644357381e-18,3.003383263934764150e-15
1.723062841074869178e+00,1.283032096742297624e-18,3.030774263000981267e-15
1.721084582933566365e+00,1.286466747869870741e-18,3.058384067361857703e-15
1.719106324792263107e+00,1.289915664328862890e-18,3.086214011407709446e-15
1.717128066650960294e+00,1.293378926998538575e-18,3.114265433287215392e-15
1.715149808509657481e+00,1.296856617340679840e-18,3.142539674871124623e-15
1.713171550368354223e+00,1.300348817404676504e-18,3.171038081715393324e-15
1.711193292227051632e+00,1.303855609832671858e-18,3.199762003023722178e-15
1.709215034085748375e+00,1.307377077864755555e-18,3.228712791609524590e-15
1.707236775944445561e+00,1.310913305344217733e-18,3.257891803857268954e-15
1.705258517803142748e+00,1.314464376722850143e-18,3.287300399683269110e-15
1.703280259661839491e+00,1.318030377066306200e-18,3.316939942495854364e-15
1.701302001520536678e+00,1.321611392059516315e-18,3.346811799154941548e-15
1.699323743379233642e+00,1.325207508012156768e-18,3.376917339931024508e-15
1.697345485237930829e+00,1.328818811864178661e-18,3.407257938463539606e-15
1.695367227096627794e+00,1.332445391191393701e-18,3.437834971718651797e-15
1.693388968955324758e+00,1.336087334211114857e-18,3.468649819946410413e-15
1.691410710814021945e+00,1.339744729787861544e-18,3.499703866637318817e-15
1.689432452672718910e+00,1.343417667439118543e-18,3.530998498478276527e-15
1.687454194531416096e+00,1.347106237341160582e-18,3.562535105307928498e-15
1.685475936390112839e+00,1.350810530334934137e-18,3.594315080071383724e-15
1.683497678248810248e+00,1.354530637932002576e-18,3.626339818774325223e-15
1.681519420107507212e+00,1.358266652320553138e-18,3.658610720436511816e-15
1.679541161966204177e+00,1.362018666371469200e-18,3.691129187044644474e-15
1.677562903824901364e+00,1.365786773644464744e-18,3.723896623504634717e-15
1.675584645683598106e+00,1.369571068394280463e-18,3.756914437593221402e-15
1.673606387542295515e+00,1.373371645576954009e-18,3.790184039908993507e-15
1.671628129400992480e+00,1.377188600856149756e-18,3.823706843822777882e-15
1.669649871259689666e+00,1.381022030609556350e-18,3.857484265427390383e-15
1.667671613118386631e+00,1.384872031935356493e-18,3.891517723486774068e-15
1.665693354977083374e+00,1.388738702658758147e-18,3.925808639384493680e-15
1.663715096835780560e+00,1.392622141338606068e-18,3.960358437071623493e-15
1.661736838694477525e+00,1.396522447274053222e-18,3.995168543013971732e-15
1.659758580553174934e+00,1.400439720511309437e-18,4.030240386138700718e-15
1.657780322411871898e+00,1.404374061850463048e-18,4.065575397780290689e-15
1.655802064270569085e+00,1.408325572852372066e-18,4.101175011625891458e-15
1.653823806129265828e+00,1.412294355845632191e-18,4.137040663660016163e-15
1.651845547987962792e+00,1.416280513933619173e-18,4.173173792108607090e-15
1.649867289846659979e+00,1.420284151001606079e-18,4.209575837382465662e-15
1.647889031705356944e+00,1.424305371723960305e-18,4.246248242020039517e-15
1.645910773564054352e+00,1.428344281571413769e-18,4.283192450629573757e-15
1.643932515422751095e+00,1.432400986818418035e-18,4.320409909830615338e-15
1.641954257281448282e+00,1.436475594550572818e-18,4.357902068194884789e-15
1.639975999140145246e+00,1.440568212672140580e-18,4.395670376186488438e-15
1.637997740998842211e+00,1.444678949913640470e-18,4.433716286101517710e-15
1.636019482857539398e+00,1.448807915839523345e-18,4.472041252006975504e-15
1.634041224716236362e+00,1.452955220855936162e-18,4.510646729679065191e-15
1.632062966574933549e+00,1.457120976218565515e-18,4.549534176540863498e-15
1.630084708433630514e+00,1.461305294040568810e-18,4.588705051599295257e-15
1.628106450292327256e+00,1.465508287300596918e-18,4.628160815381522028e-15
1.626128192151024665e+00,1.469730069850897141e-18,4.667902929870643621e-15
1.624149934009721630e+00,1.473970756425512664e-18,4.707932858440767749e-15
1.622171675868418816e+00,1.478230462648567908e-18,4.748252065791439118e-15
1.620193417727115781e+00,1.482509305042647287e-18,4.788862017881416920e-15
1.618215159585812968e+00,1.486807401037267373e-18,4.829764181861801518e-15
1.616236901444509710e+00,1.491124868977441317e-18,4.870960026008538716e-15
1.614258643303206897e+00,1.495461828132338981e-18,4.912451019654235358e-15
1.612280385161904084e+00,1.499818398704043759e-18,4.954238633119386432e-15
1.610302127020600826e+00,1.504194701836407427e-18,4.996324337642901669e-15
1.608323868879298235e+00,1.508590859624001862e-18,5.038709605312025508e-15
1.606345610737994978e+00,1.513006995121172646e-18,5.081395908991592836e-15
1.604367352596692164e+00,1.517443232351194939e-18,5.124384722252651276e-15
1.602389094455389351e+00,1.521899696315528536e-18,5.167677519300431880e-15
1.600410836314086094e+00,1.526376513003180773e-18,5.211275774901690299e-15
1.598432578172783280e+00,1.530873809400171316e-18,5.255180964311380592e-15
1.596454320031480245e+00,1.535391713499106351e-18,5.299394563198718441e-15
1.594476061890177432e+00,1.539930354308861379e-18,5.343918047572576215e-15
1.592497803748874396e+00,1.544489861864367646e-18,5.388752893706257191e-15
1.590519545607571805e+00,1.549070367236519505e-18,5.433900578061622914e-15
1.588541287466268548e+00,1.553672002542184056e-18,5.479362577212578417e-15
1.586563029324965513e+00,1.558294900954330573e-18,5.525140367767931101e-15
1.584584771183662699e+00,1.562939196712275293e-18,5.571235426293611404e-15
1.582606513042359664e+00,1.567605025132038112e-18,5.617649229234226118e-15
1.580628254901056851e+00,1.572292522616824255e-18,5.664383252834054747e-15
1.578649996759753815e+00,1.577001826667620947e-18,5.711438973057331177e-15
1.576671738618450780e+00,1.581733075893917322e-18,5.758817865507944733e-15
1.574693480477147967e+00,1.586486410024547028e-18,5.806521405348474647e-15
1.572715222335844709e+00,1.591261969918656976e-18,5.854551067218664444e-15
1.570736964194542118e+00,1.596059897576801274e-18,5.902908325153180037e-15
1.568758706053239083e+00,1.600880336152161500e-18,5.951594652498813249e-15
1.566780447911936269e+00,1.605723429961900446e-18,6.000611521831036110e-15
1.564802189770633234e+00,1.610589324498643358e-18,6.049960404869931949e-15
1.562823931629329977e+00,1.615478166442097645e-18,6.099642772395514332e-15
1.560845673488027163e+00,1.620390103670800288e-18,6.149660094162429898e-15
1.558867415346724128e+00,1.625325285274009295e-18,6.200013838814046672e-15
1.556889157205421537e+00,1.630283861563728826e-18,6.250705473795927072e-15
1.554910899064118501e+00,1.635265984086876446e-18,6.301736465268691119e-15
1.552932640922815688e+00,1.640271805637594830e-18,6.353108278020278537e-15
1.550954382781512431e+00,1.645301480269702505e-18,6.404822375377595548e-15
1.548976124640209395e+00,1.650355163309297533e-18,6.456880219117555020e-15
1.546997866498906582e+00,1.655433011367503111e-18,6.509283269377550230e-15
1.545019608357603547e+00,1.660535182353368037e-18,6.562032984565281742e-15
1.543041350216300955e+00,1.665661835486916421e-18,6.615130821268025000e-15
1.541063092074997698e+00,1.670813131312354363e-18,6.668578234161293641e-15
1.539084833933694885e+00,1.675989231711429365e-18,6.722376675916917481e-15
1.537106575792391849e+00,1.681190299916952857e-18,6.776527597110519383e-15
1.535128317651088814e+00,1.686416500526478731e-18,6.831032446128447029e-15
1.533150059509786223e+00,1.691667999516149047e-18,6.885892669074064129e-15
1.531171801368482965e+00,1.696944964254701507e-18,6.941109709673536766e-15
1.529193543227180152e+00,1.702247563517646620e-18,6.996685009180982337e-15
1.527215285085877117e+00,1.707575967501612982e-18,7.052620006283098637e-15
1.525237026944573859e+00,1.712930347838865712e-18,7.108916137003183941e-15
1.523258768803271268e+00,1.718310877611998021e-18,7.165574834604626183e-15
1.521280510661968233e+00,1.723717731368801705e-18,7.222597529493821790e-15
1.519302252520665419e+00,1.729151085137314625e-18,7.279985649122539943e-15
1.517323994379362384e+00,1.734611116441050576e-18,7.337740617889714919e-15
1.515345736238059571e+00,1.740098004314414627e-18,7.395863857042742234e-15
1.513367478096756313e+00,1.745611929318303725e-18,7.454356784578172102e-15
1.511389219955453500e+00,1.751153073555896629e-18,7.513220815141904331e-15
1.509410961814150687e+00,1.756721620688639899e-18,7.572457359928818390e-15
1.507432703672847429e+00,1.762317755952420503e-18,7.632067826581911236e-15
1.505454445531544838e+00,1.767941666173944316e-18,7.692053619090854535e-15
1.503476187390241581e+00,1.773593539787310283e-18,7.752416137690086452e-15
1.501497929248938767e+00,1.779273566850788356e-18,7.813156778756333886e-15
1.499519671107635954e+00,1.784981939063804649e-18,7.874276934705661393e-15
1.497541412966332697e+00,1.790718849784134604e-18,7.935777993889993140e-15
1.495563154825029883e+00,1.796484494045305308e-18,7.997661340493123688e-15
1.493584896683726848e+00,1.802279068574219675e-18,8.059928354426257027e-15
1.491606638542424035e+00,1.808102771808987097e-18,8.122580411223009190e-15
1.489628380401120999e+00,1.813955803916991358e-18,8.185618881933975420e-15
1.487650122259818408e+00,1.819838366813165011e-18,8.249045133020751433e-15
1.485671864118515151e+00,1.825750664178502581e-18,8.312860526249533442e-15
1.483693605977212115e+00,1.831692901478800238e-18,8.377066418584221192e-15
1.481715347835909302e+00,1.837665285983630837e-18,8.441664162079028749e-15
1.479737089694606267e+00,1.843668026785553524e-18,8.506655103770678763e-15
1.477758831553303454e+00,1.849701334819566786e-18,8.572040585570106075e-15
1.475780573412000418e+00,1.855765422882806093e-18,8.637821944153724273e-15
1.473802315270697605e+00,1.861860505654483047e-18,8.704000510854228423e-15
1.471824057129394570e+00,1.867986799716084925e-18,8.770577611551000190e-15
1.469845798988091312e+00,1.874144523571823044e-18,8.837554566560036504e-15
1.467867540846788721e+00,1.880333897669334969e-18,8.904932690523450659e-15
1.465889282705485686e+00,1.886555144420664437e-18,8.972713292298585285e-15
1.463911024564182650e+00,1.892808488223491270e-18,9.040897674846696191e-15
1.461932766422879837e+00,1.899094155482638619e-18,9.109487135121186550e-15
1.459954508281576802e+00,1.905412374631854460e-18,9.178482963955511342e-15
1.457976250140273766e+00,1.911763376155869655e-18,9.247886445950636880e-15
1.455997991998970953e+00,1.918147392612735275e-18,9.317698859362099593e-15
1.454019733857667918e+00,1.924564658656451504e-18,9.387921475986712979e-15
1.452041475716365104e+00,1.931015411059886208e-18,9.458555561048906951e-15
1.450063217575062069e+00,1.937499888737978534e-18,9.529602373086647499e-15
1.448084959433759034e+00,1.944018332771256833e-18,9.601063163837026623e-15
1.446106701292456220e+00,1.950570986429648924e-18,9.672939178121517775e-15
1.444128443151153185e+00,1.957158095196603217e-18,9.745231653730833727e-15
1.442150185009850372e+00,1.963779906793523370e-18,9.817941821309462571e-15
1.440171926868547336e+00,1.970436671204518412e-18,9.891070904239878723e-15
1.438193668727244301e+00,1.977128640701477199e-18,9.964620118526450991e-15
1.436215410585941488e+00,1.983856069869467576e-18,1.003859067267892466e-14
1.434237152444638452e+00,1.990619215632464874e-18,1.011298376759575846e-14
1.432258894303335639e+00,1.997418337279425153e-18,1.018780059644699128e-14
1.430280636162032826e+00,2.004253696490689313e-18,1.026304234455692759e-14
1.428302378020729568e+00,2.011125557364742740e-18,1.033871018928646297e-14
1.426324119879426533e+00,2.018034186445320450e-18,1.041480529991519053e-14
1.424345861738123720e+00,2.024979852748875867e-18,1.049132883752316632e-14
1.422367603596820684e+00,2.031962827792404727e-18,1.056828195487245092e-14
1.420389345455517871e+00,2.038983385621648783e-18,1.064566579628841423e-14
1.418411087314215058e+00,2.046041802839655420e-18,1.072348149754070265e-14
1.416432829172912022e+00,2.053138358635739020e-18,1.080173018572409746e-14
1.414454571031608987e+00,2.060273334814809022e-18,1.088041297913899923e-14
1.412476312890305952e+00,2.067447015827096652e-18,1.095953098717181280e-14
1.410498054749002916e+00,2.074659688798282627e-18,1.103908531017501839e-14
1.408519796607700325e+00,2.081911643560020453e-18,1.111907703934708799e-14
1.406541538466397290e+00,2.089203172680874561e-18,1.119950725661221409e-14
1.404563280325094254e+00,2.096534571497674832e-18,1.128037703449980957e-14
1.402585022183791219e+00,2.103906138147287508e-18,1.136168743602382934e-14
1.400606764042488184e+00,2.111318173598820591e-18,1.144343951456197997e-14
1.398628505901185370e+00,2.118770981686266433e-18,1.152563431373467214e-14
1.396650247759882557e+00,2.126264869141576882e-18,1.160827286728390523e-14
1.394671989618579522e+00,2.133800145628200661e-18,1.169135619895194210e-14
1.392693731477276486e+00,2.141377123775064471e-18,1.177488532235992234e-14
1.390715473335973673e+00,2.148996119211027880e-18,1.185886124088625777e-14
1.388737215194670416e+00,2.156657450599800434e-18,1.194328494754496328e-14
1.386758957053367602e+00,2.164361439675344869e-18,1.202815742486392452e-14
1.384780698912064789e+00,2.172108411277755647e-18,1.211347964476296528e-14
1.382802440770761754e+00,2.179898693389642467e-18,1.219925256843189905e-14
1.380824182629458940e+00,2.187732617173004123e-18,1.228547714620850328e-14
1.378845924488155905e+00,2.195610517006618891e-18,1.237215431745638003e-14
1.376867666346852870e+00,2.203532730523947600e-18,1.245928501044278829e-14
1.374889408205550057e+00,2.211499598651562097e-18,1.254687014221646354e-14
1.372911150064247021e+00,2.219511465648110666e-18,1.263491061848530653e-14
1.370932891922944208e+00,2.227568679143822313e-18,1.272340733349412871e-14
1.368954633781641173e+00,2.235671590180561488e-18,1.281236116990233151e-14
1.366976375640338137e+00,2.243820553252443637e-18,1.290177299866159813e-14
1.364998117499035324e+00,2.252015926347023524e-18,1.299164367889363279e-14
1.363019859357732289e+00,2.260258070987050166e-18,1.308197405776776573e-14
1.361041601216429253e+00,2.268547352272820723e-18,1.317276497037877609e-14
1.359063343075126440e+00,2.276884138925124118e-18,1.326401723962457737e-14
1.357085084933823405e+00,2.285268803328791704e-18,1.335573167608409869e-14
1.355106826792520369e+00,2.293701721576868467e-18,1.344790907789506017e-14
1.353128568651217556e+00,2.302183273515401684e-18,1.354055023063196935e-14
1.351150310509914743e+00,2.310713842788873609e-18,1.363365590718409384e-14
1.349172052368611707e+00,2.319293816886279731e-18,1.372722686763354763e-14
1.347193794227308672e+00,2.327923587187858770e-18,1.382126385913349090e-14
1.345215536086005637e+00,2.336603549012497133e-18,1.391576761578641834e-14
1.343237277944702823e+00,2.345334101665809364e-18,1.401073885852259562e-14
1.341259019803399788e+00,2.354115648488906547e-18,1.410617829497859218e-14
1.339280761662096975e+00,2.362948596907875371e-18,1.420208661937598442e-14
1.337302503520793939e+00,2.371833358483955924e-18,1.429846451240020081e-14
1.335324245379490904e+00,2.380770348964459428e-18,1.439531264107952965e-14
1.333345987238188091e+00,2.389759988334412819e-18,1.449263165866430651e-14
1.331367729096885055e+00,2.398802700868954831e-18,1.459042220450633374e-14
1.329389470955582242e+00,2.407898915186496283e-18,1.468868490393839614e-14
1.327411212814279429e+00,2.417049064302658055e-18,1.478742036815408907e-14
1.325432954672976393e+00,2.426253585684984452e-18,1.488662919408782320e-14
1.323454696531673136e+00,2.435512921308470456e-18,1.498631196429507862e-14
1.321476438390370323e+00,2.444827517711897492e-18,1.508646924683286085e-14
1.319498180249067287e+00,2.454197826054996950e-18,1.518710159514052917e-14
1.317519922107764474e+00,2.463624302176456117e-18,1.528820954792072601e-14
1.315541663966461661e+00,2.473107406652782685e-18,1.538979362902075115e-14
1.313563405825158625e+00,2.482647604858033229e-18,1.549185434731414426e-14
1.311585147683855590e+00,2.492245367024438787e-18,1.559439219658253875e-14
1.309606889542552555e+00,2.501901168303920602e-18,1.569740765539796380e-14
1.307628631401249519e+00,2.511615488830526847e-18,1.580090118700531975e-14
1.305650373259946928e+00,2.521388813783798415e-18,1.590487323920532700e-14
1.303672115118643893e+00,2.531221633453088043e-18,1.600932424423772095e-14
1.301693856977340857e+00,2.541114443302838558e-18,1.611425461866491706e-14
1.299715598836038044e+00,2.551067744038839485e-18,1.621966476325598207e-14
1.297737340694734787e+00,2.561082041675489766e-18,1.632555506287098065e-14
1.295759082553431973e+00,2.571157847604068894e-18,1.643192588634582068e-14
1.293780824412129160e+00,2.581295678662041120e-18,1.653877758637740769e-14
1.291802566270826125e+00,2.591496057203412754e-18,1.664611049940931055e-14
1.289824308129523311e+00,2.601759511170156814e-18,1.675392494551777101e-14
1.287846049988220276e+00,2.612086574164727762e-18,1.686222122829831922e-14
1.285867791846917019e+00,2.622477785523672465e-18,1.697099963475268572e-14
1.283889533705614427e+00,2.632933690392386328e-18,1.708026043517626575e-14
1.281911275564311392e+00,2.643454839800994544e-18,1.719000388304613566e-14
1.279933017423008357e+00,2.654041790741414717e-18,1.730023021490945755e-14
1.277954759281705543e+00,2.664695106245596992e-18,1.741093965027246125e-14
1.275976501140402508e+00,2.675415355464977143e-18,1.752213239148999118e-14
1.273998242999099473e+00,2.686203113751153008e-18,1.763380862365547605e-14
1.272019984857796659e+00,2.697058962737821635e-18,1.774596851449158643e-14
1.270041726716493624e+00,2.707983490423977914e-18,1.785861221424140660e-14
1.268063468575190811e+00,2.718977291258419382e-18,1.797173985556011141e-14
1.266085210433887775e+00,2.730040966225559491e-18,1.808535155340738137e-14
1.264106952292584740e+00,2.741175122932598283e-18,1.819944740494026588e-14
1.262128694151281927e+00,2.752380375698045447e-18,1.831402748940683850e-14
1.260150436009978892e+00,2.763657345641645456e-18,1.842909186804028128e-14
1.258172177868675856e+00,2.775006660775714024e-18,1.854464058395380539e-14
1.256193919727373043e+00,2.786428956097920164e-18,1.866067366203608598e-14
1.254215661586070008e+00,2.797924873685534271e-18,1.877719110884744496e-14
1.252237403444766972e+00,2.809495062791175723e-18,1.889419291251669321e-14
1.250259145303464159e+00,2.821140179940081594e-18,1.901167904263864812e-14
1.248280887162161346e+00,2.832860889028923417e-18,1.912964945017241467e-14
1.246302629020858310e+00,2.844657861426205917e-18,1.924810406734028819e-14
1.244324370879555275e+00,2.856531776074276199e-18,1.936704280752753433e-14
1.242346112738252240e+00,2.868483319592966514e-18,1.948646556518278745e-14
1.240367854596949426e+00,2.880513186384904490e-18,1.960637221571924425e-14
1.238389596455646391e+00,2.892622078742529746e-18,1.972676261541669666e-14
1.236411338314343578e+00,2.904810706956833048e-18,1.984763660132420856e-14
1.234433080173040542e+00,2.917079789427861163e-18,1.996899399116376741e-14
1.232454822031737507e+00,2.929430052777018989e-18,2.009083458323465224e-14
1.230476563890434694e+00,2.941862231961197084e-18,2.021315815631858101e-14
1.228498305749131658e+00,2.954377070388770040e-18,2.033596446958572891e-14
1.226520047607828845e+00,2.966975320037480728e-18,2.045925326250173105e-14
1.224541789466526032e+00,2.979657741574273201e-18,2.058302425473534481e-14
1.222563531325222996e+00,2.992425104477086579e-18,2.070727714606709335e-14
1.220585273183919739e+00,3.005278187158661912e-18,2.083201161629877701e-14
1.218607015042616926e+00,3.018217777092388223e-18,2.095722732516391548e-14
1.216628756901313890e+00,3.031244670940245497e-18,2.108292391223904828e-14
1.214650498760011077e+00,3.044359674682861966e-18,2.120910099685606079e-14
1.212672240618708264e+00,3.057563603751738824e-18,2.133575817801528961e-14
1.210693982477405228e+00,3.070857283163688227e-18,2.146289503429978601e-14
1.208715724336102193e+00,3.084241547657513077e-18,2.159051112379034615e-14
1.206737466194799158e+00,3.097717241832982122e-18,2.171860598398167725e-14
1.204759208053496122e+00,3.111285220292140451e-18,2.184717913169946623e-14
1.202780949912193531e+00,3.124946347783008125e-18,2.197623006301845806e-14
1.200802691770890496e+00,3.138701499345697796e-18,2.210575825318162593e-14
1.198824433629587460e+00,3.152551560461015599e-18,2.223576315652028807e-14
1.196846175488284647e+00,3.166497427201581950e-18,2.236624420637527523e-14
1.194867917346981390e+00,3.180540006385522677e-18,2.249720081501920586e-14
1.192889659205678576e+00,3.194680215732792903e-18,2.262863237357974885e-14
1.190911401064375763e+00,3.208918984024166029e-18,2.276053825196413584e-14
1.188933142923072728e+00,3.223257251262954459e-18,2.289291779878451923e-14
1.186954884781769914e+00,3.237695968839514057e-18,2.302577034128460178e-14
1.184976626640466879e+00,3.252236099698580500e-18,2.315909518526738643e-14
1.182998368499163844e+00,3.266878618509501071e-18,2.329289161502391376e-14
1.181020110357861030e+00,3.281624511839420054e-18,2.342715889326344463e-14
1.179041852216557995e+00,3.296474778329466657e-18,2.356189626104435601e-14
1.177063594075254960e+00,3.311430428874014028e-18,2.369710293770657654e-14
1.175085335933952146e+00,3.326492486803076372e-18,2.383277812080512036e-14
1.173107077792649111e+00,3.341661988067890406e-18,2.396892098604458635e-14
1.171128819651346076e+00,3.356939981429762033e-18,2.410553068721522883e-14
1.169150561510043262e+00,3.372327528652230628e-18,2.424260635612992765e-14
1.167172303368740227e+00,3.387825704696632585e-18,2.438014710256257491e-14
1.165194045227437414e+00,3.403435597921117670e-18,2.451815201418755992e-14
1.163215787086134378e+00,3.419158310283203701e-18,2.465662015652070558e-14
1.161237528944831343e+00,3.434994957545927316e-18,2.479555057286120508e-14
1.159259270803528530e+00,3.450946669487674808e-18,2.493494228423508895e-14
1.157281012662225717e+00,3.467014590115761985e-18,2.507479428933981233e-14
1.155302754520922681e+00,3.483199877883853549e-18,2.521510556449015490e-14
1.153324496379619646e+00,3.499503705913274023e-18,2.535587506356557857e-14
1.151346238238316610e+00,3.515927262218326146e-18,2.549710171795865812e-14
1.149367980097013797e+00,3.532471749935663735e-18,2.563878443652507684e-14
1.147389721955710762e+00,3.549138387557836881e-18,2.578092210553485919e-14
1.145411463814407949e+00,3.565928409171070351e-18,2.592351358862494130e-14
1.143433205673104913e+00,3.582843064697381472e-18,2.606655772675312671e-14
1.141454947531801878e+00,3.599883620141108423e-18,2.621005333815351266e-14
1.139476689390498843e+00,3.617051357839973679e-18,2.635399921829311526e-14
1.137498431249196029e+00,3.634347576720745057e-18,2.649839413983011673e-14
1.135520173107892994e+00,3.651773592559605264e-18,2.664323685257327374e-14
1.133541914966590181e+00,3.669330738247340892e-18,2.678852608344298242e-14
1.131563656825287367e+00,3.687020364059426365e-18,2.693426053643369698e-14
1.129585398683984110e+00,3.704843837931143026e-18,2.708043889257765794e-14
1.127607140542681297e+00,3.722802545737803488e-18,2.722705980991025164e-14
1.125628882401378261e+00,3.740897891580212198e-18,2.737412192343683073e-14
1.123650624260075448e+00,3.759131298075490876e-18,2.752162384510076220e-14
1.121672366118772635e+00,3.777504206653326597e-18,2.766956416375340644e-14
1.119694107977469599e+00,3.796018077857834348e-18,2.781794144512501779e-14
1.117715849836166342e+00,3.814674391655098766e-18,2.796675423179771178e-14
1.115737591694863529e+00,3.833474647746549133e-18,2.811600104317956534e-14
1.113759333553560493e+00,3.852420365888273939e-18,2.826568037548038922e-14
1.111781075412257680e+00,3.871513086216420609e-18,2.841579070168903726e-14
1.109802817270954867e+00,3.890754369578822157e-18,2.856633047155221123e-14
1.107824559129651831e+00,3.910145797872946269e-18,2.871729811155481190e-14
1.105846300988348796e+00,3.929688974390357895e-18,2.886869202490194356e-14
1.103868042847045761e+00,3.949385524167809341e-18,2.902051059150246151e-14
1.101889784705742947e+00,3.969237094345102704e-18,2.917275216795387643e-14
1.099911526564440134e+00,3.989245354529897984e-18,2.932541508752929716e-14
1.097933268423137099e+00,4.009411997169593975e-18,2.947849766016551574e-14
1.095955010281834063e+00,4.029738737930458364e-18,2.963199817245300463e-14
1.093976752140531250e+00,4.050227316084179586e-18,2.978591488762732765e-14
1.091998493999227993e+00,4.070879494901958314e-18,2.994024604556245669e-14
1.090020235857925179e+00,4.091697062056385098e-18,3.009498986276528759e-14
1.088041977716622366e+00,4.112681830031201219e-18,3.025014453237228272e-14
1.086063719575319331e+00,4.133835636539186968e-18,3.040570822414736317e-14
1.084085461434016517e+00,4.155160344948316021e-18,3.056167908448169415e-14
1.082107203292713482e+00,4.176657844716394678e-18,3.071805523639509234e-14
1.080128945151410447e+00,4.198330051834354709e-18,3.087483477953899200e-14
1.078150687010107633e+00,4.220178909278432424e-18,3.103201579020128544e-14
1.076172428868804598e+00,4.242206387471399621e-18,3.118959632131267803e-14
1.074194170727501563e+00,4.264414484753082142e-18,3.134757440245487349e-14
1.072215912586198749e+00,4.286805227860375568e-18,3.150594803987029260e-14
1.070237654444895714e+00,4.309380672416976848e-18,3.166471521647374205e-14
1.068259396303592679e+00,4.332142903433048335e-18,3.182387389186558529e-14
1.066281138162289865e+00,4.355094035815072302e-18,3.198342200234674976e-14
1.064302880020986830e+00,4.378236214886106250e-18,3.214335746093542555e-14
1.062324621879684017e+00,4.401571616916705553e-18,3.230367815738554998e-14
1.060346363738380981e+00,4.425102449666746106e-18,3.246438195820698348e-14
1.058368105597077946e+00,4.448830952938425828e-18,3.262546670668739577e-14
1.056389847455775133e+00,4.472759399140692332e-18,3.278693022291610207e-14
1.054411589314472320e+00,4.496890093865382559e-18,3.294877030380938870e-14
1.052433331173169284e+00,4.521225376475337835e-18,3.311098472313783922e-14
1.050455073031866249e+00,4.545767620704803293e-18,3.327357123155534558e-14
1.048476814890563213e+00,4.570519235272386661e-18,3.343652755662980424e-14
1.046498556749260400e+00,4.595482664506888428e-18,3.359985140287577509e-14
1.044520298607957365e+00,4.620660388986321545e-18,3.376354045178887571e-14
1.042542040466654552e+00,4.646054926190424966e-18,3.392759236188186705e-14
1.040563782325351516e+00,4.671668831167005367e-18,3.409200476872260713e-14
1.038585524184048481e+00,4.697504697212459863e-18,3.425677528497391054e-14
1.036607266042745445e+00,4.723565156566803301e-18,3.442190150043503630e-14
1.034629007901442632e+00,4.749852881123567579e-18,3.458738098208513824e-14
1.032650749760139819e+00,4.776370583154947388e-18,3.475321127412843838e-14
1.030672491618836784e+00,4.803121016052556018e-18,3.491938989804129351e-14
1.028694233477533970e+00,4.830106975084184091e-18,3.508591435262099727e-14
1.026715975336230713e+00,4.857331298166964132e-18,3.525278211403655127e-14
1.024737717194927900e+00,4.884796866657340045e-18,3.541999063588112745e-14
1.022759459053624864e+00,4.912506606158275965e-18,3.558753734922647427e-14
1.020781200912322051e+00,4.940463487344123580e-18,3.575541966267900159e-14
1.018802942771019238e+00,4.968670526803606290e-18,3.592363496243810581e-14
1.016824684629716202e+00,4.997130787901371642e-18,3.609218061235568793e-14
1.014846426488413167e+00,5.025847381658581194e-18,3.626105395399814536e-14
1.012868168347110132e+00,5.054823467653025464e-18,3.643025230670994146e-14
1.010889910205807096e+00,5.084062254939275477e-18,3.659977296767899271e-14
1.008911652064504505e+00,5.113567002989351632e-18,3.676961321200392378e-14
1.006933393923201470e+00,5.143341022654475338e-18,3.693977029276338002e-14
1.004955135781898434e+00,5.173387677148431126e-18,3.711024144108693027e-14
1.002976877640595621e+00,5.203710383053081576e-18,3.728102386622797657e-14
1.000998619499292364e+00,5.234312611346651359e-18,3.745211475563853815e-14
9.990203613579894393e-01,5.265197888455329666e-18,3.762351127504569519e-14
9.970421032166866260e-01,5.296369797328832754e-18,3.779521056853037399e-14
9.950638450753837017e-01,5.327831978540551361e-18,3.796720975860741315e-14
9.930855869340806663e-01,5.359588131412897770e-18,3.813950594630778811e-14
9.911073287927778530e-01,5.391642015168585125e-18,3.831209621126288680e-14
9.891290706514749287e-01,5.423997450108439911e-18,3.848497761179028085e-14
9.871508125101718933e-01,5.456658318816546442e-18,3.865814718498153529e-14
9.851725543688688580e-01,5.489628567393366663e-18,3.883160194679190522e-14
9.831942962275659337e-01,5.522912206717657968e-18,3.900533889213202033e-14
9.812160380862631204e-01,5.556513313737902457e-18,3.917935499496099577e-14
9.792377799449600850e-01,5.590436032794103460e-18,3.935364720838199789e-14
9.772595218036571607e-01,5.624684576970710500e-18,3.952821246473926153e-14
9.752812636623541254e-01,5.659263229481573233e-18,3.970304767571701318e-14
9.733030055210512010e-01,5.694176345087756377e-18,3.987814973244048301e-14
9.713247473797481657e-01,5.729428351549147774e-18,4.005351550557855779e-14
9.693464892384453524e-01,5.765023751110757084e-18,4.022914184544838383e-14
9.673682310971423171e-01,5.800967122024698094e-18,4.040502558212181274e-14
9.653899729558393927e-01,5.837263120108795291e-18,4.058116352553363942e-14
9.634117148145365794e-01,5.873916480342879344e-18,4.075755246559188486e-14
9.614334566732334331e-01,5.910932018503788376e-18,4.093418917228967549e-14
9.594551985319306198e-01,5.948314632840177450e-18,4.111107039581914213e-14
9.574769403906275844e-01,5.986069305788230175e-18,4.128819286668715532e-14
9.554986822493246601e-01,6.024201105729464979e-18,4.146555329583278988e-14
9.535204241080218468e-01,6.062715188791772355e-18,4.164314837474669532e-14
9.515421659667188115e-01,6.101616800694971119e-18,4.182097477559246685e-14
9.495639078254158871e-01,6.140911278642091651e-18,4.199902915132944891e-14
9.475856496841128518e-01,6.180604053257735787e-18,4.217730813583779174e-14
9.456073915428098164e-01,6.220700650574861531e-18,4.235580834404507300e-14
9.436291334015071142e-01,6.261206694071356902e-18,4.253452637205480004e-14
9.416508752602040788e-01,6.302127906757870483e-18,4.271345879727676133e-14
9.396726171189010435e-01,6.343470113318391651e-18,4.289260217855922056e-14
9.376943589775983412e-01,6.385239242305091185e-18,4.307195305632267593e-14
9.357161008362950838e-01,6.427441328389024632e-18,4.325150795269586606e-14
9.337378426949920485e-01,6.470082514668343162e-18,4.343126337165298131e-14
9.317595845536893462e-01,6.513169055035699817e-18,4.361121579915340577e-14
9.297813264123863108e-01,6.556707316606599879e-18,4.379136170328242477e-14
9.278030682710832755e-01,6.600703782210508822e-18,4.397169753439431164e-14
9.258248101297805732e-01,6.645165052946605260e-18,4.415221972525692909e-14
9.238465519884773158e-01,6.690097850806073236e-18,4.433292469119823012e-14
9.218682938471745025e-01,6.735509021362979952e-18,4.451380883025433037e-14
9.198900357058715782e-01,6.781405536535772732e-18,4.469486852331949901e-14
9.179117775645685429e-01,6.827794497421568430e-18,4.487610013429776511e-14
9.159335194232657296e-01,6.874683137205394646e-18,4.505750001025643008e-14
9.139552612819628052e-01,6.922078824146744693e-18,4.523906448158108819e-14
9.119770031406597699e-01,6.969989064645750514e-18,4.542078986213256580e-14
9.099987449993568456e-01,7.018421506391453374e-18,4.560267244940548236e-14
9.080204868580538102e-01,7.067383941594719931e-18,4.578470852468849648e-14
9.060422287167508859e-01,7.116884310308396015e-18,4.596689435322630638e-14
9.040639705754480726e-01,7.166930703837457563e-18,4.614922618438330383e-14
9.020857124341450373e-01,7.217531368241919733e-18,4.633170025180890048e-14
9.001074542928421129e-01,7.268694707935486312e-18,4.651431277360456441e-14
8.981291961515390776e-01,7.320429289382889934e-18,4.669705995249250381e-14
8.961509380102361533e-01,7.372743844899113989e-18,4.687993797598591585e-14
8.941726798689331179e-01,7.425647276553637811e-18,4.706294301656108448e-14
8.921944217276303046e-01,7.479148660183216485e-18,4.724607123183092994e-14
8.902161635863273803e-01,7.533257249516494014e-18,4.742931876472010423e-14
8.882379054450243450e-01,7.587982480414173832e-18,4.761268174364202418e-14
8.862596473037215317e-01,7.643333975228469076e-18,4.779615628267726758e-14
8.842813891624183853e-01,7.699321547285633667e-18,4.797973848175350921e-14
8.823031310211154610e-01,7.755955205495683327e-18,4.816342442682716710e-14
8.803248728798126477e-01,7.813245159093397241e-18,4.834721019006665177e-14
8.783466147385096123e-01,7.871201822514959101e-18,4.853109183003707327e-14
8.763683565972066880e-01,7.929835820414710332e-18,4.871506539188649442e-14
8.743900984559038747e-01,7.989157992826656210e-18,4.889912690753381218e-14
8.724118403146007283e-01,8.049179400475539696e-18,4.908327239585797705e-14
8.704335821732978040e-01,8.109911330242527392e-18,4.926749786288910560e-14
8.684553240319948797e-01,8.171365300790645987e-18,4.945179930200057133e-14
8.664770658906919554e-01,8.233553068355418815e-18,4.963617269410300757e-14
8.644988077493890311e-01,8.296486632706273846e-18,4.982061400783950963e-14
8.625205496080861067e-01,8.360178243284539433e-18,5.000511919978255331e-14
8.605422914667831824e-01,8.424640405524070587e-18,5.018968421463216947e-14
8.585640333254801471e-01,8.489885887360825945e-18,5.037430498541556366e-14
8.565857751841771117e-01,8.555927725937818763e-18,5.055897743368818099e-14
8.546075170428741874e-01,8.622779234512344485e-18,5.074369746973632348e-14
8.526292589015713741e-01,8.690454009572410525e-18,5.092846099278098541e-14
8.506510007602683388e-01,8.758965938169799270e-18,5.111326389118305815e-14
8.486727426189654144e-01,8.828329205477283138e-18,5.129810204264992331e-14
8.466944844776623791e-01,8.898558302577969660e-18,5.148297131444367420e-14
8.447162263363594548e-01,8.969668034495016486e-18,5.166786756359016397e-14
8.427379681950564194e-01,9.041673528470233546e-18,5.185278663708994067e-14
8.407597100537536061e-01,9.114590242500550286e-18,5.203772437212976928e-14
8.387814519124506818e-01,9.188433974141580109e-18,5.222267659629635625e-14
8.368031937711477575e-01,9.263220869587956358e-18,5.240763912779049676e-14
8.348249356298448332e-01,9.338967433040510142e-18,5.259260777564306490e-14
8.328466774885416868e-01,9.415690536370727007e-18,5.277757833993195040e-14
8.308684193472387625e-01,9.493407429093421726e-18,5.296254661200038377e-14
8.288901612059359492e-01,9.572135748658958770e-18,5.314750837467623963e-14
8.269119030646329138e-01,9.651893531076877552e-18,5.333245940249295564e-14
8.249336449233299895e-01,9.732699221883234542e-18,5.351739546191105725e-14
8.229553867820271762e-01,9.814571687464528997e-18,5.370231231154143689e-14
8.209771286407241409e-01,9.897530226751622948e-18,5.388720570236944099e-14
8.189988704994211055e-01,9.981594583297589924e-18,5.407207137797995403e-14
8.170206123581181812e-01,1.006678495775410638e-17,5.425690507478411719e-14
8.150423542168152569e-01,1.015312202076156521e-17,5.444170252224653293e-14
8.130640960755123325e-01,1.024062692626878418e-17,5.462645944311398413e-14
8.110858379342094082e-01,1.032932132529882589e-17,5.481117155364503683e-14
8.091075797929064839e-01,1.041922738017828589e-17,5.499583456384067786e-14
8.071293216516034486e-01,1.051036777924794317e-17,5.518044417767591815e-14
8.051510635103004132e-01,1.060276575207381179e-17,5.536499609333282221e-14
8.031728053689974889e-01,1.069644508517803503e-17,5.554948600343365755e-14
8.011945472276946756e-01,1.079143013831037875e-17,5.573390959527594368e-14
7.992162890863916402e-01,1.088774586128165107e-17,5.591826255106811325e-14
7.972380309450887159e-01,1.098541781138158319e-17,5.610254054816557713e-14
7.952597728037859026e-01,1.108447217140458768e-17,5.628673925930866375e-14
7.932815146624827563e-01,1.118493576830796590e-17,5.647085435286072259e-14
7.913032565211798319e-01,1.128683609252818268e-17,5.665488149304725632e-14
7.893249983798769076e-01,1.139020131798210326e-17,5.683881634019618258e-14
7.873467402385739833e-01,1.149506032278124806e-17,5.702265455097855646e-14
7.853684820972710590e-01,1.160144271068845346e-17,5.720639177865035953e-14
7.833902239559681346e-01,1.170937883334781177e-17,5.739002367329498936e-14
7.814119658146649883e-01,1.181889981331996905e-17,5.757354588206655058e-14
7.794337076733620640e-01,1.193003756795667678e-17,5.775695404943378952e-14
7.774554495320592507e-01,1.204282483414990225e-17,5.794024381742500720e-14
7.754771913907562153e-01,1.215729519399254476e-17,5.812341082587338872e-14
7.734989332494532910e-01,1.227348310138969218e-17,5.830645071266326672e-14
7.715206751081504777e-01,1.239142390966101810e-17,5.848935911397690229e-14
7.695424169668474423e-01,1.251115390017718152e-17,5.867213166454197277e-14
7.675641588255444070e-01,1.263271031207492287e-17,5.885476399787970316e-14
7.655859006842414827e-01,1.275613137309796637e-17,5.903725174655364133e-14
7.636076425429385583e-01,1.288145633161303530e-17,5.921959054241879923e-14
7.616293844016356340e-01,1.300872548985279266e-17,5.940177601687174069e-14
7.596511262603327097e-01,1.313798023844015684e-17,5.958380380110088389e-14
7.576728681190297854e-01,1.326926309225112173e-17,5.976566952633740955e-14
7.556946099777267500e-01,1.340261772767615625e-17,5.994736882410668673e-14
7.537163518364237147e-01,1.353808902134331549e-17,6.012889732648035488e-14
7.517380936951207904e-01,1.367572309036939533e-17,6.031025066632851954e-14
7.497598355538179771e-01,1.381556733420901430e-17,6.049142447757260431e-14
7.477815774125149417e-01,1.395767047817491567e-17,6.067241439543859418e-14
7.458033192712120174e-01,1.410208261870692151e-17,6.085321605671061957e-14
7.438250611299092041e-01,1.424885527047069590e-17,6.103382509998490643e-14
7.418468029886060577e-01,1.439804141537211501e-17,6.121423716592413027e-14
7.398685448473031334e-01,1.454969555357727600e-17,6.139444789751198469e-14
7.378902867060002091e-01,1.470387375663331807e-17,6.157445294030822962e-14
7.359120285646972848e-01,1.486063372279014994e-17,6.175424794270368898e-14
7.339337704233943604e-01,1.502003483462863717e-17,6.193382855617604360e-14
7.319555122820913251e-01,1.518213821910659890e-17,6.211319043554506875e-14
7.299772541407884008e-01,1.534700681014022807e-17,6.229232923922891921e-14
7.279989959994854765e-01,1.551470541384466329e-17,6.247124062950013682e-14
7.260207378581825521e-01,1.568530077656478627e-17,6.264992027274161996e-14
7.240424797168795168e-01,1.585886165583431105e-17,6.282836383970324956e-14
7.220642215755765925e-01,1.603545889440923055e-17,6.300656700575831299e-14
7.200859634342736681e-01,1.621516549752984896e-17,6.318452545116002909e-14
7.181077052929707438e-01,1.639805671357445992e-17,6.336223486129824974e-14
7.161294471516678195e-01,1.658421011827724012e-17,6.353969092695601009e-14
7.141511890103647842e-01,1.677370570269268352e-17,6.371688934456640693e-14
7.121729308690618598e-01,1.696662596509971188e-17,6.389382581646909833e-14
7.101946727277589355e-01,1.716305600704987801e-17,6.407049605116709370e-14
7.082164145864560112e-01,1.736308363377611164e-17,6.424689576358322824e-14
7.062381564451529758e-01,1.756679945919140325e-17,6.442302067531680145e-14
7.042598983038501625e-01,1.777429701572049964e-17,6.459886651489995063e-14
7.022816401625471272e-01,1.798567286922235316e-17,6.477442901805387291e-14
7.003033820212440919e-01,1.820102673927676036e-17,6.494970392794513563e-14
6.983251238799412786e-01,1.842046162512533681e-17,6.512468699544136820e-14
6.963468657386382432e-01,1.864408393757475813e-17,6.529937397936732011e-14
6.943686075973352079e-01,1.887200363718943803e-17,6.547376064676028773e-14
6.923903494560323946e-01,1.910433437912115813e-17,6.564784277312517513e-14
6.904120913147294702e-01,1.934119366494508917e-17,6.582161614268990836e-14
6.884338331734264349e-01,1.958270300189500710e-17,6.599507654865989033e-14
6.864555750321235106e-01,1.982898806991559675e-17,6.616821979347251900e-14
6.844773168908205863e-01,2.008017889697675170e-17,6.634104168905111216e-14
6.824990587495176619e-01,2.033641004312338377e-17,6.651353805705869347e-14
6.805208006082146266e-01,2.059782079376536378e-17,6.668570472915124840e-14
6.785425424669117023e-01,2.086455536274535313e-17,6.685753754723053830e-14
6.765642843256087779e-01,2.113676310575787713e-17,6.702903236369663696e-14
6.745860261843058536e-01,2.141459874473144173e-17,6.720018504169974754e-14
6.726077680430028183e-01,2.169822260382648851e-17,6.737099145539171673e-14
6.706295099016998940e-01,2.198780085774642676e-17,6.754144749017701870e-14
6.686512517603969696e-01,2.228350579310665859e-17,6.771154904296296920e-14
6.666729936190940453e-01,2.258551608365765323e-17,6.788129202240972501e-14
6.646947354777911210e-01,2.289401708021371361e-17,6.805067234917958922e-14
6.627164773364881967e-01,2.320920111619850800e-17,6.821968595618523109e-14
6.607382191951851613e-01,2.353126782978287021e-17,6.838832878883819615e-14
6.587599610538822370e-01,2.386042450365966224e-17,6.855659680529576284e-14
6.567817029125793127e-01,2.419688642357576170e-17,6.872448597670777397e-14
6.548034447712762773e-01,2.454087725682181418e-17,6.889199228746244575e-14
6.528251866299734640e-01,2.489262945196846871e-17,6.905911173543179821e-14
6.508469284886704287e-01,2.525238466123232721e-17,6.922584033221543215e-14
6.488686703473673933e-01,2.562039418695750722e-17,6.939217410338482358e-14
6.468904122060645800e-01,2.599691945381013522e-17,6.955810908872575013e-14
6.449121540647616557e-01,2.638223250840322835e-17,6.972364134248021266e-14
6.429338959234585094e-01,2.677661654820074343e-17,6.988876693358763728e-14
6.409556377821556961e-01,2.718036648169097212e-17,7.005348194592521925e-14
6.389773796408527717e-01,2.759378952197429983e-17,7.021778247854676480e-14
6.369991214995497364e-01,2.801720581607737195e-17,7.038166464592157082e-14
6.350208633582468121e-01,2.845094911248882187e-17,7.054512457817147441e-14
6.330426052169438877e-01,2.889536746960967060e-17,7.070815842130739758e-14
6.310643470756409634e-01,2.935082400802821594e-17,7.087076233746464233e-14
6.290860889343379281e-01,2.981769770976529313e-17,7.103293250513750424e-14
6.271078307930350038e-01,3.029638426789263686e-17,7.119466511941224513e-14
6.251295726517320794e-01,3.078729699020881810e-17,7.135595639219964932e-14
6.231513145104291551e-01,3.129086776096408997e-17,7.151680255246597679e-14
6.211730563691261198e-01,3.180754806496148231e-17,7.167719984646290672e-14
6.191947982278231954e-01,3.233781007872961137e-17,7.183714453795661004e-14
6.172165400865202711e-01,3.288214783386532921e-17,7.199663290845528221e-14
6.152382819452173468e-01,3.344107845808652478e-17,7.215566125743556514e-14
6.132600238039144225e-01,3.401514350002037142e-17,7.231422590256789647e-14
6.112817656626114982e-01,3.460491034428482168e-17,7.247232317994063432e-14
6.093035075213084628e-01,3.521097372400734150e-17,7.262994944428249086e-14
6.073252493800055385e-01,3.583395733856906715e-17,7.278710106918423380e-14
6.053469912387026142e-01,3.647451558507299918e-17,7.294377444731874699e-14
6.033687330973995788e-01,3.713333541281740989e-17,7.309996599065982891e-14
6.013904749560967655e-01,3.781113831092007231e-17,7.325567213069956484e-14
5.994122168147937302e-01,3.850868244019304581e-17,7.341088931866451266e-14
5.974339586734906948e-01,3.922676492142372387e-17,7.356561402573013411e-14
5.954557005321878815e-01,3.996622429338640542e-17,7.371984274323433004e-14
5.934774423908849572e-01,4.072794315520336891e-17,7.387357198288881722e-14
5.914991842495819219e-01,4.151285100911170829e-17,7.402679827698969742e-14
5.895209261082789975e-01,4.232192732128730995e-17,7.417951817862620896e-14
5.875426679669760732e-01,4.315620482015167040e-17,7.433172826188791308e-14
5.855644098256730379e-01,4.401677305356245131e-17,7.448342512207032795e-14
5.835861516843701136e-01,4.490478222848875214e-17,7.463460537587947711e-14
5.816078935430671892e-01,4.582144735922904968e-17,7.478526566163397673e-14
5.796296354017642649e-01,4.676805275297188358e-17,7.493540263946644123e-14
5.776513772604613406e-01,4.774595686456936687e-17,7.508501299152266754e-14
5.756731191191583052e-01,4.875659755582957090e-17,7.523409342215911536e-14
5.736948609778553809e-01,4.980149779848902141e-17,7.538264065813933985e-14
5.717166028365524566e-01,5.088227186435459758e-17,7.553065144882811449e-14
5.697383446952494213e-01,5.200063205097158820e-17,7.567812256638395105e-14
5.677600865539464969e-01,5.315839599665573920e-17,7.582505080595038257e-14
5.657818284126436836e-01,5.435749464490833818e-17,7.597143298584449478e-14
5.638035702713406483e-01,5.559998092521384609e-17,7.611726594774495271e-14
5.618253121300377240e-01,5.688803922511547295e-17,7.626254655687713684e-14
5.598470539887347996e-01,5.822399573740863151e-17,7.640727170219701715e-14
5.578687958474317643e-01,5.961032977644001045e-17,7.655143829657310859e-14
5.558905377061288400e-01,6.104968616903462824e-17,7.669504327696648286e-14
5.539122795648259157e-01,6.254488883870068768e-17,7.683808360460915190e-14
5.519340214235228803e-01,6.409895571673415664e-17,7.698055626517996498e-14
5.499557632822200670e-01,6.571511513094571158e-17,7.712245826897958436e-14
5.479775051409170317e-01,6.739682384230281552e-17,7.726378665110219189e-14
5.459992469996139963e-01,6.914778692221604043e-17,7.740453847160684223e-14
5.440209888583111830e-01,7.097197968896991760e-17,7.754471081568525670e-14
5.420427307170082587e-01,7.287367195145943692e-17,7.768430079382889775e-14
5.400644725757052234e-01,7.485745484259641400e-17,7.782330554199312772e-14
5.380862144344022990e-01,7.692827056427683078e-17,7.796172222175999191e-14
5.361079562930993747e-01,7.909144541157107428e-17,7.809954802049864126e-14
5.341296981517963394e-01,8.135272649692233337e-17,7.823678015152358425e-14
5.321514400104934150e-01,8.371832265692674539e-17,7.837341585425127256e-14
5.301731818691904907e-01,8.619495009631082986e-17,7.850945239435414985e-14
5.281949237278875664e-01,8.878988340791070795e-17,7.864488706391287039e-14
5.262166655865846421e-01,9.151101270609263267e-17,7.877971718156632143e-14
5.242384074452816067e-01,9.436690772690108053e-17,7.891394009265938633e-14
5.222601493039786824e-01,9.736688988464447330e-17,7.904755316938857462e-14
5.202818911626757581e-01,1.005211134357184697e-16,7.918055381094589755e-14
5.183036330213727227e-01,1.038406570912131734e-16,7.931293944365971451e-14
5.163253748800699094e-01,1.073376276463712729e-16,7.944470752113416579e-14
5.143471167387669851e-01,1.110252774647698061e-16,7.957585552438586636e-14
5.123688585974639498e-01,1.149181379774591148e-16,7.970638096197866855e-14
5.103906004561610255e-01,1.190321717436800132e-16,7.983628137015590044e-14
5.084123423148581011e-01,1.233849460844513436e-16,7.996555431297072348e-14
5.064340841735550658e-01,1.279958318610624995e-16,8.009419738241365031e-14
5.044558260322522525e-01,1.328862316496018687e-16,8.022220819853815668e-14
5.024775678909492171e-01,1.380798423881359946e-16,8.034958440958410972e-14
5.004993097496461818e-01,1.436029585804508072e-16,8.047632369209826809e-14
4.985210516083433130e-01,1.494848233743545536e-16,8.060242375105316644e-14
4.965427934670403332e-01,1.557580363507791740e-16,8.072788231996285706e-14
4.945645353257374643e-01,1.624590287358584194e-16,8.085269716099736419e-14
4.925862771844344290e-01,1.696286190765573381e-16,8.097686606509325071e-14
4.906080190431315602e-01,1.773126653240628561e-16,8.110038685206337712e-14
4.886297609018285804e-01,1.855628329079621137e-16,8.122325737070318949e-14
4.866515027605256005e-01,1.944375029678511828e-16,8.134547549889481125e-14
4.846732446192226762e-01,2.040028507138227464e-16,8.146703914370906495e-14
4.826949864779196964e-01,2.143341312800250268e-16,8.158794624150450279e-14
4.807167283366167165e-01,2.255172199061268065e-16,8.170819475802454368e-14
4.787384701953137922e-01,2.376504654891814641e-16,8.182778268849155606e-14
4.767602120540109234e-01,2.508469323862764154e-16,8.194670805769907249e-14
4.747819539127079436e-01,2.652371260363223525e-16,8.206496892010084897e-14
4.728036957714049082e-01,2.809723251867386935e-16,8.218256335989816969e-14
4.708254376301020394e-01,2.982286795893755716e-16,8.229948949112383236e-14
4.688471794887991706e-01,3.172122802363406712e-16,8.241574545772445478e-14
4.668689213474960242e-01,3.381654741599071217e-16,8.253132943363948716e-14
4.648906632061931554e-01,3.613747841190329471e-16,8.264623962287819230e-14
4.629124050648902866e-01,3.871809146603622434e-16,8.276047425959384904e-14
4.609341469235872513e-01,4.159914939694363615e-16,8.287403160815544391e-14
4.589558887822842714e-01,4.482974361339503523e-16,8.298690996321690157e-14
4.569776306409814026e-01,4.846941415914782994e-16,8.309910764978355108e-14
4.549993724996784228e-01,5.259092310710262362e-16,8.321062302327609304e-14
4.530211143583754430e-01,5.728392015736226937e-16,8.332145446959194143e-14
4.510428562170725186e-01,6.265984129890433288e-16,8.343160040516438187e-14
4.490645980757695388e-01,6.885853366547505920e-16,8.354105927701815787e-14
4.470863399344665590e-01,7.605733053817711558e-16,8.364982956282356784e-14
4.451080817931636902e-01,8.448365610861491189e-16,8.375790977094702782e-14
4.431298236518607658e-01,9.443279724547312895e-16,8.386529844049970325e-14
4.411515655105577305e-01,1.062933700435255801e-15,8.397199414138298521e-14
4.391733073692548062e-01,1.205844589573368293e-15,8.407799547433174521e-14
4.371950492279519374e-01,1.380108154148493080e-15,8.418330107095442197e-14
4.352167910866489020e-01,1.595465883033821407e-15,8.428790959377135375e-14
4.332385329453459777e-01,1.865651274014411800e-15,8.439181973624919792e-14
4.312602748040430534e-01,2.210448511012873468e-15,8.449503022283393691e-14
4.292820166627400735e-01,2.659033650648320477e-15,8.459753980898046364e-14
4.273037585214370937e-01,3.255515191208413593e-15,8.469934728117969310e-14
4.253255003801341694e-01,4.068268971821318435e-15,8.480045145698306120e-14
4.233472422388311895e-01,5.205673853190157581e-15,8.490085118502433521e-14
4.213689840975282097e-01,6.841557906491998137e-15,8.500054534503863479e-14
4.193907259562253409e-01,9.249526007376753670e-15,8.509953284787902956e-14
4.174124678149224166e-01,1.281424947253705360e-14,8.519781263553017071e-14
4.154342096736193812e-01,1.785053695350599498e-14,8.529538368111937282e-14
4.134559515323164569e-01,2.373853258292542828e-14,8.539224498892502006e-14
4.114776933910135881e-01,2.747618425796605383e-14,8.548839559438235949e-14
4.094994352497105528e-01,2.574315244284745002e-14,8.558383456408618957e-14
4.075211771084076284e-01,2.021832612712731373e-14,8.567856099579165529e-14
4.055429189671047041e-01,1.466577841374788145e-14,8.577257401841159762e-14
4.035646608258017243e-01,1.053461877537769813e-14,8.586587279201142905e-14
4.015864026844987444e-01,7.720297355981953667e-15,8.595845650780159842e-14
3.996081445431958201e-01,5.821089897691722101e-15,8.605032438812700121e-14
3.976298864018929513e-01,4.516046347144652829e-15,8.614147568645402965e-14
3.956516282605899160e-01,3.595684869271393075e-15,8.623190968735442942e-14
3.936733701192869916e-01,2.929160687285117373e-15,8.632162570648727578e-14
3.916951119779840673e-01,2.434486326593927887e-15,8.641062309057726412e-14
3.897168538366810320e-01,2.059286466203915955e-15,8.649890121739135969e-14
3.877385956953781077e-01,1.769279218833493995e-15,8.658645949571167337e-14
3.857603375540752388e-01,1.541459733220597866e-15,8.667329736530686075e-14
3.837820794127722035e-01,1.360020154012306044e-15,8.675941429689975992e-14
3.818038212714692792e-01,1.213858379580616361e-15,8.684480979213292136e-14
3.798255631301663549e-01,1.095022101438397742e-15,8.692948338353152520e-14
3.778473049888633750e-01,9.977145253343549169e-16,8.701343463446306726e-14
3.758690468475603952e-01,9.176449290841312638e-16,8.709666313909536642e-14
3.738907887062574709e-01,8.515956971711657563e-16,8.717916852235076017e-14
3.719125305649546021e-01,7.971282343430319247e-16,8.726095043985850794e-14
3.699342724236515667e-01,7.523798564382502526e-16,8.734200857790425347e-14
3.679560142823486424e-01,7.159214920907658162e-16,8.742234265337679883e-14
3.659777561410456626e-01,6.866568441802664073e-16,8.750195241371212680e-14
3.639994979997427382e-01,6.637503929849873617e-16,8.758083763683517670e-14
3.620212398584397584e-01,6.465759027190862914e-16,8.765899813109874229e-14
3.600429817171368341e-01,6.346798732285283440e-16,8.773643373521955517e-14
3.580647235758339098e-01,6.277562294729930483e-16,8.781314431821207092e-14
3.560864654345309299e-01,6.256298122727345038e-16,8.788912977931974356e-14
3.541082072932280056e-01,6.282471448018199219e-16,8.796439004794320762e-14
3.521299491519250813e-01,6.356736452057651646e-16,8.803892508356642818e-14
3.501516910106220459e-01,6.480970383728800750e-16,8.811273487567974587e-14
3.481734328693191216e-01,6.658372693766073897e-16,8.818581944370078885e-14
3.461951747280161973e-01,6.893638112517889669e-16,8.825817883689265849e-14
3.442169165867132175e-01,7.193219720755341234e-16,8.832981313427928769e-14
3.422386584454102931e-01,7.565707458584220182e-16,8.840072244455871675e-14
3.402604003041073133e-01,8.022360690791306312e-16,8.847090690601365539e-14
3.382821421628043890e-01,8.577852699965884181e-16,8.854036668641921765e-14
3.363038840215014091e-01,9.251313975127754563e-16,8.860910198294864980e-14
3.343256258801984848e-01,1.006780590219140091e-15,8.867711302207604175e-14
3.323473677388955605e-01,1.106042699569261661e-15,8.874440005947705676e-14
3.303691095975925807e-01,1.227336734120005482e-15,8.881096337992661936e-14
3.283908514562896563e-01,1.376641347800072014e-15,8.887680329719459635e-14
3.264125933149867320e-01,1.562171897848539016e-15,8.894192015393876420e-14
3.244343351736836967e-01,1.795419215444707356e-15,8.900631432159531511e-14
3.224560770323808279e-01,2.092778864346541415e-15,8.906998620026717958e-14
3.204778188910778480e-01,2.478165749212796266e-15,8.913293621860945856e-14
3.184995607497748682e-01,2.987305515561176361e-15,8.919516483371294970e-14
3.165213026084719439e-01,3.674916001086911583e-15,8.925667253098493469e-14
3.145430444671689640e-01,4.626845950741168519e-15,8.931745982402754324e-14
3.125647863258660397e-01,5.980284445790968947e-15,8.937752725451419851e-14
3.105865281845630599e-01,7.954554113492420447e-15,8.943687539206286926e-14
3.086082700432601356e-01,1.088243073055078375e-14,8.949550483410797147e-14
3.066300119019572112e-01,1.516321771577311595e-14,8.955341620576924069e-14
3.046517537606542314e-01,2.081969245690811494e-14,8.961061015971824419e-14
3.026734956193513071e-01,2.615630471481357263e-14,8.966708737604327747e-14
3.006952374780483828e-01,2.732276599904650498e-14,8.972284856211106749e-14
2.987169793367453474e-01,2.317638756413157296e-14,8.977789445242702436e-14
2.967387211954424786e-01,1.728420808782232544e-14,8.983222580849261529e-14
2.947604630541394988e-01,1.239447614379472240e-14,8.988584341866065598e-14
2.927822049128365189e-01,8.964180393351332358e-15,8.993874809798889801e-14
2.908039467715335946e-01,6.649198977119927445e-15,8.999094068809044816e-14
2.888256886302306703e-01,5.073569925914158186e-15,9.004242205698278682e-14
2.868474304889276905e-01,3.975137339592439576e-15,9.009319309893432501e-14
2.848691723476247106e-01,3.188081627613662265e-15,9.014325473430867695e-14
2.828909142063218418e-01,2.608985480857847032e-15,9.019260790940711508e-14
2.809126560650188620e-01,2.172476671849016953e-15,9.024125359630855119e-14
2.789343979237158822e-01,1.836280757722025881e-15,9.028919279270757381e-14
2.769561397824129578e-01,1.572364195413273982e-15,9.033642652175046613e-14
2.749778816411100335e-01,1.361671541325495187e-15,9.038295583186915392e-14
2.729996234998069982e-01,1.190945438889935236e-15,9.042878179661275532e-14
2.710213653585041294e-01,1.050762782231028044e-15,9.047390551447759082e-14
2.690431072172011495e-01,9.342936179564291823e-16,9.051832810873511057e-14
2.670648490758981697e-01,8.364987800569792331e-16,9.056205072725725950e-14
2.650865909345952454e-01,7.535998237152619091e-16,9.060507454234041625e-14
2.631083327932923210e-01,6.827216822551795535e-16,9.064740075052786784e-14
2.611300746519893412e-01,6.216471888986440421e-16,9.068903057242868723e-14
2.591518165106863614e-01,5.686454823158339190e-16,9.072996525253650993e-14
2.571735583693834926e-01,5.223501128630825768e-16,9.077020605904552106e-14
2.551953002280805127e-01,4.816711572033274430e-16,9.080975428366447358e-14
2.532170420867775329e-01,4.457309757490514036e-16,9.084861124142924228e-14
2.512387839454746086e-01,4.138166508893111485e-16,9.088677827051344668e-14
2.492605258041716565e-01,3.853443565413596819e-16,9.092425673203723116e-14
2.472822676628687322e-01,3.598323714903513127e-16,9.096104800987408869e-14
2.453040095215657801e-01,3.368804297644892103e-16,9.099715351045616995e-14
2.433257513802628003e-01,3.161537687690839077e-16,9.103257466257777495e-14
2.413474932389598482e-01,2.973706962954387936e-16,9.106731291719702706e-14
2.393692350976568961e-01,2.802928191040216939e-16,9.110136974723609558e-14
2.373909769563539718e-01,2.647173030826683262e-16,9.113474664737947453e-14
2.354127188150510197e-01,2.504706974406491900e-16,9.116744513387067111e-14
2.334344606737480121e-01,2.374039727393052911e-16,9.119946674430737956e-14
2.314562025324451433e-01,2.253885081529229373e-16,9.123081303743503939e-14
2.294779443911421357e-01,2.143128263741769464e-16,9.126148559293860135e-14
2.274996862498392114e-01,2.040799213905575789e-16,9.129148601123304386e-14
2.255214281085362593e-01,1.946050594218198049e-16,9.132081591325224856e-14
2.235431699672332795e-01,1.858139597806537572e-16,9.134947694023612149e-14
2.215649118259303829e-01,1.776412825550197982e-16,9.137747075351650253e-14
2.195866536846274031e-01,1.700293654368429575e-16,9.140479903430169908e-14
2.176083955433244510e-01,1.629271639200022710e-16,9.143146348345930323e-14
2.156301374020215267e-01,1.562893583269681760e-16,9.145746582129769616e-14
2.136518792607185468e-01,1.500755983376888009e-16,9.148280778734627786e-14
2.116736211194155948e-01,1.442498613622173890e-16,9.150749114013437146e-14
2.096953629781126704e-01,1.387799055765370956e-16,9.153151765696814604e-14
2.077171048368096906e-01,1.336368019978388043e-16,9.155488913370761505e-14
2.057388466955067940e-01,1.287945328151206114e-16,9.157760738454065614e-14
2.037605885542038142e-01,1.242296454691299488e-16,9.159967424175728325e-14
2.017823304129008621e-01,1.199209538119697178e-16,9.162109155552147028e-14
1.998040722715979101e-01,1.158492791635075309e-16,9.164186119364268424e-14
1.978258141302949580e-01,1.119972252907837462e-16,9.166198504134579040e-14
1.958475559889920337e-01,1.083489823238819329e-16,9.168146500103975821e-14
1.938692978476890538e-01,1.048901554311156388e-16,9.170030299208526918e-14
1.918910397063861017e-01,1.016076147424890151e-16,9.171850095056190832e-14
1.899127815650831774e-01,9.848936356060506263e-17,9.173606082903276797e-14
1.879345234237801976e-01,9.552442235430285325e-17,9.175298459630983430e-14
1.859562652824773010e-01,9.270272640969935326e-17,9.176927423721677366e-14
1.839780071411743212e-01,9.001503532994103707e-17,9.178493175235171897e-14
1.819997489998713691e-01,8.745285284006278789e-17,9.179995915784874339e-14
1.800214908585684170e-01,8.500835557598203234e-17,9.181435848513817286e-14
1.780432327172654650e-01,8.267432972418275170e-17,9.182813178070675977e-14
1.760649745759625406e-01,8.044411453705860995e-17,9.184128110585573610e-14
1.740867164346595608e-01,7.831155188307999520e-17,9.185380853645932109e-14
1.721084582933566087e-01,7.627094110493479829e-17,9.186571616272147434e-14
1.701302001520536566e-01,7.431699855586693035e-17,9.187700608893234610e-14
1.681519420107507046e-01,7.244482126731586117e-17,9.188768043322350314e-14
1.661736838694477802e-01,7.064985427189556002e-17,9.189774132732300328e-14
1.641954257281448282e-01,6.892786116660826473e-17,9.190719091630930859e-14
1.622171675868418483e-01,6.727489755352074866e-17,9.191603135836452976e-14
1.602389094455389240e-01,6.568728704023005613e-17,9.192426482452708976e-14
1.582606513042359719e-01,6.416159952140264856e-17,9.193189349844409727e-14
1.562823931629330199e-01,6.269463149638567197e-17,9.193891957612249575e-14
1.543041350216300678e-01,6.128338820713432460e-17,9.194534526567992227e-14
1.523258768803271157e-01,5.992506740611313528e-17,9.195117278709521288e-14
1.503476187390241914e-01,5.861704458595917380e-17,9.195640437195807494e-14
1.483693605977212393e-01,5.735685952200150087e-17,9.196104226321834294e-14
1.463911024564182595e-01,5.614220399560518313e-17,9.196508871493510818e-14
1.444128443151153351e-01,5.497091058108259616e-17,9.196854599202477543e-14
1.424345861738123553e-01,5.384094239187432385e-17,9.197141637000927124e-14
1.404563280325094310e-01,5.275038369308719162e-17,9.197370213476364624e-14
1.384780698912064789e-01,5.169743129749827132e-17,9.197540558226337465e-14
1.364998117499034991e-01,5.068038667096591822e-17,9.197652901833124982e-14
1.345215536086005748e-01,4.969764868098850376e-17,9.197707475838415355e-14
1.325432954672976227e-01,4.874770692904627517e-17,9.197704512717940893e-14
1.305650373259946706e-01,4.782913561346982461e-17,9.197644245856098170e-14
1.285867791846917463e-01,4.694058787499420525e-17,9.197526909520542915e-14
1.266085210433887664e-01,4.608079058196831011e-17,9.197352738836777334e-14
1.246302629020858282e-01,4.524853951646742439e-17,9.197121969762694513e-14
1.226520047607828900e-01,4.444269492636763930e-17,9.196834839063182149e-14
1.206737466194799241e-01,4.366217741183859969e-17,9.196491584284602579e-14
1.186954884781769859e-01,4.290596411774600291e-17,9.196092443729367481e-14
1.167172303368740061e-01,4.217308520616810944e-17,9.195637656430486067e-14
1.147389721955710679e-01,4.146262058566021784e-17,9.195127462126076667e-14
1.127607140542681297e-01,4.077369687607752345e-17,9.194562101233907352e-14
1.107824559129651915e-01,4.010548458972138045e-17,9.193941814825961793e-14
1.088041977716622255e-01,3.945719551132918404e-17,9.193266844602942018e-14
1.068259396303592734e-01,3.882808026100730274e-17,9.192537432868907476e-14
1.048476814890563352e-01,3.821742602562870196e-17,9.191753822505786631e-14
1.028694233477533970e-01,3.762455444549838040e-17,9.190916256948007190e-14
1.008911652064504311e-01,3.704881964424763397e-17,9.190024980157102359e-14
9.891290706514747899e-02,3.648960639096241719e-17,9.189080236596347383e-14
9.693464892384452691e-02,3.594632838449725450e-17,9.188082271205408716e-14
9.495639078254158871e-02,3.541842665078163735e-17,9.187031329375077753e-14
9.297813264123865051e-02,3.490536804470128637e-17,9.185927656921943972e-14
9.099987449993568456e-02,3.440664384884079682e-17,9.184771500063191780e-14
8.902161635863273248e-02,3.392176846201212115e-17,9.183563105391373371e-14
8.704335821732978040e-02,3.345027817107494262e-17,9.182302719849257316e-14
8.506510007602682832e-02,3.299173000008242119e-17,9.180990590704688510e-14
8.308684193472389012e-02,3.254570063126707847e-17,9.179626965525517545e-14
8.110858379342092417e-02,3.211178539281983133e-17,9.178212092154590664e-14
7.913032565211798597e-02,3.168959730881516710e-17,9.176746218684738447e-14
7.715206751081503389e-02,3.127876620700012905e-17,9.175229593433903349e-14
7.517380936951209569e-02,3.087893788049886320e-17,9.173662464920190237e-14
7.319555122820912973e-02,3.048977329978913214e-17,9.172045081837141591e-14
7.121729308690617766e-02,3.011094787158684007e-17,9.170377693028954656e-14
6.923903494560323946e-02,2.974215074153001983e-17,9.168660547465784413e-14
6.726077680430028738e-02,2.938308413778884959e-17,9.166893894219180343e-14
6.528251866299733530e-02,2.903346275294308413e-17,9.165077982437485327e-14
6.330426052169438322e-02,2.869301316166630776e-17,9.163213061321422612e-14
6.132600238039144502e-02,2.836147327193801455e-17,9.161299380099653742e-14
5.934774423908849295e-02,2.803859180767164881e-17,9.159337188004498050e-14
5.736948609778553393e-02,2.772412782080097980e-17,9.157326734247681183e-14
5.539122795648259573e-02,2.741785023100860929e-17,9.155268267996189646e-14
5.341296981517963671e-02,2.711953739141170386e-17,9.153162038348223798e-14
5.143471167387669851e-02,2.682897667864038486e-17,9.151008294309197545e-14
4.945645353257373950e-02,2.654596410585609182e-17,9.148807284767875619e-14
4.747819539127079436e-02,2.627030395736027996e-17,9.146559258472586574e-14
4.549993724996784228e-02,2.600180844353932016e-17,9.144264464007516578e-14
4.352167910866489020e-02,2.574029737497994222e-17,9.141923149769140764e-14
4.154342096736194506e-02,2.548559785467165640e-17,9.139535563942724019e-14
3.956516282605899298e-02,2.523754398728863900e-17,9.137101954478936617e-14
3.758690468475604785e-02,2.499597660461445155e-17,9.134622569070599863e-14
3.560864654345308883e-02,2.476074300623881134e-17,9.132097655129482223e-14
3.363038840215014369e-02,2.453169671471684773e-17,9.129527459763282258e-14
3.165213026084719161e-02,2.430869724443867479e-17,9.126912229752679709e-14
2.967387211954424647e-02,2.409160988351032171e-17,9.124252211528511546e-14
2.769561397824129786e-02,2.388030548799729371e-17,9.121547651149080542e-14
2.571735583693834926e-02,2.367466028792859778e-17,9.118798794277568605e-14
2.373909769563539718e-02,2.347455570450322181e-17,9.116005886159581380e-14
2.176083955433244510e-02,2.327987817798221543e-17,9.113169171600846838e-14
1.978258141302949649e-02,2.309051900578855703e-17,9.110288894944998423e-14
1.780432327172654441e-02,2.290637419037366415e-17,9.107365300051522295e-14
1.582606513042359581e-02,2.272734429644421620e-17,9.104398630273825729e-14
1.384780698912064893e-02,2.255333431717603803e-17,9.101389128437440574e-14
1.186954884781769859e-02,2.238425354907310093e-17,9.098337036818371863e-14
9.891290706514748246e-03,2.222001547515980370e-17,9.095242597121599142e-14
7.913032565211797903e-03,2.206053765622347453e-17,9.092106050459715380e-14
5.934774423908849295e-03,2.190574162985148107e-17,9.088927637331670639e-14
3.956516282605898951e-03,2.175555281703438253e-17,9.085707597601727789e-14
1.978258141302949476e-03,2.160990043613205988e-17,9.082446170478545702e-14
-0.000000000000000000e+00,2.146871742402530883e-17,9.079143594494393716e-14
-1.978258141302949476e-03,2.133194036429988744e-17,9.075800107484549113e-14
-3.956516282605898951e-03,2.119950942233432306e-17,9.072415946566830906e-14
-5.934774423908849295e-03,2.107136828718685908e-17,9.068991348121293937e-14
-7.913032565211797903e-03,2.094746412020093583e-17,9.065526547770138792e-14
-9.891290706514748246e-03,2.082774751027222280e-17,9.062021780357683570e-14
-1.186954884781769859e-02,2.071217243574465556e-17,9.058477279930586829e-14
-1.384780698912064893e-02,2.060069623292701545e-17,9.054893279718194214e-14
-1.582606513042359581e-02,2.049327957124666463e-17,9.051270012113097144e-14
-1.780432327172654441e-02,2.038988643508219641e-17,9.047607708651796250e-14
-1.978258141302949649e-02,2.029048411234321620e-17,9.043906599995617254e-14
-2.176083955433244510e-02,2.019504318989243063e-17,9.040166915911717720e-14
-2.373909769563539718e-02,2.010353755593359425e-17,9.036388885254352558e-14
-2.571735583693834926e-02,2.001594440951834652e-17,9.032572735946270787e-14
-2.769561397824129786e-02,1.993224427735626765e-17,9.028718694960321824e-14
-2.967387211954424647e-02,1.985242103814523787e-17,9.024826988301190516e-14
-3.165213026084719161e-02,1.977646195467436306e-17,9.020897840987394701e-14
-3.363038840215014369e-02,1.970435771398863672e-17,9.016931477033410252e-14
-3.560864654345308883e-02,1.963610247594499264e-17,9.012928119432020787e-14
-3.758690468475604785e-02,1.957169393053160393e-17,9.008887990136822628e-14
-3.956516282605899298e-02,1.951113336436902984e-17,9.004811310044969571e-14
-4.154342096736194506e-02,1.945442573686147042e-17,9.000698298980047668e-14
-4.352167910866489020e-02,1.940157976652066897e-17,8.996549175675216314e-14
-4.549993724996784228e-02,1.935260802804384698e-17,8.992364157756500814e-14
-4.747819539127079436e-02,1.930752706079132602e-17,8.988143461726295714e-14
-4.945645353257373950e-02,1.926635748937958657e-17,8.983887302947072622e-14
-5.143471167387669851e-02,1.922912415718228511e-17,8.979595895625264724e-14
-5.341296981517963671e-02,1.919585627361610412e-17,8.975269452795417621e-14
-5.539122795648259573e-02,1.916658757618088319e-17,8.970908186304457548e-14
-5.736948609778553393e-02,1.914135650832550793e-17,8.966512306796266308e-14
-5.934774423908849295e-02,1.912020641432379392e-17,8.962082023696353383e-14
-6.132600238039144502e-02,1.910318575246874077e-17,8.957617545196844863e-14
-6.330426052169438322e-02,1.909034832803164396e-17,8.953119078241607420e-14
-6.528251866299733530e-02,1.908175354758513443e-17,8.948586828511629769e-14
-6.726077680430028738e-02,1.907746669645895114e-17,8.944021000410579571e-14
-6.923903494560323946e-02,1.907755924128609101e-17,8.939421797050615299e-14
-7.121729308690617766e-02,1.908210915980721548e-17,8.934789420238371013e-14
-7.319555122820912973e-02,1.909120130033582954e-17,8.930124070461220093e-14
-7.517380936951209569e-02,1.910492777354909179e-17,8.925425946873689152e-14
-7.715206751081503389e-02,1.912338837956233271e-17,8.920695247284147117e-14
-7.913032565211798597e-02,1.914669107357459734e-17,8.915932168141658386e-14
-8.110858379342092417e-02,1.917495247374134818e-17,8.911136904523133865e-14
-8.308684193472389012e-02,1.920829841534599702e-17,8.906309650120652393e-14
-8.506510007602682832e-02,1.924686455580890615e-17,8.901450597229009364e-14
-8.704335821732978040e-02,1.929079703559995736e-17,8.896559936733490009e-14
-8.902161635863273248e-02,1.934025320071593377e-17,8.891637858097930465e-14
-9.099987449993568456e-02,1.939540239305783139e-17,8.886684549352898744e-14
-9.297813264123865051e-02,1.945642681580644968e-17,8.881700197084187457e-14
-9.495639078254158871e-02,1.952352248176127852e-17,8.876684986421546362e-14
-9.693464892384452691e-02,1.959690025359324559e-17,8.871639101027538596e-14
-9.891290706514747899e-02,1.967678698608423646e-17,8.866562723086775564e-14
-1.008911652064504311e-01,1.976342678170740702e-17,8.861456033295252803e-14
-1.028694233477533970e-01,1.985708237236694523e-17,8.856319210850027892e-14
-1.048476814890563352e-01,1.995803664179315585e-17,8.851152433439005652e-14
-1.068259396303592734e-01,2.006659430501431144e-17,8.845955877231152484e-14
-1.088041977716622255e-01,2.018308376354010558e-17,8.840729716866699348e-14
-1.107824559129651915e-01,2.030785915744281889e-17,8.835474125447811746e-14
-1.127607140542681297e-01,2.044130263846749006e-17,8.830189274529317768e-14
-1.147389721955710679e-01,2.058382689171080531e-17,8.824875334109805955e-14
-1.167172303368740061e-01,2.073587793736134637e-17,8.819532472622891026e-14
-1.186954884781769859e-01,2.089793824858816292e-17,8.814160856928720692e-14
-1.206737466194799241e-01,2.107053022701807977e-17,8.808760652305738686e-14
-1.226520047607828900e-01,2.125422008349398575e-17,8.803332022442700221e-14
-1.246302629020858282e-01,2.144962217912654898e-17,8.797875129430886890e-14
-1.266085210433887664e-01,2.165740389024440598e-17,8.792390133756628255e-14
-1.285867791846917463e-01,2.187829107096113060e-17,8.786877194293978701e-14
-1.305650373259946706e-01,2.211307419901255980e-17,8.781336468297703510e-14
-1.325432954672976227e-01,2.236261530464401646e-17,8.775768111396484565e-14
-1.345215536086005748e-01,2.262785579909401966e-17,8.770172277586372168e-14
-1.364998117499034991e-01,2.290982533918389464e-17,8.764549119224477944e-14
-1.384780698912064789e-01,2.320965188836412653e-17,8.758898787022881046e-14
-1.404563280325094310e-01,2.352857316313477642e-17,8.753221430042860006e-14
-1.424345861738123553e-01,2.386794968810009766e-17,8.747517195689241961e-14
-1.444128443151153351e-01,2.422927972434819977e-17,8.741786229705155790e-14
-1.463911024564182595e-01,2.461421638600880262e-17,8.736028676166869801e-14
-1.483693605977212393e-01,2.502458732080392606e-17,8.730244677478957595e-14
-1.503476187390241914e-01,2.546241740478083807e-17,8.724434374369744127e-14
-1.523258768803271157e-01,2.592995499252272522e-17,8.718597905886871681e-14
-1.543041350216300678e-01,2.642970237620435086e-17,8.712735409393235654e-14
-1.562823931629330199e-01,2.696445124532619750e-17,8.706847020563110936e-14
-1.582606513042359719e-01,2.753732411082000856e-17,8.700932873378513052e-14
-1.602389094455389240e-01,2.815182287153946916e-17,8.694993100125796595e-14
-1.622171675868418483e-01,2.881188596975304592e-17,8.689027831392570459e-14
-1.641954257281448282e-01,2.952195592063734857e-17,8.683037196064744353e-14
-1.661736838694477802e-01,3.028705942937081504e-17,8.677021321323907248e-14
-1.681519420107507046e-01,3.111290285538857685e-17,8.670980332644938083e-14
-1.701302001520536566e-01,3.200598648295337704e-17,8.664914353793794428e-14
-1.721084582933566087e-01,3.297374195925320489e-17,8.658823506825623002e-14
-1.740867164346595608e-01,3.402469843196344211e-17,8.652707912083063308e-14
-1.760649745759625406e-01,3.516868444809322878e-17,8.646567688194846617e-14
-1.780432327172654650e-01,3.641707468963023730e-17,8.640402952074535054e-14
-1.800214908585684170e-01,3.778309329222541417e-17,8.634213818919645640e-14
-1.819997489998713691e-01,3.928218906378559143e-17,8.628000402210882898e-14
-1.839780071411743212e-01,4.093250273412718627e-17,8.621762813711686985e-14
-1.859562652824773010e-01,4.275545291622624450e-17,8.615501163467996407e-14
-1.879345234237801976e-01,4.477647645407505306e-17,8.609215559808259378e-14
-1.899127815650831774e-01,4.702597130893817845e-17,8.602906109343703926e-14
-1.918910397063861017e-01,4.954050762803587294e-17,8.596572916968788488e-14
-1.938692978476890538e-01,5.236439744189892648e-17,8.590216085861946599e-14
-1.958475559889920337e-01,5.555174902830913251e-17,8.583835717486552455e-14
-1.978258141302949580e-01,5.916918371215981615e-17,8.577431911592117456e-14
-1.998040722715979101e-01,6.329946909080971330e-17,8.571004766215702586e-14
-2.017823304129008621e-01,6.804643661668027797e-17,8.564554377683629922e-14
-2.037605885542038142e-01,7.354172445485416387e-17,8.558080840613370855e-14
-2.057388466955067940e-01,7.995415351761280782e-17,8.551584247915656448e-14
-2.077171048368096906e-01,8.750296390950540781e-17,8.545064690796926061e-14
-2.096953629781126704e-01,9.647680994199140848e-17,8.538522258761841611e-14
-2.116736211194155948e-01,1.072615064615195218e-16,8.531957039616188050e-14
-2.136518792607185468e-01,1.203813414853224104e-16,8.525369119469925316e-14
-2.156301374020215267e-01,1.365618667109950324e-16,8.518758582740473777e-14
-2.176083955433244510e-01,1.568274453680953843e-16,8.512125512156252116e-14
-2.195866536846274031e-01,1.826563061153400072e-16,8.505469988760439884e-14
-2.215649118259303829e-01,2.162327434520672182e-16,8.498792091914933159e-14
-2.235431699672332795e-01,2.608661214167932443e-16,8.492091899304574106e-14
-2.255214281085362593e-01,3.216974911777070504e-16,8.485369486941579959e-14
-2.274996862498392114e-01,4.068888511780027860e-16,8.478624929170185307e-14
-2.294779443911421357e-01,5.295293623512559025e-16,8.471858298671541867e-14
-2.314562025324451433e-01,7.101113073404923023e-16,8.465069666468808847e-14
-2.334344606737480121e-01,9.767913913012893579e-16,8.458259101932465450e-14
-2.354127188150510197e-01,1.349494141373799302e-15,8.451426672785858145e-14
-2.373909769563539718e-01,1.770712980638420387e-15,8.444572445110959980e-14
-2.393692350976568961e-01,2.007889194008820057e-15,8.437696483354353306e-14
-2.413474932389598482e-01,1.845390985806878898e-15,8.430798850333382893e-14
-2.433257513802628003e-01,1.439392671543930182e-15,8.423879607242638468e-14
-2.453040095215657801e-01,1.050441966695539574e-15,8.416938813660462506e-14
-2.472822676628687322e-01,7.659258343022994311e-16,8.409976527555888421e-14
-2.492605258041716565e-01,5.734180676764097202e-16,8.402992805295609043e-14
-2.512387839454746086e-01,4.441569604758210368e-16,8.395987701651255600e-14
-2.532170420867775329e-01,3.559897044996936126e-16,8.388961269806831938e-14
-2.551953002280805127e-01,2.946001091174308251e-16,8.381913561366413809e-14
-2.571735583693834926e-01,2.510835669191692374e-16,8.374844626361978153e-14
-2.591518165106863614e-01,2.198875431046691396e-16,8.367754513261481039e-14
-2.611300746519893412e-01,1.975005578604420628e-16,8.360643268977164047e-14
-2.631083327932923210e-01,1.816730357247898173e-16,8.353510938873973000e-14
-2.650865909345952454e-01,1.709605258392246700e-16,8.346357566778270769e-14
-2.670648490758981697e-01,1.644561471597917218e-16,8.339183194986675043e-14
-2.690431072172011495e-01,1.616358511315831105e-16,8.331987864275148528e-14
-2.710213653585041294e-01,1.622745196014115323e-16,8.324771613908230515e-14
-2.729996234998069982e-01,1.664112940027014492e-16,8.317534481648520881e-14
-2.749778816411100335e-01,1.743555260052463925e-16,8.310276503766258752e-14
-2.769561397824129578e-01,1.867348123715133437e-16,8.302997715049234388e-14
-2.789343979237158822e-01,2.045971437051833162e-16,8.295698148812731345e-14
-2.809126560650188620e-01,2.295938569438884078e-16,8.288377836909764005e-14
-2.828909142063218418e-01,2.642938540856528186e-16,8.281036809741461508e-14
-2.848691723476247106e-01,3.127198419040009034e-16,8.273675096267624600e-14
-2.868474304889276905e-01,3.812616447721137694e-16,8.266292724017478128e-14
-2.888256886302306703e-01,4.801951964202058814e-16,8.258889719100606541e-14
-2.908039467715335946e-01,6.259591655809980008e-16,8.251466106218025716e-14
-2.927822049128365189e-01,8.432468715739074877e-16,8.244021908673488273e-14
-2.947604630541394988e-01,1.160255825110913258e-15,8.236557148384942895e-14
-2.967387211954424786e-01,1.571708576465784335e-15,8.229071845896122368e-14
-2.987169793367453474e-01,1.937338080196141973e-15,8.221566020388336114e-14
-3.006952374780483828e-01,1.978554555074251673e-15,8.214039689692468443e-14
-3.026734956193513071e-01,1.653800790662049768e-15,8.206492870301056335e-14
-3.046517537606542314e-01,1.231746711398392968e-15,8.198925577380593140e-14
-3.066300119019572112e-01,8.908014361326495813e-16,8.191337824783968604e-14
-3.086082700432601356e-01,6.533642634403203771e-16,8.183729625063101998e-14
-3.105865281845630599e-01,4.931216869229795123e-16,8.176100989481648464e-14
-3.125647863258660397e-01,3.837715993003413461e-16,8.168451928027996914e-14
-3.145430444671689640e-01,3.072854555331713048e-16,8.160782449428260363e-14
-3.165213026084719439e-01,2.523004061854911001e-16,8.153092561159562867e-14
-3.184995607497748682e-01,2.117246065577985377e-16,8.145382269463383270e-14
-3.204778188910778480e-01,1.810650795291047176e-16,8.137651579359069329e-14
-3.224560770323808279e-01,1.574083350788019604e-16,8.129900494657526037e-14
-3.244343351736836967e-01,1.388168220988803873e-16,8.122129017975001120e-14
-3.264125933149867320e-01,1.239698290962976136e-16,8.114337150747039672e-14
-3.283908514562896563e-01,1.119460447655823862e-16,8.106524893242594036e-14
-3.303691095975925807e-01,1.020889588394980456e-16,8.098692244578204370e-14
-3.323473677388955605e-01,9.392159397699190500e-17,8.090839202732387466e-14
-3.343256258801984848e-01,8.709125119693357114e-17,8.082965764560122767e-14
-3.363038840215014091e-01,8.133292546128154377e-17,8.075071925807450702e-14
-3.382821421628043890e-01,7.644459015458170961e-17,8.067157681126266678e-14
-3.402604003041073133e-01,7.227018473907711162e-17,8.059223024089133987e-14
-3.422386584454102931e-01,6.868770037036386722e-17,8.051267947204325178e-14
-3.442169165867132175e-01,6.560070137931121897e-17,8.043292441930931583e-14
-3.461951747280161973e-01,6.293220205279025817e-17,8.035296498694080127e-14
-3.481734328693191216e-01,6.062018366726494954e-17,8.027280106900295291e-14
-3.501516910106220459e-01,5.861427070391764503e-17,8.019243254952987291e-14
-3.521299491519250813e-01,5.687323753976098977e-17,8.011185930267990746e-14
-3.541082072932280056e-01,5.536311774688375243e-17,8.003108119289286357e-14
-3.560864654345309299e-01,5.405575588772760116e-17,7.995009807504784439e-14
-3.580647235758339098e-01,5.292768787408175001e-17,7.986890979462219520e-14
-3.600429817171368341e-01,5.195926785537445478e-17,7.978751618785164850e-14
-3.620212398584397584e-01,5.113398191318599791e-17,7.970591708189121375e-14
-3.639994979997427382e-01,5.043790463030483052e-17,7.962411229497756914e-14
-3.659777561410456626e-01,4.985926590454152170e-17,7.954210163659136496e-14
-3.679560142823486424e-01,4.938810355179587109e-17,7.945988490762178634e-14
-3.699342724236515667e-01,4.901598321425671651e-17,7.937746190053107803e-14
-3.719125305649546021e-01,4.873577149329450356e-17,7.929483239952026833e-14
-3.738907887062574709e-01,4.854145150371921254e-17,7.921199618069561243e-14
-3.758690468475603952e-01,4.842797250620052092e-17,7.912895301223626006e-14
-3.778473049888633750e-01,4.839112713721916711e-17,7.904570265456232703e-14
-3.798255631301663549e-01,4.842745117796367049e-17,7.896224486050391339e-14
-3.818038212714692792e-01,4.853414189852259021e-17,7.887857937547092948e-14
-3.837820794127722035e-01,4.870899186420013380e-17,7.879470593762335096e-14
-3.857603375540752388e-01,4.895033575759193852e-17,7.871062427804296336e-14
-3.877385956953781077e-01,4.925700829830924722e-17,7.862633412090477835e-14
-3.897168538366810320e-01,4.962831176574951981e-17,7.854183518364991423e-14
-3.916951119779840673e-01,5.006399197470474865e-17,7.845712717715884237e-14
-3.936733701192869916e-01,5.056422183854204762e-17,7.837220980592513857e-14
-3.956516282605899160e-01,5.112959189552713853e-17,7.828708276822991600e-14
-3.976298864018929513e-01,5.176110738280052509e-17,7.820174575631706589e-14
-3.996081445431958201e-01,5.246019162954779889e-17,7.811619845656872547e-14
-4.015864026844987444e-01,5.322869571448638288e-17,7.803044054968127594e-14
-4.035646608258017243e-01,5.406891450040945303e-17,7.794447171084208525e-14
-4.055429189671047041e-01,5.498360932716470631e-17,7.785829160990669251e-14
-4.075211771084076284e-01,5.597603782099595594e-17,7.777189991157601774e-14
-4.094994352497105528e-01,5.704999146985145362e-17,7.768529627557466965e-14
-4.114776933910135881e-01,5.820984182900601180e-17,7.759848035682912726e-14
-4.134559515323164569e-01,5.946059646830458441e-17,7.751145180564650208e-14
-4.154342096736193812e-01,6.080796606241286286e-17,7.742421026789366631e-14
-4.174124678149224166e-01,6.225844437200156090e-17,7.733675538517660829e-14
-4.193907259562253409e-01,6.381940328345594217e-17,7.724908679502022967e-14
-4.213689840975282097e-01,6.549920558860959933e-17,7.716120413104853385e-14
-4.233472422388311895e-01,6.730733882124952410e-17,7.707310702316442316e-14
-4.253255003801341694e-01,6.925457425882681461e-17,7.698479509773055627e-14
-4.273037585214370937e-01,7.135315619181494046e-17,7.689626797775000365e-14
-4.292820166627400735e-01,7.361702781990818669e-17,7.680752528304718072e-14
-4.312602748040430534e-01,7.606210173394749274e-17,7.671856663044860426e-14
-4.332385329453459777e-01,7.870658499233310974e-17,7.662939163396449448e-14
-4.352167910866489020e-01,8.157137144520404940e-17,7.653999990496972086e-14
-4.371950492279519374e-01,8.468051739497475237e-17,7.645039105238524007e-14
-4.391733073692548062e-01,8.806182117633775881e-17,7.636056468285987481e-14
-4.411515655105577305e-01,9.174753316297713200e-17,7.627052040095117123e-14
-4.431298236518607658e-01,9.577523057757205156e-17,7.618025780930751846e-14
-4.451080817931636902e-01,1.001889020204625194e-16,7.608977650884917015e-14
-4.470863399344665590e-01,1.050403008677420872e-16,7.599907609894997277e-14
-4.490645980757695388e-01,1.103906460930397536e-16,7.590815617761856378e-14
-4.510428562170725186e-01,1.163127757694837243e-16,7.581701634167979705e-14
-4.530211143583754430e-01,1.228938956291613397e-16,7.572565618695590316e-14
-4.549993724996784228e-01,1.302391172197657505e-16,7.563407530844759925e-14
-4.569776306409814026e-01,1.384760543388637654e-16,7.554227330051485810e-14
-4.589558887822842714e-01,1.477608530934336354e-16,7.545024975705782860e-14
-4.609341469235872513e-01,1.582861863927018324e-16,7.535800427169742813e-14
-4.629124050648902866e-01,1.702919733978043140e-16,7.526553643795532907e-14
-4.648906632061931554e-01,1.840799289099160964e-16,7.517284584943438703e-14
-4.668689213474960242e-01,2.000335723373859297e-16,7.507993209999826138e-14
-4.688471794887991706e-01,2.186461384355796346e-16,7.498679478395102302e-14
-4.708254376301020394e-01,2.405601129023217611e-16,7.489343349621613124e-14
-4.728036957714049082e-01,2.666241732232785789e-16,7.479984783251563759e-14
-4.747819539127079436e-01,2.979766850801276764e-16,7.470603738954838013e-14
-4.767602120540109234e-01,3.361705379829845754e-16,7.461200176516824075e-14
-4.787384701953137922e-01,3.833637158042683478e-16,7.451774055856184715e-14
-4.807167283366167165e-01,4.426167234695570689e-16,7.442325337042568151e-14
-4.826949864779196964e-01,5.183675822134694702e-16,7.432853980314313885e-14
-4.846732446192226762e-01,6.172079377560570529e-16,7.423359946096072689e-14
-4.866515027605256005e-01,7.491773221823910572e-16,7.413843195016396320e-14
-4.886297609018285804e-01,9.299491575516195159e-16,7.404303687925262845e-14
-4.906080190431315602e-01,1.184493800614745056e-15,7.394741385911567903e-14
-4.925862771844344290e-01,1.552823188244291127e-15,7.385156250320536439e-14
-4.945645353257374643e-01,2.096751335609210217e-15,7.375548242771091529e-14
-4.965427934670403332e-01,2.896480075426133657e-15,7.365917325173162619e-14
-4.985210516083433130e-01,3.986701076943580983e-15,7.356263459744919297e-14
-5.004993097496461818e-01,5.124107331418536820e-15,7.346586609029936905e-14
-5.024775678909492171e-01,5.583117049232832405e-15,7.336886735914347007e-14
-5.044558260322522525e-01,4.928828894272374684e-15,7.327163803643813674e-14
-5.064340841735550658e-01,3.761843587194758311e-15,7.317417775840562786e-14
-5.084123423148581011e-01,2.729900141463981498e-15,7.307648616520237146e-14
-5.103906004561610255e-01,1.993200920117339074e-15,7.297856290108736450e-14
-5.123688585974639498e-01,1.496294401240517398e-15,7.288040761458948719e-14
-5.143471167387669851e-01,1.160800132977862970e-15,7.278201995867421129e-14
-5.163253748800699094e-01,9.296826478146114045e-16,7.268339959090943767e-14
-5.183036330213727227e-01,7.665243557500574133e-16,7.258454617363029881e-14
-5.202818911626757581e-01,6.486304106318933384e-16,7.248545937410350690e-14
-5.222601493039786824e-01,5.617203376452247792e-16,7.238613886469047768e-14
-5.242384074452816067e-01,4.966164335578008669e-16,7.228658432300977266e-14
-5.262166655865846421e-01,4.472763789281448135e-16,7.218679543209832968e-14
-5.281949237278875664e-01,4.096269100265004769e-16,7.208677188057236529e-14
-5.301731818691904907e-01,3.808621019361300704e-16,7.198651336278653530e-14
-5.321514400104934150e-01,3.590122832630139006e-16,7.188601957899272937e-14
-5.341296981517963394e-01,3.426732031698143202e-16,7.178529023549761596e-14
-5.361079562930993747e-01,3.308321199859096195e-16,7.168432504481924073e-14
-5.380862144344022990e-01,3.227538581745477264e-16,7.158312372584267819e-14
-5.400644725757052234e-01,3.179048370587328691e-16,7.148168600397439609e-14
-5.420427307170082587e-01,3.159017075536434329e-16,7.138001161129568563e-14
-5.440209888583111830e-01,3.164763195733493512e-16,7.127810028671528403e-14
-5.459992469996139963e-01,3.194518060771958420e-16,7.117595177612041924e-14
-5.479775051409170317e-01,3.247264577114485450e-16,7.107356583252712270e-14
-5.499557632822200670e-01,3.322632554662176380e-16,7.097094221622897692e-14
-5.519340214235228803e-01,3.420837062903125202e-16,7.086808069494545923e-14
-5.539122795648259157e-01,3.542651537408571719e-16,7.076498104396813975e-14
-5.558905377061288400e-01,3.689411141433524075e-16,7.066164304630662700e-14
-5.578687958474317643e-01,3.863044839198271265e-16,7.055806649283267070e-14
-5.598470539887347996e-01,4.066137214011184203e-16,7.045425118242314122e-14
-5.618253121300377240e-01,4.302023626969167291e-16,7.035019692210234008e-14
-5.638035702713406483e-01,4.574925199126213335e-16,7.024590352718207642e-14
-5.657818284126436836e-01,4.890133691328721782e-16,7.014137082140155412e-14
-5.677600865539464969e-01,5.254261142233509079e-16,7.003659863706506273e-14
-5.697383446952494213e-01,5.675575802798784209e-16,6.993158681517879753e-14
-5.717166028365524566e-01,6.164455519269611836e-16,6.982633520558655619e-14
-5.736948609778553809e-01,6.734003888259444142e-16,6.972084366710371894e-14
-5.756731191191583052e-01,7.400895819176500983e-16,6.961511206765002962e-14
-5.776513772604613406e-01,8.186551789191006721e-16,6.950914028438115244e-14
-5.796296354017642649e-01,9.118791024765291226e-16,6.940292820381866362e-14
-5.816078935430671892e-01,1.023419485714240054e-15,6.929647572197869257e-14
-5.835861516843701136e-01,1.158154285395806731e-15,6.918978274449935124e-14
-5.855644098256730379e-01,1.322690164717708267e-15,6.908284918676658590e-14
-5.875426679669760732e-01,1.526131338841650616e-15,6.897567497403850161e-14
-5.895209261082789975e-01,1.781266326816620567e-15,6.886826004156865167e-14
-5.914991842495819219e-01,2.106441594486016175e-15,6.876060433472730769e-14
-5.934774423908849572e-01,2.528588696205009657e-15,6.865270780912169456e-14
-5.954557005321878815e-01,3.088223976121389830e-15,6.854457043071467305e-14
-5.974339586734906948e-01,3.847852176132066676e-15,6.843619217594183194e-14
-5.994122168147937302e-01,4.906160494201289320e-15,6.832757303182705305e-14
-6.013904749560967655e-01,6.421302311879531329e-15,6.821871299609686452e-14
-6.033687330973995788e-01,8.644242489099830592e-15,6.810961207729262306e-14
-6.053469912387026142e-01,1.194114551073081298e-14,6.800027029488202744e-14
-6.073252493800055385e-01,1.667831937712217953e-14,6.789068767936834723e-14
-6.093035075213084628e-01,2.254370996387840196e-14,6.778086427239861671e-14
-6.112817656626114982e-01,2.705274648432263895e-14,6.767080012686964514e-14
-6.132600238039144225e-01,2.646391667077159600e-14,6.756049530703326973e-14
-6.152382819452173468e-01,2.135570535677938081e-14,6.744994988859918522e-14
-6.172165400865202711e-01,1.560732609707022527e-14,6.733916395883691524e-14
-6.191947982278231954e-01,1.117174996959168101e-14,6.722813761667552430e-14
-6.211730563691261198e-01,8.122110040134999097e-15,6.711687097280209287e-14
-6.231513145104291551e-01,6.065316812060788181e-15,6.700536414975862737e-14
-6.251295726517320794e-01,4.656989045365742088e-15,6.689361728203693807e-14
-6.271078307930350038e-01,3.667582718574121127e-15,6.678163051617227999e-14
-6.290860889343379281e-01,2.953230205542447215e-15,6.666940401083517637e-14
-6.310643470756409634e-01,2.423997478735496205e-15,6.655693793692132350e-14
-6.330426052169438877e-01,2.022678027750376487e-15,6.644423247764046070e-14
-6.350208633582468121e-01,1.712001939084242789e-15,6.633128782860289253e-14
-6.369991214995497364e-01,1.467068567966609110e-15,6.621810419790462270e-14
-6.389773796408527717e-01,1.270831433164107210e-15,6.610468180621091020e-14
-6.409556377821556961e-01,1.111352926114380088e-15,6.599102088683774283e-14
-6.429338959234585094e-01,9.800972241187275872e-16,6.587712168583216223e-14
-6.449121540647616557e-01,8.708439906899335449e-16,6.576298446205016541e-14
-6.468904122060645800e-01,7.789814278191874480e-16,6.564860948723359666e-14
-6.488686703473673933e-01,7.010363336276677084e-16,6.553399704608484316e-14
-6.508469284886704287e-01,6.343554551422460646e-16,6.541914743633982671e-14
-6.528251866299734640e-01,5.768854188652514235e-16,6.530406096883953137e-14
-6.548034447712762773e-01,5.270181371470157794e-16,6.518873796759953677e-14
-6.567817029125793127e-01,4.834804912354639850e-16,6.507317876987773394e-14
-6.587599610538822370e-01,4.452544597531070203e-16,6.495738372624071585e-14
-6.607382191951851613e-01,4.115185095998239297e-16,6.484135320062785815e-14
-6.627164773364881967e-01,3.816040520554883069e-16,6.472508757041392321e-14
-6.646947354777911210e-01,3.549627175804881755e-16,6.460858722646994748e-14
-6.666729936190940453e-01,3.311414977919637510e-16,6.449185257322210954e-14
-6.686512517603969696e-01,3.097636757368786274e-16,6.437488402870919696e-14
-6.706295099016998940e-01,2.905140619625581564e-16,6.425768202463767515e-14
-6.726077680430028183e-01,2.731274668937775277e-16,6.414024700643580953e-14
-6.745860261843058536e-01,2.573796296404166110e-16,6.402257943330512447e-14
-6.765642843256087779e-01,2.430800288682272173e-16,6.390467977827075156e-14
-6.785425424669117023e-01,2.300661488565108777e-16,6.378654852822968269e-14
-6.805208006082146266e-01,2.181988808943950920e-16,6.366818618399701619e-14
-6.824990587495176619e-01,2.073588186950652764e-16,6.354959326035095346e-14
-6.844773168908205863e-01,1.974432647935247186e-16,6.343077028607544797e-14
-6.864555750321235106e-01,1.883638087186398184e-16,6.331171780400157941e-14
-6.884338331734264349e-01,1.800443712061459549e-16,6.319243637104630256e-14
-6.904120913147294702e-01,1.724196348342364025e-16,6.307292655825040096e-14
-6.923903494560323946e-01,1.654338024598701910e-16,6.295318895081392883e-14
-6.943686075973352079e-01,1.590396424832841923e-16,6.283322414813007532e-14
-6.963468657386382432e-01,1.531977957870359319e-16,6.271303276381717333e-14
-6.983251238799412786e-01,1.478763346419846665e-16,6.259261542574896651e-14
-7.003033820212440919e-01,1.430505805556050365e-16,6.247197277608299562e-14
-7.022816401625471272e-01,1.387032079905473656e-16,6.235110547128709166e-14
-7.042598983038501625e-01,1.348246869570476073e-16,6.223001418216448058e-14
-7.062381564451529758e-01,1.314141539924463324e-16,6.210869959387630051e-14
-7.082164145864560112e-01,1.284808548221971744e-16,6.198716240596319761e-14
-7.101946727277589355e-01,1.260463842722509483e-16,6.186540333236442283e-14
-7.121729308690618598e-01,1.241480786913478285e-16,6.174342310143546455e-14
-7.141511890103647842e-01,1.228441258740035128e-16,6.162122245596373739e-14
-7.161294471516678195e-01,1.222213047101463022e-16,6.149880215318278175e-14
-7.181077052929707438e-01,1.224068546076834731e-16,6.137616296478392631e-14
-7.200859634342736681e-01,1.235869908697574346e-16,6.125330567692714278e-14
-7.220642215755765925e-01,1.260363711648330586e-16,6.113023109024919954e-14
-7.240424797168795168e-01,1.301660067291039050e-16,6.100694001987067934e-14
-7.260207378581825521e-01,1.366027858573570641e-16,6.088343329540067465e-14
-7.279989959994854765e-01,1.463235166603205145e-16,6.075971176094022071e-14
-7.299772541407884008e-01,1.608809243252715095e-16,6.063577627508350729e-14
-7.319555122820913251e-01,1.827691395977641058e-16,6.051162771091746213e-14
-7.339337704233943604e-01,2.159167731854020000e-16,6.038726695601979457e-14
-7.359120285646972848e-01,2.658491451884364143e-16,6.026269491245459057e-14
-7.378902867060002091e-01,3.370898541870277065e-16,6.013791249676717561e-14
-7.398685448473031334e-01,4.207404242757288383e-16,6.001292063997599894e-14
-7.418468029886060577e-01,4.736906809992291917e-16,5.988772028756394975e-14
-7.438250611299092041e-01,4.482614582027579648e-16,5.976231239946689664e-14
-7.458033192712120174e-01,3.685765793207484483e-16,5.963669795006114155e-14
-7.477815774125149417e-01,2.887110323485497730e-16,5.951087792814896782e-14
-7.497598355538179771e-01,2.294954583171903906e-16,5.938485333694210571e-14
-7.517380936951207904e-01,1.894509930493348488e-16,5.925862519404396088e-14
-7.537163518364237147e-01,1.628362557299195191e-16,5.913219453142992449e-14
-7.556946099777267500e-01,1.450768616497528289e-16,5.900556239542573940e-14
-7.576728681190297854e-01,1.332079746723794287e-16,5.887872984668442765e-14
-7.596511262603327097e-01,1.254050425828712736e-16,5.875169796016145075e-14
-7.616293844016356340e-01,1.205591105492146190e-16,5.862446782508800201e-14
-7.636076425429385583e-01,1.180044821361132320e-16,5.849704054494291049e-14
-7.655859006842414827e-01,1.173588240373148885e-16,5.836941723742238661e-14
-7.675641588255444070e-01,1.184329147923325159e-16,5.824159903440868226e-14
-7.695424169668474423e-01,1.211827541481466542e-16,5.811358708193647903e-14
-7.715206751081504777e-01,1.256890087078074128e-16,5.798538254015790064e-14
-7.734989332494532910e-01,1.321566790668791327e-16,5.785698658330613702e-14
-7.754771913907562153e-01,1.409332325672780656e-16,5.772840039965670803e-14
-7.774554495320592507e-01,1.525479442263981141e-16,5.759962519148770491e-14
-7.794337076733620640e-01,1.677803089095239753e-16,5.747066217503820151e-14
-7.814119658146649883e-01,1.877728401643541886e-16,5.734151258046488591e-14
-7.833902239559681346e-01,2.142159240161837845e-16,5.721217765179727832e-14
-7.853684820972710590e-01,2.496539480958877323e-16,5.708265864689123247e-14
-7.873467402385739833e-01,2.979995537653890415e-16,5.695295683738083408e-14
-7.893249983798769076e-01,3.654042785929147690e-16,5.682307350862874040e-14
-7.913032565211798319e-01,4.617090491664100266e-16,5.669300995967494219e-14
-7.932815146624827563e-01,6.026549090854920360e-16,5.656276750318387214e-14
-7.952597728037859026e-01,8.121316912850227974e-16,5.643234746539004921e-14
-7.972380309450887159e-01,1.118807906602928789e-15,5.630175118604213261e-14
-7.992162890863916402e-01,1.524314206129714040e-15,5.617098001834529708e-14
-8.011945472276946756e-01,1.906886588751350660e-15,5.604003532890229554e-14
-8.031728053689974889e-01,1.990027009459390724e-15,5.590891849765287453e-14
-8.051510635103004132e-01,1.691674371099052784e-15,5.577763091781180767e-14
-8.071293216516034486e-01,1.267979944555066630e-15,5.564617399580504203e-14
-8.091075797929064839e-01,9.162969250237158025e-16,5.551454915120475285e-14
-8.110858379342094082e-01,6.694403108365439290e-16,5.538275781666301608e-14
-8.130640960755123325e-01,5.026965112872352217e-16,5.525080143784321536e-14
-8.150423542168152569e-01,3.890656626597735422e-16,5.511868147335108295e-14
-8.170206123581181812e-01,3.097206464677937613e-16,5.498639939466358867e-14
-8.189988704994211055e-01,2.527525358599747458e-16,5.485395668605637728e-14
-8.209771286407241409e-01,2.107337250688877661e-16,5.472135484453018358e-14
-8.229553867820271762e-01,1.789687876453067229e-16,5.458859537973551194e-14
-8.249336449233299895e-01,1.544210756172472045e-16,5.445567981389602844e-14
-8.269119030646329138e-01,1.350766818844907844e-16,5.432260968173055202e-14
-8.288901612059359492e-01,1.195665007112982792e-16,5.418938653037365087e-14
-8.308684193472387625e-01,1.069378576975627288e-16,5.405601191929491987e-14
-8.328466774885416868e-01,9.651347636960638014e-17,5.392248742021680656e-14
-8.348249356298448332e-01,8.780234670629341878e-17,5.378881461703114331e-14
-8.368031937711477575e-01,8.044210062554707308e-17,5.365499510571456250e-14
-8.387814519124506818e-01,7.416094241112493015e-17,5.352103049424218254e-14
-8.407597100537536061e-01,6.875198328233158579e-17,5.338692240250030935e-14
-8.427379681950564194e-01,6.405560968324021396e-17,5.325267246219773685e-14
-8.447162263363594548e-01,5.994715773751413575e-17,5.311828231677582310e-14
-8.466944844776623791e-01,5.632815717605414025e-17,5.298375362131727908e-14
-8.486727426189654144e-01,5.312001779256829288e-17,5.284908804245353118e-14
-8.506510007602683388e-01,5.025941401270268372e-17,5.271428725827132632e-14
-8.526292589015713741e-01,4.769486758188508394e-17,5.257935295821757647e-14
-8.546075170428741874e-01,4.538418727191947059e-17,5.244428684300326904e-14
-8.565857751841771117e-01,4.329252949448965869e-17,5.230909062450626660e-14
-8.585640333254801471e-01,4.139091414566828751e-17,5.217376602567268032e-14
-8.605422914667831824e-01,3.965507794165136324e-17,5.203831478041712642e-14
-8.625205496080861067e-01,3.806458057048175858e-17,5.190273863352226948e-14
-8.644988077493890311e-01,3.660210208050180642e-17,5.176703934053633359e-14
-8.664770658906919554e-01,3.525288625129540589e-17,5.163121866767056306e-14
-8.684553240319948797e-01,3.400429636121549713e-17,5.149527839169467630e-14
-8.704335821732978040e-01,3.284545819349801696e-17,5.135922029983175166e-14
-8.724118403146007283e-01,3.176697127083821641e-17,5.122304618965183216e-14
-8.743900984559038747e-01,3.076067383503289013e-17,5.108675786896450160e-14
-8.763683565972066880e-01,2.981945045089130188e-17,5.095035715571049505e-14
-8.783466147385096123e-01,2.893707363240403493e-17,5.081384587785204722e-14
-8.803248728798126477e-01,2.810807279086228280e-17,5.067722587326252760e-14
-8.823031310211154610e-01,2.732762525123209567e-17,5.054049898961490190e-14
-8.842813891624183853e-01,2.659146519138628297e-17,5.040366708426904482e-14
-8.862596473037215317e-01,2.589580721367031801e-17,5.026673202415862371e-14
-8.882379054450243450e-01,2.523728192194416715e-17,5.012969568567625303e-14
-8.902161635863273803e-01,2.461288139563947232e-17,4.999255995455833963e-14
-8.921944217276303046e-01,2.401991285968012250e-17,4.985532672576882354e-14
-8.941726798689331179e-01,2.345595917093409935e-17,4.971799790338177026e-14
-8.961509380102361533e-01,2.291884499750238288e-17,4.958057540046342655e-14
-8.981291961515390776e-01,2.240660777125818624e-17,4.944306113895318454e-14
-9.001074542928421129e-01,2.191747265781458177e-17,4.930545704954353593e-14
-9.020857124341450373e-01,2.144983092011232109e-17,4.916776507155978659e-14
-9.040639705754480726e-01,2.100222115871917889e-17,4.902998715283805441e-14
-9.060422287167508859e-01,2.057331299886931846e-17,4.889212524960320416e-14
-9.080204868580538102e-01,2.016189286526850708e-17,4.875418132634564002e-14
-9.099987449993568456e-01,1.976685154390258433e-17,4.861615735569719567e-14
-9.119770031406597699e-01,1.938717327799875577e-17,4.847805531830674040e-14
-9.139552612819628052e-01,1.902192618487045456e-17,4.833987720271433371e-14
-9.159335194232657296e-01,1.867025381319174652e-17,4.820162500522546195e-14
-9.179117775645685429e-01,1.833136768754700621e-17,4.806330072978364672e-14
-9.198900357058715782e-01,1.800454070988803587e-17,4.792490638784323638e-14
-9.218682938471745025e-01,1.768910130661118758e-17,4.778644399824069541e-14
-9.238465519884773158e-01,1.738442822599346986e-17,4.764791558706601389e-14
-9.258248101297805732e-01,1.708994590422814703e-17,4.750932318753276621e-14
-9.278030682710832755e-01,1.680512032970780758e-17,4.737066883984807533e-14
-9.297813264123863108e-01,1.652945534486788440e-17,4.723195459108127056e-14
-9.317595845536893462e-01,1.626248933311444409e-17,4.709318249503301868e-14
-9.337378426949920485e-01,1.600379224535402589e-17,4.695435461210257444e-14
-9.357161008362950838e-01,1.575296292661582644e-17,4.681547300915567477e-14
-9.376943589775983412e-01,1.550962670836907822e-17,4.667653975939076057e-14
-9.396726171189010435e-01,1.527343323652585542e-17,4.653755694220557718e-14
-9.416508752602040788e-01,1.504405450889281647e-17,4.639852664306272725e-14
-9.436291334015071142e-01,1.482118309908828518e-17,4.625945095335487649e-14
-9.456073915428098164e-01,1.460453054675114293e-17,4.612033197026941670e-14
-9.475856496841128518e-01,1.439382589630095303e-17,4.598117179665274381e-14
-9.495639078254158871e-01,1.418881436861927089e-17,4.584197254087392381e-14
-9.515421659667188115e-01,1.398925615185699371e-17,4.570273631668812514e-14
-9.535204241080218468e-01,1.379492529917049608e-17,4.556346524309939474e-14
-9.554986822493246601e-01,1.360560872258399070e-17,4.542416144422312491e-14
-9.574769403906275844e-01,1.342110527339459105e-17,4.528482704914821089e-14
-9.594551985319306198e-01,1.324122490060454457e-17,4.514546419179874149e-14
-9.614334566732334331e-01,1.306578787980187085e-17,4.500607501079529835e-14
-9.634117148145365794e-01,1.289462410573417772e-17,4.486666164931594610e-14
-9.653899729558393927e-01,1.272757244254529459e-17,4.472722625495688159e-14
-9.673682310971423171e-01,1.256448012628364110e-17,4.458777097959286866e-14
-9.693464892384453524e-01,1.240520221485580459e-17,4.444829797923720586e-14
-9.713247473797481657e-01,1.224960108109826545e-17,4.430880941390156163e-14
-9.733030055210512010e-01,1.209754594508257259e-17,4.416930744745538037e-14
-9.752812636623541254e-01,1.194891244216195304e-17,4.402979424748535157e-14
-9.772595218036571607e-01,1.180358222361599921e-17,4.389027198515414697e-14
-9.792377799449600850e-01,1.166144258706052171e-17,4.375074283505944789e-14
-9.812160380862631204e-01,1.152238613406615157e-17,4.361120897509256879e-14
-9.831942962275659337e-01,1.138631045267599347e-17,4.347167258629673365e-14
-9.851725543688688580e-01,1.125311782273304715e-17,4.333213585272546597e-14
-9.871508125101718933e-01,1.112271494212530803e-17,4.319260096130067586e-14
-9.891290706514749287e-01,1.099501267223304578e-17,4.305307010167055778e-14
-9.911073287927778530e-01,1.086992580102120489e-17,4.291354546606760191e-14
-9.930855869340806663e-01,1.074737282236194210e-17,4.277402924916616369e-14
-9.950638450753837017e-01,1.062727573030036322e-17,4.263452364794034901e-14
-9.970421032166866260e-01,1.050955982709137102e-17,4.249503086152131237e-14
-9.990203613579894393e-01,1.039415354393936147e-17,4.235555309105512313e-14
-1.000998619499292364e+00,1.028098827346593815e-17,4.221609253956005737e-14
-1.002976877640595621e+00,1.016999821301529058e-17,4.207665141178405393e-14
-1.004955135781898434e+00,1.006112021798321357e-17,4.193723191406227762e-14
-1.006933393923201470e+00,9.954293664424856489e-18,4.179783625417463838e-14
-1.008911652064504505e+00,9.849460320258808379e-18,4.165846664120301374e-14
-1.010889910205807096e+00,9.746564224441980118e-18,4.151912528538910871e-14
-1.012868168347110132e+00,9.645551573541109834e-18,4.137981439799188651e-14
-1.014846426488413167e+00,9.546370615173747688e-18,4.124053619114508770e-14
-1.016824684629716202e+00,9.448971547833821668e-18,4.110129287771520364e-14
-1.018802942771019238e+00,9.353306426656017922e-18,4.096208667115914076e-14
-1.020781200912322051e+00,9.259329074708163959e-18,4.082291978538225080e-14
-1.022759459053624864e+00,9.166994999433275817e-18,4.068379443459632327e-14
-1.024737717194927900e+00,9.076261313892135072e-18,4.054471283317788707e-14
-1.026715975336230713e+00,8.987086662484250771e-18,4.040567719552648693e-14
-1.028694233477533970e+00,8.899431150849516074e-18,4.026668973592331949e-14
-1.030672491618836784e+00,8.813256279675413552e-18,4.012775266838992623e-14
-1.032650749760139819e+00,8.728524882155171979e-18,3.998886820654705685e-14
-1.034629007901442632e+00,8.645201064861183947e-18,3.985003856347400581e-14
-1.036607266042745445e+00,8.563250151815191386e-18,3.971126595156775340e-14
-1.038585524184048481e+00,8.482638631552866906e-18,3.957255258240289557e-14
-1.040563782325351516e+00,8.403334106994716970e-18,3.943390066659116988e-14
-1.042542040466654552e+00,8.325305247948979411e-18,3.929531241364192812e-14
-1.044520298607957365e+00,8.248521746084302693e-18,3.915679003182244480e-14
-1.046498556749260400e+00,8.172954272221491356e-18,3.901833572801871161e-14
-1.048476814890563213e+00,8.098574435804120705e-18,3.887995170759643382e-14
-1.050455073031866249e+00,8.025354746417348727e-18,3.874164017426257571e-14
-1.052433331173169284e+00,7.953268577233405214e-18,3.860340332992694388e-14
-1.054411589314472320e+00,7.882290130270280756e-18,3.846524337456442061e-14
-1.056389847455775133e+00,7.812394403357862022e-18,3.832716250607736125e-14
-1.058368105597077946e+00,7.743557158712816356e-18,3.818916292015848389e-14
-1.060346363738380981e+00,7.675754893030005992e-18,3.805124681015413767e-14
-1.062324621879684017e+00,7.608964809004270417e-18,3.791341636692793714e-14
-1.064302880020986830e+00,7.543164788202056044e-18,3.777567377872490778e-14
-1.066281138162289865e+00,7.478333365207459928e-18,3.763802123103592184e-14
-1.068259396303592679e+00,7.414449702972218513e-18,3.750046090646280312e-14
-1.070237654444895714e+00,7.351493569303498812e-18,3.736299498458370312e-14
-1.072215912586198749e+00,7.289445314427591083e-18,3.722562564181908938e-14
-1.074194170727501563e+00,7.228285849571455496e-18,3.708835505129802402e-14
-1.076172428868804598e+00,7.167996626507625108e-18,3.695118538272518711e-14
-1.078150687010107633e+00,7.108559618011344820e-18,3.681411880224835432e-14
-1.080128945151410447e+00,7.049957299181939812e-18,3.667715747232617750e-14
-1.082107203292713482e+00,6.992172629583300473e-18,3.654030355159690564e-14
-1.084085461434016517e+00,6.935189036161020148e-18,3.640355919474716887e-14
-1.086063719575319331e+00,6.878990396896374425e-18,3.626692655238186694e-14
-1.088041977716622366e+00,6.823561025159528550e-18,3.613040777089418382e-14
-1.090020235857925179e+00,6.768885654726673745e-18,3.599400499233631553e-14
-1.091998493999227993e+00,6.714949425427771550e-18,3.585772035429098045e-14
-1.093976752140531250e+00,6.661737869393570512e-18,3.572155598974339038e-14
-1.095955010281834063e+00,6.609236897872279841e-18,3.558551402695367590e-14
-1.097933268423137099e+00,6.557432788588017933e-18,3.544959658933034685e-14
-1.099911526564440134e+00,6.506312173614709086e-18,3.531380579530402403e-14
-1.101889784705742947e+00,6.455862027740572344e-18,3.517814375820204188e-14
-1.103868042847045761e+00,6.406069657299713074e-18,3.504261258612358761e-14
-1.105846300988348796e+00,6.356922689448655193e-18,3.490721438181567330e-14
-1.107824559129651831e+00,6.308409061866818352e-18,3.477195124254955615e-14
-1.109802817270954867e+00,6.260517012861129931e-18,3.463682525999817466e-14
-1.111781075412257680e+00,6.213235071855994837e-18,3.450183852011400779e-14
-1.113759333553560493e+00,6.166552050250859827e-18,3.436699310300776707e-14
-1.115737591694863529e+00,6.120457032628569035e-18,3.423229108282784601e-14
-1.117715849836166342e+00,6.074939368298569377e-18,3.409773452764048268e-14
-1.119694107977469599e+00,6.029988663159867325e-18,3.396332549931067957e-14
-1.121672366118772635e+00,5.985594771869434308e-18,3.382906605338381767e-14
-1.123650624260075448e+00,5.941747790302478333e-18,3.369495823896814142e-14
-1.125628882401378261e+00,5.898438048291710436e-18,3.356100409861796312e-14
-1.127607140542681297e+00,5.855656102633381701e-18,3.342720566821766886e-14
-1.129585398683984110e+00,5.813392730348477497e-18,3.329356497686644379e-14
-1.131563656825287367e+00,5.771638922188073408e-18,3.316008404676406406e-14
-1.133541914966590181e+00,5.730385876372335742e-18,3.302676489309712409e-14
-1.135520173107892994e+00,5.689624992553260397e-18,3.289360952392635572e-14
-1.137498431249196029e+00,5.649347865991655263e-18,3.276061994007476770e-14
-1.139476689390498843e+00,5.609546281939362040e-18,3.262779813501641632e-14
-1.141454947531801878e+00,5.570212210218180983e-18,3.249514609476638141e-14
-1.143433205673104913e+00,5.531337799987306450e-18,3.236266579777121563e-14
-1.145411463814407949e+00,5.492915374691544860e-18,3.223035921480054867e-14
-1.147389721955710762e+00,5.454937427182891004e-18,3.209822830883936044e-14
-1.149367980097013797e+00,5.417396615008456170e-18,3.196627503498140275e-14
-1.151346238238316610e+00,5.380285755857985755e-18,3.183450134032315120e-14
-1.153324496379619646e+00,5.343597823164620040e-18,3.170290916385898134e-14
-1.155302754520922681e+00,5.307325941852747483e-18,3.157150043637707058e-14
-1.157281012662225717e+00,5.271463384227151162e-18,3.144027708035630353e-14
-1.159259270803528530e+00,5.236003565997891685e-18,3.130924100986391571e-14
-1.161237528944831343e+00,5.200940042435620227e-18,3.117839413045445627e-14
-1.163215787086134378e+00,5.166266504652246510e-18,3.104773833906921139e-14
-1.165194045227437414e+00,5.131976776002143025e-18,3.091727552393687717e-14
-1.167172303368740227e+00,5.098064808599243246e-18,3.078700756447514141e-14
-1.169150561510043262e+00,5.064524679945642714e-18,3.065693633119306674e-14
-1.171128819651346076e+00,5.031350589667458242e-18,3.052706368559470451e-14
-1.173107077792649111e+00,4.998536856353908490e-18,3.039739148008335225e-14
-1.175085335933952146e+00,4.966077914495780997e-18,3.026792155786704821e-14
-1.177063594075254960e+00,4.933968311519554768e-18,3.013865575286495556e-14
-1.179041852216557995e+00,4.902202704913670896e-18,3.000959588961465556e-14
-1.181020110357861030e+00,4.870775859443555432e-18,2.988074378318060176e-14
-1.182998368499163844e+00,4.839682644452139683e-18,2.975210123906336947e-14
-1.184976626640466879e+00,4.808918031242808763e-18,2.962367005311009162e-14
-1.186954884781769914e+00,4.778477090541771645e-18,2.949545201142577193e-14
-1.188933142923072728e+00,4.748354990037018519e-18,2.936744889028572756e-14
-1.190911401064375763e+00,4.718546991991122150e-18,2.923966245604895335e-14
-1.192889659205678576e+00,4.689048450925294791e-18,2.911209446507246406e-14
-1.194867917346981390e+00,4.659854811372137633e-18,2.898474666362688001e-14
-1.196846175488284647e+00,4.630961605694731599e-18,2.885762078781284565e-14
-1.198824433629587460e+00,4.602364451969703681e-18,2.873071856347855261e-14
-1.200802691770890496e+00,4.574059051932098688e-18,2.860404170613826608e-14
-1.202780949912193531e+00,4.546041188979890096e-18,2.847759192089205041e-14
-1.204759208053496122e+00,4.518306726236105495e-18,2.835137090234624556e-14
-1.206737466194799158e+00,4.490851604666598299e-18,2.822538033453534463e-14
-1.208715724336102193e+00,4.463671841251573712e-18,2.809962189084472655e-14
-1.210693982477405228e+00,4.436763527209066266e-18,2.797409723393445523e-14
-1.212672240618708264e+00,4.410122826268624040e-18,2.784880801566415163e-14
-1.214650498760011077e+00,4.383745972993519381e-18,2.772375587701904909e-14
-1.216628756901313890e+00,4.357629271149876052e-18,2.759894244803697950e-14
-1.218607015042616926e+00,4.331769092121189002e-18,2.747436934773650178e-14
-1.220585273183919739e+00,4.306161873366710663e-18,2.735003818404605903e-14
-1.222563531325222996e+00,4.280804116922287051e-18,2.722595055373433468e-14
-1.224541789466526032e+00,4.255692387942287049e-18,2.710210804234157433e-14
-1.226520047607828845e+00,4.230823313281263627e-18,2.697851222411191089e-14
-1.228498305749131658e+00,4.206193580114082811e-18,2.685516466192715394e-14
-1.230476563890434694e+00,4.181799934593303998e-18,2.673206690724120382e-14
-1.232454822031737507e+00,4.157639180542606737e-18,2.660922050001582260e-14
-1.234433080173040542e+00,4.133708178185133085e-18,2.648662696865749046e-14
-1.236411338314343578e+00,4.110003842905653140e-18,2.636428782995526241e-14
-1.238389596455646391e+00,4.086523144045477555e-18,2.624220458901986821e-14
-1.240367854596949426e+00,4.063263103729110134e-18,2.612037873922372111e-14
-1.242346112738252240e+00,4.040220795721649837e-18,2.599881176214216343e-14
-1.244324370879555275e+00,4.017393344316005409e-18,2.587750512749585769e-14
-1.246302629020858310e+00,3.994777923248972757e-18,2.575646029309408956e-14
-1.248280887162161346e+00,3.972371754645351565e-18,2.563567870477943401e-14
-1.250259145303464159e+00,3.950172107989182852e-18,2.551516179637321348e-14
-1.252237403444766972e+00,3.928176299121341722e-18,2.539491098962248956e-14
-1.254215661586070008e+00,3.906381689262654086e-18,2.527492769414768579e-14
-1.256193919727373043e+00,3.884785684061799320e-18,2.515521330739165881e-14
-1.258172177868675856e+00,3.863385732667236988e-18,2.503576921456979185e-14
-1.260150436009978892e+00,3.842179326822456564e-18,2.491659678862109798e-14
-1.262128694151281927e+00,3.821163999983869166e-18,2.479769739016062972e-14
-1.264106952292584740e+00,3.800337326460651029e-18,2.467907236743277216e-14
-1.266085210433887775e+00,3.779696920575928608e-18,2.456072305626582978e-14
-1.268063468575190811e+00,3.759240435848642757e-18,2.444265078002764835e-14
-1.270041726716493624e+00,3.738965564195543520e-18,2.432485684958229695e-14
-1.272019984857796659e+00,3.718870035152681472e-18,2.420734256324801226e-14
-1.273998242999099473e+00,3.698951615115872575e-18,2.409010920675605470e-14
-1.275976501140402508e+00,3.679208106599588774e-18,2.397315805321085833e-14
-1.277954759281705543e+00,3.659637347513719686e-18,2.385649036305118105e-14
-1.279933017423008357e+00,3.640237210457750096e-18,2.374010738401230868e-14
-1.281911275564311392e+00,3.621005602031803968e-18,2.362401035108959066e-14
-1.283889533705614427e+00,3.601940462164139754e-18,2.350820048650280249e-14
-1.285867791846917019e+00,3.583039763454589318e-18,2.339267899966185231e-14
-1.287846049988220276e+00,3.564301510533509075e-18,2.327744708713335534e-14
-1.289824308129523311e+00,3.545723739435844286e-18,2.316250593260854303e-14
-1.291802566270826125e+00,3.527304516989833498e-18,2.304785670687215346e-14
-1.293780824412129160e+00,3.509041940220006470e-18,2.293350056777232850e-14
-1.295759082553431973e+00,3.490934135764041859e-18,2.281943866019188661e-14
-1.297737340694734787e+00,3.472979259303129532e-18,2.270567211602031194e-14
-1.299715598836038044e+00,3.455175495005474258e-18,2.259220205412720764e-14
-1.301693856977340857e+00,3.437521054982559082e-18,2.247902958033652848e-14
-1.303672115118643893e+00,3.420014178757856361e-18,2.236615578740220188e-14
-1.305650373259946928e+00,3.402653132747640196e-18,2.225358175498451257e-14
-1.307628631401249519e+00,3.385436209753564745e-18,2.214130854962777472e-14
-1.309606889542552555e+00,3.368361728466721092e-18,2.202933722473912729e-14
-1.311585147683855590e+00,3.351428032982847548e-18,2.191766882056821301e-14
-1.313563405825158625e+00,3.334633492328408369e-18,2.180630436418812897e-14
-1.315541663966461661e+00,3.317976499997255838e-18,2.169524486947729859e-14
-1.317519922107764474e+00,3.301455473497600317e-18,2.158449133710245430e-14
-1.319498180249067287e+00,3.285068853909010149e-18,2.147404475450282248e-14
-1.321476438390370323e+00,3.268815105449194902e-18,2.136390609587511614e-14
-1.323454696531673136e+00,3.252692715050314265e-18,2.125407632215980561e-14
-1.325432954672976393e+00,3.236700191944556055e-18,2.114455638102836740e-14
-1.327411212814279429e+00,3.220836067258769565e-18,2.103534720687154276e-14
-1.329389470955582242e+00,3.205098893617898486e-18,2.092644972078875433e-14
-1.331367729096885055e+00,3.189487244757008865e-18,2.081786483057841583e-14
-1.333345987238188091e+00,3.173999715141677914e-18,2.070959343072945643e-14
-1.335324245379490904e+00,3.158634919596553001e-18,2.060163640241370363e-14
-1.337302503520793939e+00,3.143391492941851628e-18,2.049399461347948076e-14
-1.339280761662096975e+00,3.128268089637621755e-18,2.038666891844610396e-14
-1.341259019803399788e+00,3.113263383435566412e-18,2.027966015849941088e-14
-1.343237277944702823e+00,3.098376067038231903e-18,2.017296916148843169e-14
-1.345215536086005637e+00,3.083604851765396679e-18,2.006659674192290891e-14
-1.347193794227308672e+00,3.068948467227469445e-18,1.996054370097195951e-14
-1.349172052368611707e+00,3.054405661005722771e-18,1.985481082646367099e-14
-1.351150310509914743e+00,3.039975198339214309e-18,1.974939889288572933e-14
-1.353128568651217556e+00,3.025655861818203009e-18,1.964430866138710082e-14
-1.355106826792520369e+00,3.011446451083931695e-18,1.953954087978055647e-14
-1.357085084933823405e+00,2.997345782534603044e-18,1.943509628254633541e-14
-1.359063343075126440e+00,2.983352689037402598e-18,1.933097559083674871e-14
-1.361041601216429253e+00,2.969466019646431689e-18,1.922717951248173616e-14
-1.363019859357732289e+00,2.955684639326405053e-18,1.912370874199535377e-14
-1.364998117499035324e+00,2.942007428681962533e-18,1.902056396058338163e-14
-1.366976375640338137e+00,2.928433283692490098e-18,1.891774583615176153e-14
-1.368954633781641173e+00,2.914961115452289161e-18,1.881525502331603804e-14
-1.370932891922944208e+00,2.901589849915987909e-18,1.871309216341169576e-14
-1.372911150064247021e+00,2.888318427649061722e-18,1.861125788450559149e-14
-1.374889408205550057e+00,2.875145803583354476e-18,1.850975280140815000e-14
-1.376867666346852870e+00,2.862070946777463197e-18,1.840857751568662009e-14
-1.378845924488155905e+00,2.849092840181896709e-18,1.830773261567918569e-14
-1.380824182629458940e+00,2.836210480408884641e-18,1.820721867651010569e-14
-1.382802440770761754e+00,2.823422877506724682e-18,1.810703626010561424e-14
-1.384780698912064789e+00,2.810729054738581059e-18,1.800718591521087178e-14
-1.386758957053367602e+00,2.798128048365610187e-18,1.790766817740776174e-14
-1.388737215194670416e+00,2.785618907434337616e-18,1.780848356913360862e-14
-1.390715473335973673e+00,2.773200693568165715e-18,1.770963259970077019e-14
-1.392693731477276486e+00,2.760872480762944297e-18,1.761111576531711939e-14
-1.394671989618579522e+00,2.748633355186480931e-18,1.751293354910745410e-14
-1.396650247759882557e+00,2.736482414981936227e-18,1.741508642113569879e-14
-1.398628505901185370e+00,2.724418770074992035e-18,1.731757483842809703e-14
-1.400606764042488184e+00,2.712441541984711638e-18,1.722039924499712033e-14
-1.402585022183791219e+00,2.700549863638025706e-18,1.712356007186632983e-14
-1.404563280325094254e+00,2.688742879187741546e-18,1.702705773709610267e-14
-1.406541538466397290e+00,2.677019743834012866e-18,1.693089264581013452e-14
-1.408519796607700325e+00,2.665379623649182991e-18,1.683506519022281940e-14
-1.410498054749002916e+00,2.653821695405941067e-18,1.673957574966744988e-14
-1.412476312890305952e+00,2.642345146408701120e-18,1.664442469062522505e-14
-1.414454571031608987e+00,2.630949174328147340e-18,1.654961236675513890e-14
-1.416432829172912022e+00,2.619632987038870862e-18,1.645513911892461649e-14
-1.418411087314215058e+00,2.608395802460027962e-18,1.636100527524092014e-14
-1.420389345455517871e+00,2.597236848398964167e-18,1.626721115108346427e-14
-1.422367603596820684e+00,2.586155362397726502e-18,1.617375704913682138e-14
-1.424345861738123720e+00,2.575150591582412624e-18,1.608064325942458309e-14
-1.426324119879426533e+00,2.564221792515294074e-18,1.598787005934391226e-14
-1.428302378020729568e+00,2.553368231049645838e-18,1.589543771370093444e-14
-1.430280636162032826e+00,2.542589182187237157e-18,1.580334647474685508e-14
-1.432258894303335639e+00,2.531883929938420043e-18,1.571159658221484667e-14
-1.434237152444638452e+00,2.521251767184755386e-18,1.562018826335767741e-14
-1.436215410585941488e+00,2.510691995544138157e-18,1.552912173298607822e-14
-1.438193668727244301e+00,2.500203925238350435e-18,1.543839719350780400e-14
-1.440171926868547336e+00,2.489786874963007208e-18,1.534801483496753108e-14
-1.442150185009850372e+00,2.479440171759836019e-18,1.525797483508732890e-14
-1.444128443151153185e+00,2.469163150891241921e-18,1.516827735930792060e-14
-1.446106701292456220e+00,2.458955155717115365e-18,1.507892256083065675e-14
-1.448084959433759034e+00,2.448815537573832569e-18,1.498991058066014853e-14
-1.450063217575062069e+00,2.438743655655399839e-18,1.490124154764760460e-14
-1.452041475716365104e+00,2.428738876896708310e-18,1.481291557853479274e-14
-1.454019733857667918e+00,2.418800575858843282e-18,1.472493277799881245e-14
-1.455997991998970953e+00,2.408928134616415778e-18,1.463729323869739132e-14
-1.457976250140273766e+00,2.399120942646866636e-18,1.454999704131485670e-14
-1.459954508281576802e+00,2.389378396721709631e-18,1.446304425460887098e-14
-1.461932766422879837e+00,2.379699900799672411e-18,1.437643493545764650e-14
-1.463911024564182650e+00,2.370084865921698257e-18,1.429016912890790826e-14
-1.465889282705485686e+00,2.360532710107758613e-18,1.420424686822346413e-14
-1.467867540846788721e+00,2.351042858255467127e-18,1.411866817493434927e-14
-1.469845798988091312e+00,2.341614742040425482e-18,1.403343305888661116e-14
-1.471824057129394570e+00,2.332247799818294488e-18,1.394854151829270204e-14
-1.473802315270697605e+00,2.322941476528541489e-18,1.386399353978247244e-14
-1.475780573412000418e+00,2.313695223599829444e-18,1.377978909845469799e-14
-1.477758831553303454e+00,2.304508498857028021e-18,1.369592815792923264e-14
-1.479737089694606267e+00,2.295380766429795095e-18,1.361241067039979602e-14
-1.481715347835909302e+00,2.286311496662720559e-18,1.352923657668713953e-14
-1.483693605977212115e+00,2.277300166026981994e-18,1.344640580629297130e-14
-1.485671864118515151e+00,2.268346257033489465e-18,1.336391827745428348e-14
-1.487650122259818408e+00,2.259449258147499415e-18,1.328177389719831371e-14
-1.489628380401120999e+00,2.250608663704650668e-18,1.319997256139797367e-14
-1.491606638542424035e+00,2.241823973828411758e-18,1.311851415482782035e-14
-1.493584896683726848e+00,2.233094694348901432e-18,1.303739855122058107e-14
-1.495563154825029883e+00,2.224420336723066566e-18,1.295662561332415028e-14
-1.497541412966332697e+00,2.215800417956170856e-18,1.287619519295902489e-14
-1.499519671107635954e+00,2.207234460524601236e-18,1.279610713107642763e-14
-1.501497929248938767e+00,2.198721992299926918e-18,1.271636125781660537e-14
-1.503476187390241581e+00,2.190262546474230322e-18,1.263695739256796216e-14
-1.505454445531544838e+00,2.181855661486645167e-18,1.255789534402638476e-14
-1.507432703672847429e+00,2.173500880951109070e-18,1.247917491025513448e-14
-1.509410961814150687e+00,2.165197753585289406e-18,1.240079587874516036e-14
-1.511389219955453500e+00,2.156945833140668587e-18,1.232275802647595505e-14
-1.513367478096756313e+00,2.148744678333766405e-18,1.224506111997669471e-14
-1.515345736238059571e+00,2.140593852778474798e-18,1.216770491538788369e-14
-1.517323994379362384e+00,2.132492924919484229e-18,1.209068915852347110e-14
-1.519302252520665419e+00,2.124441467966785501e-18,1.201401358493329066e-14
-1.521280510661968233e+00,2.116439059831225450e-18,1.193767791996592824e-14
-1.523258768803271268e+00,2.108485283061089921e-18,1.186168187883201999e-14
-1.525237026944573859e+00,2.100579724779707102e-18,1.178602516666793242e-14
-1.527215285085877117e+00,2.092721976624043106e-18,1.171070747859975631e-14
-1.529193543227180152e+00,2.084911634684273219e-18,1.163572849980779455e-14
-1.531171801368482965e+00,2.077148299444313417e-18,1.156108790559128977e-14
-1.533150059509786223e+00,2.069431575723294829e-18,1.148678536143358103e-14
-1.535128317651088814e+00,2.061761072617955700e-18,1.141282052306761879e-14
-1.537106575792391849e+00,2.054136403445947793e-18,1.133919303654176061e-14
-1.539084833933694885e+00,2.046557185690030259e-18,1.126590253828596603e-14
-1.541063092074997698e+00,2.039023040943136334e-18,1.119294865517825498e-14
-1.543041350216300955e+00,2.031533594854297467e-18,1.112033100461156845e-14
-1.545019608357603547e+00,2.024088477075417932e-18,1.104804919456083115e-14
-1.546997866498906582e+00,2.016687321208864114e-18,1.097610282365040858e-14
-1.548976124640209395e+00,2.009329764755881553e-18,1.090449148122178969e-14
-1.550954382781512431e+00,2.002015449065795079e-18,1.083321474740164828e-14
-1.552932640922815688e+00,1.994744019286007431e-18,1.076227219317006836e-14
-1.554910899064118501e+00,1.987515124312753614e-18,1.069166338042910883e-14
-1.556889157205421537e+00,1.980328416742623703e-18,1.062138786207164262e-14
-1.558867415346724128e+00,1.973183552824817883e-18,1.055144518205041829e-14
-1.560845673488027163e+00,1.966080192414139121e-18,1.048183487544737572e-14
-1.562823931629329977e+00,1.959017998924700358e-18,1.041255646854319831e-14
-1.564802189770633234e+00,1.951996639284328120e-18,1.034360947888714619e-14
-1.566780447911936269e+00,1.945015783889672554e-18,1.027499341536703758e-14
-1.568758706053239083e+00,1.938075106561981531e-18,1.020670777827950635e-14
-1.570736964194542118e+00,1.931174284503551518e-18,1.013875205940044416e-14
-1.572715222335844709e+00,1.924312998254833265e-18,1.007112574205567449e-14
-1.574693480477147967e+00,1.917490931652177671e-18,1.000382830119178444e-14
-1.576671738618450780e+00,1.910707771786219526e-18,9.936859203447145902e-15
-1.578649996759753815e+00,1.903963208960881002e-18,9.870217907223157607e-15
-1.580628254901056851e+00,1.897256936652988374e-18,9.803903862755636994e-15
-1.582606513042359664e+00,1.890588651472485388e-18,9.737916512186365188e-15
-1.584584771183662699e+00,1.883958053123244438e-18,9.672255289634802338e-15
-1.586563029324965513e+00,1.877364844364451670e-18,9.606919621269976510e-15
-1.588541287466268548e+00,1.870808730972564859e-18,9.541908925382465671e-15
-1.590519545607571805e+00,1.864289421703833273e-18,9.477222612456572146e-15
-1.592497803748874396e+00,1.857806628257366422e-18,9.412860085242577550e-15
-1.594476061890177432e+00,1.851360065238747466e-18,9.348820738829180721e-15
-1.596454320031480245e+00,1.844949450124175481e-18,9.285103960715978267e-15
-1.598432578172783280e+00,1.838574503225133504e-18,9.221709130886098144e-15
-1.600410836314086094e+00,1.832234947653573109e-18,9.158635621878961027e-15
-1.602389094455389351e+00,1.825930509287601274e-18,9.095882798863065353e-15
-1.604367352596692164e+00,1.819660916737667981e-18,9.033450019708897001e-15
-1.606345610737994978e+00,1.813425901313238382e-18,8.971336635061955723e-15
-1.608323868879298235e+00,1.807225196989954929e-18,8.909541988415783154e-15
-1.610302127020600826e+00,1.801058540377260558e-18,8.848065416185109150e-15
-1.612280385161904084e+00,1.794925670686499520e-18,8.786906247779042306e-15
-1.614258643303206897e+00,1.788826329699463084e-18,8.726063805674326727e-15
-1.616236901444509710e+00,1.782760261737395554e-18,8.665537405488605128e-15
-1.618215159585812968e+00,1.776727213630438616e-18,8.605326356053786048e-15
-1.620193417727115781e+00,1.770726934687506712e-18,8.545429959489371626e-15
-1.622171675868418816e+00,1.764759176666599603e-18,8.485847511275902131e-15
-1.624149934009721630e+00,1.758823693745524766e-18,8.426578300328293205e-15
-1.626128192151024665e+00,1.752920242493043495e-18,8.367621609069346655e-15
-1.628106450292327256e+00,1.747048581840419138e-18,8.308976713503106627e-15
-1.630084708433630514e+00,1.741208473053364393e-18,8.250642883288345158e-15
-1.632062966574933549e+00,1.735399679704390335e-18,8.192619381811979880e-15
-1.634041224716236362e+00,1.729621967645532563e-18,8.134905466262460172e-15
-1.636019482857539398e+00,1.723875104981466174e-18,8.077500387703218001e-15
-1.637997740998842211e+00,1.718158862042995341e-18,8.020403391145979921e-15
-1.639975999140145246e+00,1.712473011360908425e-18,7.963613715624173734e-15
-1.641954257281448282e+00,1.706817327640198444e-18,7.907130594266185270e-15
-1.643932515422751095e+00,1.701191587734643299e-18,7.850953254368643566e-15
-1.645910773564054352e+00,1.695595570621732283e-18,7.795080917469620846e-15
-1.647889031705356944e+00,1.690029057377942154e-18,7.739512799421826192e-15
-1.649867289846659979e+00,1.684491831154354855e-18,7.684248110465655641e-15
-1.651845547987962792e+00,1.678983677152607660e-18,7.629286055302256481e-15
-1.653823806129265828e+00,1.673504382601173999e-18,7.574625833166460600e-15
-1.655802064270569085e+00,1.668053736731967642e-18,7.520266637899708363e-15
-1.657780322411871898e+00,1.662631530757268910e-18,7.466207658022794211e-15
-1.659758580553174934e+00,1.657237557846965569e-18,7.412448076808598057e-15
-1.661736838694477525e+00,1.651871613106097452e-18,7.358987072354673113e-15
-1.663715096835780560e+00,1.646533493552712312e-18,7.305823817655799005e-15
-1.665693354977083374e+00,1.641222998096019416e-18,7.252957480676323472e-15
-1.667671613118386631e+00,1.635939927514834347e-18,7.200387224422505644e-15
-1.669649871259689666e+00,1.630684084436321553e-18,7.148112207014647908e-15
-1.671628129400992480e+00,1.625455273315015960e-18,7.096131581759157560e-15
-1.673606387542295515e+00,1.620253300412130976e-18,7.044444497220466466e-15
-1.675584645683598106e+00,1.615077973775140743e-18,6.993050097292820562e-15
-1.677562903824901364e+00,1.609929103217635873e-18,6.941947521271905265e-15
-1.679541161966204177e+00,1.604806500299449201e-18,6.891135903926365181e-15
-1.681519420107507212e+00,1.599709978307044999e-18,6.840614375569143954e-15
-1.683497678248810248e+00,1.594639352234167428e-18,6.790382062128679753e-15
-1.685475936390112839e+00,1.589594438762749565e-18,6.740438085219965068e-15
-1.687454194531416096e+00,1.584575056244068178e-18,6.690781562215378535e-15
-1.689432452672718910e+00,1.579581024680154839e-18,6.641411606315407892e-15
-1.691410710814021945e+00,1.574612165705445671e-18,6.592327326619178881e-15
-1.693388968955324758e+00,1.569668302568677021e-18,6.543527828194797967e-15
-1.695367227096627794e+00,1.564749260115014761e-18,6.495012212149513636e-15
-1.697345485237930829e+00,1.559854864768418740e-18,6.446779575699686772e-15
-1.699323743379233642e+00,1.554984944514239692e-18,6.398829012240583552e-15
-1.701302001520536678e+00,1.550139328882041293e-18,6.351159611415934046e-15
-1.703280259661839491e+00,1.545317848928644272e-18,6.303770459187339351e-15
-1.705258517803142748e+00,1.540520337221392198e-18,6.256660637903404998e-15
-1.707236775944445561e+00,1.535746627821635670e-18,6.209829226368743400e-15
-1.709215034085748375e+00,1.530996556268427198e-18,6.163275299912685220e-15
-1.711193292227051632e+00,1.526269959562426594e-18,6.116997930457803770e-15
-1.713171550368354223e+00,1.521566676150017828e-18,6.070996186588235886e-15
-1.715149808509657481e+00,1.516886545907624831e-18,6.025269133617706197e-15
-1.717128066650960294e+00,1.512229410126228367e-18,5.979815833657421226e-15
-1.719106324792263107e+00,1.507595111496087823e-18,5.934635345683597457e-15
-1.721084582933566365e+00,1.502983494091650008e-18,5.889726725604867930e-15
-1.723062841074869178e+00,1.498394403356656322e-18,5.845089026329363809e-15
-1.725041099216172213e+00,1.493827686089433849e-18,5.800721297831591647e-15
-1.727019357357475027e+00,1.489283190428380781e-18,5.756622587219029812e-15
-1.728997615498778062e+00,1.484760765837625750e-18,5.712791938798462222e-15
-1.730975873640080653e+00,1.480260263092880333e-18,5.669228394142099090e-15
-1.732954131781383911e+00,1.475781534267458338e-18,5.625930992153371076e-15
-1.734932389922686946e+00,1.471324432718480181e-18,5.582898769132490732e-15
-1.736910648063989759e+00,1.466888813073247118e-18,5.540130758841743358e-15
-1.738888906205292795e+00,1.462474531215785932e-18,5.497625992570462326e-15
-1.740867164346595608e+00,1.458081444273560785e-18,5.455383499199800078e-15
-1.742845422487898643e+00,1.453709410604358023e-18,5.413402305267130731e-15
-1.744823680629201457e+00,1.449358289783325240e-18,5.371681435030216024e-15
-1.746801938770504492e+00,1.445027942590178871e-18,5.330219910531101472e-15
-1.748780196911807749e+00,1.440718230996566816e-18,5.289016751659637026e-15
-1.750758455053110341e+00,1.436429018153590146e-18,5.248070976216806036e-15
-1.752736713194413376e+00,1.432160168379477346e-18,5.207381599977665308e-15
-1.754714971335716189e+00,1.427911547147411858e-18,5.166947636754037456e-15
-1.756693229477019225e+00,1.423683021073509081e-18,5.126768098456882192e-15
-1.758671487618322482e+00,1.419474457904943971e-18,5.086841995158342603e-15
-1.760649745759625295e+00,1.415285726508217896e-18,5.047168335153517690e-15
-1.762628003900928331e+00,1.411116696857578786e-18,5.007746125021877558e-15
-1.764606262042230922e+00,1.406967240023573600e-18,4.968574369688372526e-15
-1.766584520183533957e+00,1.402837228161747737e-18,4.929652072484266136e-15
-1.768562778324836771e+00,1.398726534501477728e-18,4.890978235207562687e-15
-1.770541036466140028e+00,1.394635033334941431e-18,4.852551858183189432e-15
-1.772519294607443063e+00,1.390562600006222853e-18,4.814371940322796971e-15
-1.774497552748745877e+00,1.386509110900547170e-18,4.776437479184253558e-15
-1.776475810890048690e+00,1.382474443433648237e-18,4.738747471030799418e-15
-1.778454069031351503e+00,1.378458476041262455e-18,4.701300910889865004e-15
-1.780432327172654761e+00,1.374461088168749352e-18,4.664096792611550044e-15
-1.782410585313957574e+00,1.370482160260839477e-18,4.627134108926753911e-15
-1.784388843455260609e+00,1.366521573751501307e-18,4.590411851504985720e-15
-1.786367101596563645e+00,1.362579211053934889e-18,4.553929011011808386e-15
-1.788345359737866236e+00,1.358654955550678145e-18,4.517684577165937959e-15
-1.790323617879169493e+00,1.354748691583839517e-18,4.481677538795987962e-15
-1.792301876020472307e+00,1.350860304445438660e-18,4.445906883896886360e-15
-1.794280134161775342e+00,1.346989680367869811e-18,4.410371599685916237e-15
-1.796258392303078155e+00,1.343136706514471669e-18,4.375070672658388864e-15
-1.798236650444381191e+00,1.339301270970213791e-18,4.340003088642996495e-15
-1.800214908585684226e+00,1.335483262732491027e-18,4.305167832856777824e-15
-1.802193166726987039e+00,1.331682571702026781e-18,4.270563889959719783e-15
-1.804171424868290075e+00,1.327899088673883153e-18,4.236190244109001200e-15
-1.806149683009592888e+00,1.324132705328578161e-18,4.202045879012890132e-15
-1.808127941150896145e+00,1.320383314223306784e-18,4.168129777984239691e-15
-1.810106199292198959e+00,1.316650808783262517e-18,4.134440923993639906e-15
-1.812084457433501772e+00,1.312935083293065067e-18,4.100978299722185417e-15
-1.814062715574805029e+00,1.309236032888283946e-18,4.067740887613881879e-15
-1.816040973716107620e+00,1.305553553547062599e-18,4.034727669927669753e-15
-1.818019231857410878e+00,1.301887542081840763e-18,4.001937628789081290e-15
-1.819997489998713691e+00,1.298237896131170608e-18,3.969369746241517275e-15
-1.821975748140016726e+00,1.294604514151630915e-18,3.937023004297132503e-15
-1.823954006281319540e+00,1.290987295409830808e-18,3.904896384987370996e-15
-1.825932264422622353e+00,1.287386139974511127e-18,3.872988870413092589e-15
-1.827910522563925610e+00,1.283800948708729971e-18,3.841299442794351635e-15
-1.829888780705228424e+00,1.280231623262146071e-18,3.809827084519726843e-15
-1.831867038846531459e+00,1.276678066063385372e-18,3.778570778195363969e-15
-1.833845296987834272e+00,1.273140180312493885e-18,3.747529506693547562e-15
-1.835823555129137086e+00,1.269617869973484726e-18,3.716702253200928765e-15
-1.837801813270440343e+00,1.266111039766960650e-18,3.686088001266361047e-15
-1.839780071411743156e+00,1.262619595162827679e-18,3.655685734848343094e-15
-1.841758329553046414e+00,1.259143442373090005e-18,3.625494438362065678e-15
-1.843736587694349005e+00,1.255682488344723281e-18,3.595513096726094081e-15
-1.845714845835651818e+00,1.252236640752634765e-18,3.565740695408626900e-15
-1.847693103976954632e+00,1.248805807992697430e-18,3.536176220473393550e-15
-1.849671362118257889e+00,1.245389899174867454e-18,3.506818658625134068e-15
-1.851649620259561146e+00,1.241988824116376834e-18,3.477666997254709336e-15
-1.853627878400863960e+00,1.238602493335002065e-18,3.448720224483799516e-15
-1.855606136542166551e+00,1.235230818042411402e-18,3.419977329209226991e-15
-1.857584394683469364e+00,1.231873710137584723e-18,3.391437301146860022e-15
-1.859562652824772622e+00,1.228531082200305820e-18,3.363099130875144853e-15
-1.861540910966075435e+00,1.225202847484731519e-18,3.334961809878239447e-15
-1.863519169107378692e+00,1.221888919913030143e-18,3.307024330588733849e-15
-1.865497427248681728e+00,1.218589214069089118e-18,3.279285686429993478e-15
-1.867475685389984097e+00,1.215303645192295751e-18,3.251744871858102078e-15
-1.869453943531287354e+00,1.212032129171386782e-18,3.224400882403402733e-15
-1.871432201672590168e+00,1.208774582538363787e-18,3.197252714711636571e-15
-1.873410459813893425e+00,1.205530922462478696e-18,3.170299366584709125e-15
-1.875388717955196682e+00,1.202301066744283821e-18,3.143539837021026365e-15
-1.877366976096499052e+00,1.199084933809747950e-18,3.116973126255466285e-15
-1.879345234237802087e+00,1.195882442704438882e-18,3.090598235798926072e-15
-1.881323492379104900e+00,1.192693513087767209e-18,3.064414168477490239e-15
-1.883301750520408158e+00,1.189518065227295576e-18,3.038419928471182231e-15
-1.885280008661710971e+00,1.186356019993108611e-18,3.012614521352341718e-15
-1.887258266803014228e+00,1.183207298852246796e-18,2.986996954123594051e-15
-1.889236524944316820e+00,1.180071823863197728e-18,2.961566235255419364e-15
-1.891214783085619633e+00,1.176949517670450937e-18,2.936321374723325284e-15
-1.893193041226922890e+00,1.173840303499108173e-18,2.911261384044627168e-15
-1.895171299368225704e+00,1.170744105149557823e-18,2.886385276314834321e-15
-1.897149557509528961e+00,1.167660846992200560e-18,2.861692066243630329e-15
-1.899127815650831774e+00,1.164590453962236427e-18,2.837180770190467650e-15
-1.901106073792134366e+00,1.161532851554507391e-18,2.812850406199757911e-15
-1.903084331933437623e+00,1.158487965818395938e-18,2.788699994035670531e-15
-1.905062590074740436e+00,1.155455723352774518e-18,2.764728555216548358e-15
-1.907040848216043694e+00,1.152436051301018344e-18,2.740935113048908366e-15
-1.909019106357346507e+00,1.149428877346060956e-18,2.717318692661055011e-15
-1.910997364498649320e+00,1.146434129705511216e-18,2.693878321036317707e-15
-1.912975622639952133e+00,1.143451737126818842e-18,2.670613027045874145e-15
-1.914953880781255169e+00,1.140481628882490392e-18,2.647521841481181545e-15
-1.916932138922558426e+00,1.137523734765360343e-18,2.624603797086039912e-15
-1.918910397063861240e+00,1.134577985083908572e-18,2.601857928588238370e-15
-1.920888655205164053e+00,1.131644310657630615e-18,2.579283272730831920e-15
-1.922866913346466866e+00,1.128722642812454531e-18,2.556878868303000106e-15
-1.924845171487769901e+00,1.125812913376207842e-18,2.534643756170560936e-15
-1.926823429629073159e+00,1.122915054674132810e-18,2.512576979306053308e-15
-1.928801687770375972e+00,1.120028999524446787e-18,2.490677582818462079e-15
-1.930779945911678785e+00,1.117154681233953787e-18,2.468944613982540811e-15
-1.932758204052981599e+00,1.114292033593696317e-18,2.447377122267756260e-15
-1.934736462194284634e+00,1.111440990874657469e-18,2.425974159366852246e-15
-1.936714720335587447e+00,1.108601487823507509e-18,2.404734779224015135e-15
-1.938692978476890705e+00,1.105773459658393400e-18,2.383658038062681982e-15
-1.940671236618193962e+00,1.102956842064772062e-18,2.362742994412932539e-15
-1.942649494759496331e+00,1.100151571191290031e-18,2.341988709138542055e-15
-1.944627752900799589e+00,1.097357583645704536e-18,2.321394245463621506e-15
-1.946606011042102402e+00,1.094574816490843857e-18,2.300958668998892187e-15
-1.948584269183405437e+00,1.091803207240616996e-18,2.280681047767588742e-15
-1.950562527324708251e+00,1.089042693856056271e-18,2.260560452230974482e-15
-1.952540785466011508e+00,1.086293214741407679e-18,2.240595955313489873e-15
-1.954519043607314321e+00,1.083554708740257856e-18,2.220786632427529870e-15
-1.956497301748617135e+00,1.080827115131702433e-18,2.201131561497839043e-15
-1.958475559889920170e+00,1.078110373626553111e-18,2.181629822985541861e-15
-1.960453818031222983e+00,1.075404424363585377e-18,2.162280499911811280e-15
-1.962432076172526241e+00,1.072709207905822799e-18,2.143082677881144476e-15
-1.964410334313829054e+00,1.070024665236860817e-18,2.124035445104300555e-15
-1.966388592455131867e+00,1.067350737757227889e-18,2.105137892420854878e-15
-1.968366850596434903e+00,1.064687367280782462e-18,2.086389113321390501e-15
-1.970345108737737716e+00,1.062034496031149036e-18,2.067788203969331877e-15
-1.972323366879040973e+00,1.059392066638190249e-18,2.049334263222414889e-15
-1.974301625020343787e+00,1.056760022134511698e-18,2.031026392653792032e-15
-1.976279883161646600e+00,1.054138305952006627e-18,2.012863696572787346e-15
-1.978258141302949857e+00,1.051526861918434129e-18,1.994845282045286497e-15
-1.980236399444252449e+00,1.048925634254028353e-18,1.976970258913773449e-15
-1.982214657585555706e+00,1.046334567568149888e-18,1.959237739817018462e-15
-1.984192915726858519e+00,1.043753606855962574e-18,1.941646840209400054e-15
-1.986171173868161333e+00,1.041182697495149020e-18,1.924196678379892885e-15
-1.988149432009464146e+00,1.038621785242658091e-18,1.906886375470692369e-15
-1.990127690150767403e+00,1.036070816231484564e-18,1.889715055495499678e-15
-1.992105948292070439e+00,1.033529736967479979e-18,1.872681845357449792e-15
-1.994084206433373252e+00,1.030998494326198928e-18,1.855785874866713352e-15
-1.996062464574676065e+00,1.028477035549772887e-18,1.839026276757735636e-15
-1.998040722715978879e+00,1.025965308243817559e-18,1.822402186706145794e-15
-2.000018980857281914e+00,1.023463260374371794e-18,1.805912743345323716e-15
-2.001997238998584727e+00,1.020970840264864068e-18,1.789557088282635181e-15
-2.003975497139887985e+00,1.018487996593111680e-18,1.773334366115308476e-15
-2.005953755281191242e+00,1.016014678388348665e-18,1.757243724446004930e-15
-2.007932013422493611e+00,1.013550835028283356e-18,1.741284313898047477e-15
-2.009910271563796869e+00,1.011096416236186183e-18,1.725455288130306074e-15
-2.011888529705099682e+00,1.008651372078003476e-18,1.709755803851764403e-15
-2.013866787846402939e+00,1.006215652959502276e-18,1.694185020835767495e-15
-2.015845045987705753e+00,1.003789209623443067e-18,1.678742101933916921e-15
-2.017823304129009010e+00,1.001371993146778510e-18,1.663426213089683964e-15
-2.019801562270311823e+00,9.989639549378812649e-19,1.648236523351654206e-15
-2.021779820411614192e+00,9.965650467337995333e-19,1.633172204886487519e-15
-2.023758078552917450e+00,9.941752205975374578e-19,1.618232432991546551e-15
-2.025736336694220263e+00,9.917944289153622845e-19,1.603416386107205122e-15
-2.027714594835523521e+00,9.894226243941417658e-19,1.588723245828853309e-15
-2.029692852976826334e+00,9.870597600587021693e-19,1.574152196918581852e-15
-2.031671111118129147e+00,9.847057892492145983e-19,1.559702427316555168e-15
-2.033649369259432405e+00,9.823606656186057717e-19,1.545373128152087346e-15
-2.035627627400735218e+00,9.800243431299969222e-19,1.531163493754396300e-15
-2.037605885542038475e+00,9.776967760541629170e-19,1.517072721663065833e-15
-2.039584143683341289e+00,9.753779189670183416e-19,1.503100012638199464e-15
-2.041562401824644102e+00,9.730677267471295832e-19,1.489244570670268766e-15
-2.043540659965946915e+00,9.707661545732471369e-19,1.475505602989684413e-15
-2.045518918107249728e+00,9.684731579218637190e-19,1.461882320076033351e-15
-2.047497176248552986e+00,9.661886925647974176e-19,1.448373935667062741e-15
-2.049475434389855799e+00,9.639127145667935246e-19,1.434979666767343028e-15
-2.051453692531158612e+00,9.616451802831550639e-19,1.421698733656652155e-15
-2.053431950672461426e+00,9.593860463573920018e-19,1.408530359898066714e-15
-2.055410208813764683e+00,9.571352697188933749e-19,1.395473772345771071e-15
-2.057388466955067940e+00,9.548928075806225300e-19,1.382528201152582515e-15
-2.059366725096370754e+00,9.526586174368358603e-19,1.369692879777186485e-15
-2.061344983237673567e+00,9.504326570608186817e-19,1.356967044991102614e-15
-2.063323241378976380e+00,9.482148845026480730e-19,1.344349936885364010e-15
-2.065301499520279638e+00,9.460052580869720857e-19,1.331840798876921820e-15
-2.067279757661582007e+00,9.438037364108141842e-19,1.319438877714786121e-15
-2.069258015802885264e+00,9.416102783413954041e-19,1.307143423485877488e-15
-2.071236273944188078e+00,9.394248430139782734e-19,1.294953689620624756e-15
-2.073214532085490891e+00,9.372473898297307640e-19,1.282868932898286674e-15
-2.075192790226794148e+00,9.350778784536116205e-19,1.270888413452010474e-15
-2.077171048368096962e+00,9.329162688122735998e-19,1.259011394773626962e-15
-2.079149306509400219e+00,9.307625210919875121e-19,1.247237143718184303e-15
-2.081127564650703032e+00,9.286165957365859046e-19,1.235564930508225615e-15
-2.083105822792005846e+00,9.264784534454242727e-19,1.223994028737803284e-15
-2.085084080933309103e+00,9.243480551713651889e-19,1.212523715376246174e-15
-2.087062339074611916e+00,9.222253621187770687e-19,1.201153270771668674e-15
-2.089040597215914730e+00,9.201103357415533523e-19,1.189881978654230865e-15
-2.091018855357217543e+00,9.180029377411505592e-19,1.178709126139151176e-15
-2.092997113498520800e+00,9.159031300646438696e-19,1.167634003729474108e-15
-2.094975371639823614e+00,9.138108749028011944e-19,1.156655905318588273e-15
-2.096953629781126427e+00,9.117261346881743859e-19,1.145774128192510938e-15
-2.098931887922429684e+00,9.096488720932095156e-19,1.134987973031929598e-15
-2.100910146063732498e+00,9.075790500283731368e-19,1.124296743913997419e-15
-2.102888404205035755e+00,9.055166316402958807e-19,1.113699748313910176e-15
-2.104866662346338568e+00,9.034615803099356970e-19,1.103196297106236860e-15
-2.106844920487641382e+00,9.014138596507528428e-19,1.092785704566020931e-15
-2.108823178628944639e+00,8.993734335069089456e-19,1.082467288369661473e-15
-2.110801436770247452e+00,8.973402659514733843e-19,1.072240369595555331e-15
-2.112779694911550266e+00,8.953143212846570193e-19,1.062104272724524469e-15
-2.114757953052853079e+00,8.932955640320507368e-19,1.052058325640016348e-15
-2.116736211194155892e+00,8.912839589428898008e-19,1.042101859628085386e-15
-2.118714469335458706e+00,8.892794709883272567e-19,1.032234209377155507e-15
-2.120692727476761963e+00,8.872820653597273650e-19,1.022454712977567338e-15
-2.122670985618065220e+00,8.852917074669709756e-19,1.012762711920914385e-15
-2.124649243759368034e+00,8.833083629367805463e-19,1.003157551099162066e-15
-2.126627501900670847e+00,8.813319976110559466e-19,9.936385788035642170e-16
-2.128605760041973660e+00,8.793625775452287513e-19,9.842051467233656091e-16
-2.130584018183276918e+00,8.774000690066292434e-19,9.748566099443033115e-16
-2.132562276324579731e+00,8.754444384728695971e-19,9.655923269469070903e-16
-2.134540534465882544e+00,8.734956526302405400e-19,9.564116596045939152e-16
-2.136518792607185357e+00,8.715536783721232321e-19,9.473139731815670255e-16
-2.138497050748488171e+00,8.696184827974153956e-19,9.382986363305201479e-16
-2.140475308889791428e+00,8.676900332089713113e-19,9.293650210901421318e-16
-2.142453567031094241e+00,8.657682971120552011e-19,9.205125028824358087e-16
-2.144431825172397499e+00,8.638532422128100171e-19,9.117404605098418053e-16
-2.146410083313700756e+00,8.619448364167387494e-19,9.030482761521777629e-16
-2.148388341455003125e+00,8.600430478271995049e-19,8.944353353633905973e-16
-2.150366599596306383e+00,8.581478447439141630e-19,8.859010270681235735e-16
-2.152344857737609196e+00,8.562591956614904172e-19,8.774447435581068721e-16
-2.154323115878912454e+00,8.543770692679567202e-19,8.690658804883607038e-16
-2.156301374020215267e+00,8.525014344433103250e-19,8.607638368732313815e-16
-2.158279632161518080e+00,8.506322602580780379e-19,8.525380150822413203e-16
-2.160257890302820893e+00,8.487695159718910302e-19,8.443878208357754479e-16
-2.162236148444123707e+00,8.469131710320693758e-19,8.363126632005928814e-16
-2.164214406585426964e+00,8.450631950722223817e-19,8.283119545851651538e-16
-2.166192664726729777e+00,8.432195579108586444e-19,8.203851107348585424e-16
-2.168170922868033035e+00,8.413822295500110324e-19,8.125315507269402827e-16
-2.170149181009335404e+00,8.395511801738707200e-19,8.047506969654290820e-16
-2.172127439150638661e+00,8.377263801474348959e-19,7.970419751757853955e-16
-2.174105697291941919e+00,8.359078000151676639e-19,7.894048143994365338e-16
-2.176083955433244732e+00,8.340954104996691292e-19,7.818386469881536628e-16
-2.178062213574547989e+00,8.322891825003594104e-19,7.743429085982707352e-16
-2.180040471715850359e+00,8.304890870921729551e-19,7.669170381847506784e-16
-2.182018729857153172e+00,8.286950955242640264e-19,7.595604779950981498e-16
-2.183996987998455985e+00,8.269071792187233595e-19,7.522726735631353253e-16
-2.185975246139759243e+00,8.251253097693070475e-19,7.450530737026173521e-16
-2.187953504281062500e+00,8.233494589401748650e-19,7.379011305007125123e-16
-2.189931762422365313e+00,8.215795986646411101e-19,7.308162993113391091e-16
-2.191910020563668127e+00,8.198157010439360385e-19,7.237980387483587803e-16
-2.193888278704970940e+00,8.180577383459762538e-19,7.168458106786343253e-16
-2.195866536846274197e+00,8.163056830041480012e-19,7.099590802149520452e-16
-2.197844794987577455e+00,8.145595076160998979e-19,7.031373157088072149e-16
-2.199823053128880268e+00,8.128191849425461611e-19,6.963799887430597887e-16
-2.201801311270183081e+00,8.110846879060800417e-19,6.896865741244568858e-16
-2.203779569411485895e+00,8.093559895899980446e-19,6.830565498760313271e-16
-2.205757827552788708e+00,8.076330632371332001e-19,6.764893972293683328e-16
-2.207736085694091521e+00,8.059158822486996024e-19,6.699846006167539901e-16
-2.209714343835394779e+00,8.042044201831459031e-19,6.635416476631946428e-16
-2.211692601976697592e+00,8.024986507550185317e-19,6.571600291783201222e-16
-2.213670860118000405e+00,8.007985478338363742e-19,6.508392391481678587e-16
-2.215649118259303663e+00,7.991040854429713266e-19,6.445787747268483698e-16
-2.217627376400606476e+00,7.974152377585435812e-19,6.383781362280968550e-16
-2.219605634541909733e+00,7.957319791083214396e-19,6.322368271167115902e-16
-2.221583892683212547e+00,7.940542839706331618e-19,6.261543539998832616e-16
-2.223562150824515360e+00,7.923821269732877715e-19,6.201302266184080412e-16
-2.225540408965818173e+00,7.907154828925041430e-19,6.141639578378044214e-16
-2.227518667107120987e+00,7.890543266518498133e-19,6.082550636393145800e-16
-2.229496925248424244e+00,7.873986333211892324e-19,6.024030631108057571e-16
-2.231475183389727057e+00,7.857483781156387531e-19,5.966074784375703623e-16
-2.233453441531030315e+00,7.841035363945341403e-19,5.908678348930250084e-16
-2.235431699672332684e+00,7.824640836604027022e-19,5.851836608293123186e-16
-2.237409957813635941e+00,7.808299955579465917e-19,5.795544876678021540e-16
-2.239388215954939199e+00,7.792012478730345823e-19,5.739798498895049806e-16
-2.241366474096242012e+00,7.775778165317009693e-19,5.684592850253864335e-16
-2.243344732237545269e+00,7.759596775991541980e-19,5.629923336465922445e-16
-2.245322990378848083e+00,7.743468072787929055e-19,5.575785393545861010e-16
-2.247301248520150896e+00,7.727391819112304376e-19,5.522174487711957003e-16
-2.249279506661453709e+00,7.711367779733272611e-19,5.469086115285769595e-16
-2.251257764802756522e+00,7.695395720772332959e-19,5.416515802590895780e-16
-2.253236022944059780e+00,7.679475409694345789e-19,5.364459105850953890e-16
-2.255214281085362593e+00,7.663606615298113883e-19,5.312911611086700360e-16
-2.257192539226665406e+00,7.647789107707021456e-19,5.261868934012402000e-16
-2.259170797367968220e+00,7.632022658359755982e-19,5.211326719931401659e-16
-2.261149055509271477e+00,7.616307040001111887e-19,5.161280643630958134e-16
-2.263127313650574735e+00,7.600642026672863559e-19,5.111726409276289335e-16
-2.265105571791877548e+00,7.585027393704715407e-19,5.062659750303970546e-16
-2.267083829933180361e+00,7.569462917705327991e-19,5.014076429314535951e-16
-2.269062088074483174e+00,7.553948376553421188e-19,4.965972237964456948e-16
-2.271040346215785988e+00,7.538483549388937061e-19,4.918342996857401615e-16
-2.273018604357088801e+00,7.523068216604301916e-19,4.871184555434861124e-16
-2.274996862498392058e+00,7.507702159835722062e-19,4.824492791866100681e-16
-2.276975120639694872e+00,7.492385161954587422e-19,4.778263612937523759e-16
-2.278953378780997685e+00,7.477117007058929072e-19,4.732492953941366782e-16
-2.280931636922300942e+00,7.461897480464938406e-19,4.687176778563850480e-16
-2.282909895063603756e+00,7.446726368698574899e-19,4.642311078772716923e-16
-2.284888153204907013e+00,7.431603459487228753e-19,4.597891874704209416e-16
-2.286866411346209826e+00,7.416528541751454810e-19,4.553915214549488365e-16
-2.288844669487512640e+00,7.401501405596770976e-19,4.510377174440530432e-16
-2.290822927628815897e+00,7.386521842305530798e-19,4.467273858335498174e-16
-2.292801185770118710e+00,7.371589644328858632e-19,4.424601397903579165e-16
-2.294779443911421524e+00,7.356704605278640662e-19,4.382355952409368578e-16
-2.296757702052724337e+00,7.341866519919599701e-19,4.340533708596760191e-16
-2.298735960194027594e+00,7.327075184161415248e-19,4.299130880572349299e-16
-2.300714218335329964e+00,7.312330395050913839e-19,4.258143709688435271e-16
-2.302692476476633221e+00,7.297631950764342220e-19,4.217568464425529104e-16
-2.304670734617936478e+00,7.282979650599653034e-19,4.177401440274504993e-16
-2.306648992759239292e+00,7.268373294968911839e-19,4.137638959618291418e-16
-2.308627250900542549e+00,7.253812685390720502e-19,4.098277371613185040e-16
-2.310605509041845362e+00,7.239297624482732073e-19,4.059313052069811103e-16
-2.312583767183148176e+00,7.224827915954197436e-19,4.020742403333681018e-16
-2.314562025324451433e+00,7.210403364598588995e-19,3.982561854165408269e-16
-2.316540283465754246e+00,7.196023776286288882e-19,3.944767859620608287e-16
-2.318518541607057060e+00,7.181688957957317610e-19,3.907356900929436430e-16
-2.320496799748359873e+00,7.167398717614133984e-19,3.870325485375842469e-16
-2.322475057889662686e+00,7.153152864314485082e-19,3.833670146176511992e-16
-2.324453316030965500e+00,7.138951208164317876e-19,3.797387442359517904e-16
-2.326431574172268757e+00,7.124793560310753433e-19,3.761473958642709631e-16
-2.328409832313572014e+00,7.110679732935090982e-19,3.725926305311843969e-16
-2.330388090454874828e+00,7.096609539245900557e-19,3.690741118098440326e-16
-2.332366348596177641e+00,7.082582793472150325e-19,3.655915058057424948e-16
-2.334344606737480454e+00,7.068599310856394566e-19,3.621444811444557706e-16
-2.336322864878783712e+00,7.054658907648006921e-19,3.587327089593609911e-16
-2.338301123020086525e+00,7.040761401096483932e-19,3.553558628793391248e-16
-2.340279381161389338e+00,7.026906609444786141e-19,3.520136190164542520e-16
-2.342257639302692152e+00,7.013094351922736961e-19,3.487056559536186898e-16
-2.344235897443994965e+00,6.999324448740468741e-19,3.454316547322404653e-16
-2.346214155585298222e+00,6.985596721081942975e-19,3.421912988398540751e-16
-2.348192413726601036e+00,6.971910991098473395e-19,3.389842741977402503e-16
-2.350170671867904293e+00,6.958267081902357887e-19,3.358102691485300431e-16
-2.352148930009207106e+00,6.944664817560513291e-19,3.326689744437984600e-16
-2.354127188150509919e+00,6.931104023088186279e-19,3.295600832316457701e-16
-2.356105446291813177e+00,6.917584524442705636e-19,3.264832910442713188e-16
-2.358083704433115990e+00,6.904106148517279803e-19,3.234382957855382203e-16
-2.360061962574419248e+00,6.890668723134847385e-19,3.204247977185281892e-16
-2.362040220715722061e+00,6.877272077041970986e-19,3.174424994530936114e-16
-2.364018478857024430e+00,6.863916039902788829e-19,3.144911059334015289e-16
-2.365996736998327687e+00,6.850600442292999113e-19,3.115703244254736805e-16
-2.367974995139630501e+00,6.837325115693896372e-19,3.086798645047255070e-16
-2.369953253280933758e+00,6.824089892486462719e-19,3.058194380434986977e-16
-2.371931511422236571e+00,6.810894605945489912e-19,3.029887591985967441e-16
-2.373909769563539829e+00,6.797739090233757263e-19,3.001875443988170923e-16
-2.375888027704842198e+00,6.784623180396251927e-19,2.974155123324856121e-16
-2.377866285846145455e+00,6.771546712354429626e-19,2.946723839349921013e-16
-2.379844543987448713e+00,6.758509522900528346e-19,2.919578823763283548e-16
-2.381822802128751526e+00,6.745511449691914766e-19,2.892717330486304728e-16
-2.383801060270054784e+00,6.732552331245479802e-19,2.866136635537240290e-16
-2.385779318411357153e+00,6.719632006932083264e-19,2.839834036906770290e-16
-2.387757576552659966e+00,6.706750316971023546e-19,2.813806854433568126e-16
-2.389735834693962779e+00,6.693907102424572801e-19,2.788052429679958805e-16
-2.391714092835266037e+00,6.681102205192530414e-19,2.762568125807650669e-16
-2.393692350976569294e+00,6.668335468006840019e-19,2.737351327453547981e-16
-2.395670609117872107e+00,6.655606734426222907e-19,2.712399440605695153e-16
-2.397648867259174921e+00,6.642915848830880746e-19,2.687709892479277673e-16
-2.399627125400477734e+00,6.630262656417211796e-19,2.663280131392786719e-16
-2.401605383541780991e+00,6.617647003192588752e-19,2.639107626644272026e-16
-2.403583641683083805e+00,6.605068735970156803e-19,2.615189868387751054e-16
-2.405561899824387062e+00,6.592527702363693329e-19,2.591524367509743868e-16
-2.407540157965689875e+00,6.580023750782477218e-19,2.568108655505960869e-16
-2.409518416106992245e+00,6.567556730426231383e-19,2.544940284358145338e-16
-2.411496674248295502e+00,6.555126491280074889e-19,2.522016826411086568e-16
-2.413474932389598315e+00,6.542732884109524211e-19,2.499335874249784853e-16
-2.415453190530901573e+00,6.530375760455541662e-19,2.476895040576829473e-16
-2.417431448672204386e+00,6.518054972629592496e-19,2.454691958089922115e-16
-2.419409706813507199e+00,6.505770373708779048e-19,2.432724279359625628e-16
-2.421387964954810457e+00,6.493521817530977757e-19,2.410989676707301104e-16
-2.423366223096113270e+00,6.481309158690028195e-19,2.389485842083256480e-16
-2.425344481237416527e+00,6.469132252530950020e-19,2.368210486945102706e-16
-2.427322739378719341e+00,6.456990955145213856e-19,2.347161342136340662e-16
-2.429300997520022154e+00,6.444885123366018911e-19,2.326336157765173377e-16
-2.431279255661324967e+00,6.432814614763627410e-19,2.305732703083563803e-16
-2.433257513802627781e+00,6.420779287640732740e-19,2.285348766366505068e-16
-2.435235771943931038e+00,6.408779001027844915e-19,2.265182154791579661e-16
-2.437214030085233851e+00,6.396813614678744422e-19,2.245230694318741471e-16
-2.439192288226537109e+00,6.384882989065911025e-19,2.225492229570378356e-16
-2.441170546367839478e+00,6.372986985376060423e-19,2.205964623711632331e-16
-2.443148804509142735e+00,6.361125465505650092e-19,2.186645758330996350e-16
-2.445127062650445993e+00,6.349298292056468905e-19,2.167533533321191625e-16
-2.447105320791748806e+00,6.337505328331207494e-19,2.148625866760331153e-16
-2.449083578933052063e+00,6.325746438329106612e-19,2.129920694793369945e-16
-2.451061837074354877e+00,6.314021486741628605e-19,2.111415971513858725e-16
-2.453040095215657690e+00,6.302330338948123103e-19,2.093109668845997880e-16
-2.455018353356960059e+00,6.290672861011579387e-19,2.074999776426998086e-16
-2.456996611498263317e+00,6.279048919674380674e-19,2.057084301489748343e-16
-2.458974869639566574e+00,6.267458382354073812e-19,2.039361268745825928e-16
-2.460953127780869387e+00,6.255901117139218900e-19,2.021828720268797493e-16
-2.462931385922172201e+00,6.244376992785214836e-19,2.004484715377876377e-16
-2.464909644063475014e+00,6.232885878710193235e-19,1.987327330521903352e-16
-2.466887902204778271e+00,6.221427644990924863e-19,1.970354659163664369e-16
-2.468866160346081084e+00,6.210002162358760742e-19,1.953564811664554401e-16
-2.470844418487384342e+00,6.198609302195603102e-19,1.936955915169597767e-16
-2.472822676628687155e+00,6.187248936529908114e-19,1.920526113492809878e-16
-2.474800934769989968e+00,6.175920938032708848e-19,1.904273567002921119e-16
-2.476779192911292782e+00,6.164625180013672888e-19,1.888196452509470515e-16
-2.478757451052595595e+00,6.153361536417197516e-19,1.872292963149251416e-16
-2.480735709193898852e+00,6.142129881818510663e-19,1.856561308273149901e-16
-2.482713967335201666e+00,6.130930091419828677e-19,1.840999713333329773e-16
-2.484692225476504479e+00,6.119762041046513135e-19,1.825606419770825308e-16
-2.486670483617807736e+00,6.108625607143275792e-19,1.810379684903505748e-16
-2.488648741759110550e+00,6.097520666770403766e-19,1.795317781814416230e-16
-2.490626999900413807e+00,6.086447097600016484e-19,1.780418999240529666e-16
-2.492605258041716620e+00,6.075404777912331312e-19,1.765681641461887131e-16
-2.494583516183019434e+00,6.064393586591988874e-19,1.751104028191123318e-16
-2.496561774324322691e+00,6.053413403124372606e-19,1.736684494463418962e-16
-2.498540032465625504e+00,6.042464107591972595e-19,1.722421390526837834e-16
-2.500518290606928318e+00,6.031545580670772538e-19,1.708313081733086765e-16
-2.502496548748231131e+00,6.020657703626658844e-19,1.694357948428678227e-16
-2.504474806889533944e+00,6.009800358311857663e-19,1.680554385846518663e-16
-2.506453065030836758e+00,5.998973427161399844e-19,1.666900803997908988e-16
-2.508431323172140015e+00,5.988176793189600333e-19,1.653395627564974040e-16
-2.510409581313443272e+00,5.977410339986588610e-19,1.640037295793505191e-16
-2.512387839454746086e+00,5.966673951714825647e-19,1.626824262386249657e-16
-2.514366097596049343e+00,5.955967513105675750e-19,1.613754995396615184e-16
-2.516344355737351712e+00,5.945290909455997664e-19,1.600827977122818475e-16
-2.518322613878654970e+00,5.934644026624747234e-19,1.588041704002459603e-16
-2.520300872019957783e+00,5.924026751029613766e-19,1.575394686507553462e-16
-2.522279130161260596e+00,5.913438969643684317e-19,1.562885449039986966e-16
-2.524257388302563854e+00,5.902880569992117616e-19,1.550512529827426631e-16
-2.526235646443866667e+00,5.892351440148856499e-19,1.538274480819677538e-16
-2.528213904585169480e+00,5.881851468733350940e-19,1.526169867585485535e-16
-2.530192162726472294e+00,5.871380544907317675e-19,1.514197269209793772e-16
-2.532170420867775551e+00,5.860938558371508490e-19,1.502355278191450126e-16
-2.534148679009078808e+00,5.850525399362507400e-19,1.490642500341382016e-16
-2.536126937150381622e+00,5.840140958649560568e-19,1.479057554681209045e-16
-2.538105195291684435e+00,5.829785127531401412e-19,1.467599073342337829e-16
-2.540083453432987248e+00,5.819457797833130593e-19,1.456265701465503024e-16
-2.542061711574290506e+00,5.809158861903098904e-19,1.445056097100782906e-16
-2.544039969715593319e+00,5.798888212609806519e-19,1.433968931108071995e-16
-2.546018227856896132e+00,5.788645743338844615e-19,1.423002887058025761e-16
-2.547996485998198946e+00,5.778431347989839888e-19,1.412156661133477666e-16
-2.549974744139501759e+00,5.768244920973427950e-19,1.401428962031320643e-16
-2.551953002280805016e+00,5.758086357208247920e-19,1.390818510864864359e-16
-2.553931260422107830e+00,5.747955552117958192e-19,1.380324041066668012e-16
-2.555909518563411087e+00,5.737852401628267612e-19,1.369944298291844965e-16
-2.557887776704713900e+00,5.727776802163993628e-19,1.359678040321844645e-16
-2.559866034846016714e+00,5.717728650646139683e-19,1.349524036968715393e-16
-2.561844292987319971e+00,5.707707844488993805e-19,1.339481069979844337e-16
-2.563822551128622784e+00,5.697714281597233935e-19,1.329547932943177232e-16
-2.565800809269926042e+00,5.687747860363077550e-19,1.319723431192919256e-16
-2.567779067411228855e+00,5.677808479663431284e-19,1.310006381715722201e-16
-2.569757325552531224e+00,5.667896038857071373e-19,1.300395613057351125e-16
-2.571735583693834037e+00,5.658010437781829865e-19,1.290889965229837154e-16
-2.573713841835137295e+00,5.648151576751818393e-19,1.281488289619114689e-16
-2.575692099976440552e+00,5.638319356554658692e-19,1.272189448893147706e-16
-2.577670358117743366e+00,5.628513678448736218e-19,1.262992316910539481e-16
-2.579648616259046623e+00,5.618734444160468219e-19,1.253895778629632638e-16
-2.581626874400348992e+00,5.608981555881596841e-19,1.244898730018093123e-16
-2.583605132541652250e+00,5.599254916266502452e-19,1.236000077962992379e-16
-2.585583390682955507e+00,5.589554428429519863e-19,1.227198740181366550e-16
-2.587561648824258320e+00,5.579879995942293062e-19,1.218493645131278820e-16
-2.589539906965561133e+00,5.570231522831139576e-19,1.209883731923360248e-16
-2.591518165106863947e+00,5.560608913574419655e-19,1.201367950232850794e-16
-2.593496423248166760e+00,5.551012073099951670e-19,1.192945260212123518e-16
-2.595474681389469573e+00,5.541440906782422705e-19,1.184614632403710444e-16
-2.597452939530772831e+00,5.531895320440818398e-19,1.176375047653807664e-16
-2.599431197672076088e+00,5.522375220335878792e-19,1.168225497026284811e-16
-2.601409455813378901e+00,5.512880513167571512e-19,1.160164981717176733e-16
-2.603387713954681715e+00,5.503411106072572650e-19,1.152192512969674110e-16
-2.605365972095984528e+00,5.493966906621774611e-19,1.144307111989600218e-16
-2.607344230237287785e+00,5.484547822817799740e-19,1.136507809861387872e-16
-2.609322488378590599e+00,5.475153763092548607e-19,1.128793647464542015e-16
-2.611300746519893856e+00,5.465784636304737714e-19,1.121163675390596331e-16
-2.613279004661196669e+00,5.456440351737490150e-19,1.113616953860563387e-16
-2.615257262802499039e+00,5.447120819095902180e-19,1.106152552642873381e-16
-2.617235520943802296e+00,5.437825948504658946e-19,1.098769550971810727e-16
-2.619213779085105109e+00,5.428555650505647275e-19,1.091467037466432963e-16
-2.621192037226408367e+00,5.419309836055597377e-19,1.084244110049990823e-16
-2.623170295367711180e+00,5.410088416523721657e-19,1.077099875869830020e-16
-2.625148553509013993e+00,5.400891303689392043e-19,1.070033451217790488e-16
-2.627126811650317251e+00,5.391718409739817313e-19,1.063043961451091531e-16
-2.629105069791620064e+00,5.382569647267744498e-19,1.056130540913706789e-16
-2.631083327932923321e+00,5.373444929269166064e-19,1.049292332858231140e-16
-2.633061586074226135e+00,5.364344169141047314e-19,1.042528489368232143e-16
-2.635039844215528948e+00,5.355267280679078827e-19,1.035838171281091665e-16
-2.637018102356831761e+00,5.346214178075428897e-19,1.029220548111337608e-16
-2.638996360498134575e+00,5.337184775916515235e-19,1.022674797974453621e-16
-2.640974618639437832e+00,5.328178989180789183e-19,1.016200107511184205e-16
-2.642952876780740645e+00,5.319196733236558453e-19,1.009795671812321748e-16
-2.644931134922043459e+00,5.310237923839773270e-19,1.003460694343973423e-16
-2.646909393063346272e+00,5.301302477131882810e-19,9.971943868733230913e-17
-2.648887651204649529e+00,5.292390309637674311e-19,9.909959693948599839e-17
-2.650865909345952787e+00,5.283501338263128543e-19,9.848646700571083188e-17
-2.652844167487255600e+00,5.274635480293300329e-19,9.787997250898191353e-17
-2.654822425628558857e+00,5.265792653390200018e-19,9.728003787316581275e-17
-2.656800683769861227e+00,5.256972775590701928e-19,9.668658831583624783e-17
-2.658778941911164484e+00,5.248175765304460487e-19,9.609954984113821053e-17
-2.660757200052466853e+00,5.239401541311837933e-19,9.551884923269932352e-17
-2.662735458193770111e+00,5.230650022761842607e-19,9.494441404658940481e-17
-2.664713716335073368e+00,5.221921129170097097e-19,9.437617260432683362e-17
-2.666691974476376181e+00,5.213214780416796751e-19,9.381405398593312324e-17
-2.668670232617678995e+00,5.204530896744704785e-19,9.325798802303407349e-17
-2.670648490758981808e+00,5.195869398757136796e-19,9.270790529200862476e-17
-2.672626748900285065e+00,5.187230207415980908e-19,9.216373710718453822e-17
-2.674605007041587879e+00,5.178613244039715990e-19,9.162541551408080380e-17
-2.676583265182891136e+00,5.170018430301445277e-19,9.109287328269736742e-17
-2.678561523324193949e+00,5.161445688226949262e-19,9.056604390085149972e-17
-2.680539781465496763e+00,5.152894940192744353e-19,9.004486156755985700e-17
-2.682518039606799576e+00,5.144366108924160798e-19,8.952926118646814503e-17
-2.684496297748102389e+00,5.135859117493416754e-19,8.901917835932648748e-17
-2.686474555889405647e+00,5.127373889317733763e-19,8.851454937951085644e-17
-2.688452814030708460e+00,5.118910348157437788e-19,8.801531122559108269e-17
-2.690431072172011273e+00,5.110468418114081430e-19,8.752140155494378175e-17
-2.692409330313314531e+00,5.102048023628583479e-19,8.703275869741203230e-17
-2.694387588454617344e+00,5.093649089479378095e-19,8.654932164901016751e-17
-2.696365846595920601e+00,5.085271540780567844e-19,8.607103006567391357e-17
-2.698344104737223415e+00,5.076915302980095024e-19,8.559782425705610968e-17
-2.700322362878526228e+00,5.068580301857938034e-19,8.512964518036722040e-17
-2.702300621019829485e+00,5.060266463524286555e-19,8.466643443426138014e-17
-2.704278879161132298e+00,5.051973714417756212e-19,8.420813425276657694e-17
-2.706257137302435112e+00,5.043701981303620570e-19,8.375468749925994911e-17
-2.708235395443737925e+00,5.035451191272011355e-19,8.330603766048784983e-17
-2.710213653585040738e+00,5.027221271736185113e-19,8.286212884062940997e-17
-2.712191911726343552e+00,5.019012150430759064e-19,8.242290575540522625e-17
-2.714170169867646809e+00,5.010823755409984499e-19,8.198831372622947372e-17
-2.716148428008950066e+00,5.002656015046015373e-19,8.155829867440600958e-17
-2.718126686150252880e+00,4.994508858027196155e-19,8.113280711536855453e-17
-2.720104944291556137e+00,4.986382213356348707e-19,8.071178615296363296e-17
-2.722083202432858506e+00,4.978276010349094807e-19,8.029518347377761532e-17
-2.724061460574161764e+00,4.970190178632168063e-19,7.988294734150645759e-17
-2.726039718715464577e+00,4.962124648141731622e-19,7.947502659136864320e-17
-2.728017976856767390e+00,4.954079349121730530e-19,7.907137062456097004e-17
-2.729996234998070648e+00,4.946054212122239286e-19,7.867192940275680027e-17
-2.731974493139373461e+00,4.938049167997812284e-19,7.827665344264708123e-17
-2.733952751280676274e+00,4.930064147905871811e-19,7.788549381052327460e-17
-2.735931009421979088e+00,4.922099083305069076e-19,7.749840211690274843e-17
-2.737909267563282345e+00,4.914153905953688582e-19,7.711533051119586789e-17
-2.739887525704585158e+00,4.906228547908041898e-19,7.673623167641496957e-17
-2.741865783845888416e+00,4.898322941520886470e-19,7.636105882392468940e-17
-2.743844041987191229e+00,4.890437019439840581e-19,7.598976568823395225e-17
-2.745822300128494042e+00,4.882570714605815645e-19,7.562230652182878507e-17
-2.747800558269797300e+00,4.874723960251458131e-19,7.525863609004650830e-17
-2.749778816411100113e+00,4.866896689899603037e-19,7.489870966599041798e-17
-2.751757074552402926e+00,4.859088837361729297e-19,7.454248302548522979e-17
-2.753735332693705740e+00,4.851300336736430594e-19,7.418991244207287831e-17
-2.755713590835008553e+00,4.843531122407902537e-19,7.384095468204863438e-17
-2.757691848976311810e+00,4.835781129044423108e-19,7.349556699953712165e-17
-2.759670107117614624e+00,4.828050291596852360e-19,7.315370713160826913e-17
-2.761648365258917881e+00,4.820338545297148487e-19,7.281533329343290410e-17
-2.763626623400220694e+00,4.812645825656879082e-19,7.248040417347773865e-17
-2.765604881541523508e+00,4.804972068465741059e-19,7.214887892873966379e-17
-2.767583139682826765e+00,4.797317209790118131e-19,7.182071718001901812e-17
-2.769561397824129578e+00,4.789681185971595919e-19,7.149587900723170797e-17
-2.771539655965432836e+00,4.782063933625543504e-19,7.117432494476028986e-17
-2.773517914106735205e+00,4.774465389639659351e-19,7.085601597684288124e-17
-2.775496172248038018e+00,4.766885491172549006e-19,7.054091353300095973e-17
-2.777474430389340831e+00,4.759324175652309542e-19,7.022897948350483035e-17
-2.779452688530644089e+00,4.751781380775109186e-19,6.992017613487714304e-17
-2.781430946671947346e+00,4.744257044503796793e-19,6.961446622543378241e-17
-2.783409204813250160e+00,4.736751105066499771e-19,6.931181292086273382e-17
-2.785387462954552973e+00,4.729263500955246079e-19,6.901217980983945882e-17
-2.787365721095855786e+00,4.721794170924581412e-19,6.871553089968008674e-17
-2.789343979237159044e+00,4.714343053990212376e-19,6.842183061203080746e-17
-2.791322237378461857e+00,4.706910089427638122e-19,6.813104377859415592e-17
-2.793300495519765114e+00,4.699495216770801227e-19,6.784313563689196614e-17
-2.795278753661067928e+00,4.692098375810747251e-19,6.755807182606397206e-17
-2.797257011802370741e+00,4.684719506594294878e-19,6.727581838270299175e-17
-2.799235269943673554e+00,4.677358549422699325e-19,6.699634173672557330e-17
-2.801213528084976367e+00,4.670015444850344632e-19,6.671960870727832447e-17
-2.803191786226279625e+00,4.662690133683427292e-19,6.644558649867986430e-17
-2.805170044367582438e+00,4.655382556978658170e-19,6.617424269639747218e-17
-2.807148302508885696e+00,4.648092656041969245e-19,6.590554526305924813e-17
-2.809126560650188509e+00,4.640820372427224200e-19,6.563946253450079797e-17
-2.811104818791491322e+00,4.633565647934945378e-19,6.537596321584645587e-17
-2.813083076932794580e+00,4.626328424611036895e-19,6.511501637762490856e-17
-2.815061335074097393e+00,4.619108644745527968e-19,6.485659145191912273e-17
-2.817039593215400650e+00,4.611906250871318174e-19,6.460065822855000852e-17
-2.819017851356703019e+00,4.604721185762920778e-19,6.434718685129390548e-17
-2.820996109498005833e+00,4.597553392435239769e-19,6.409614781413373058e-17
-2.822974367639309090e+00,4.590402814142324747e-19,6.384751195754318456e-17
-2.824952625780611903e+00,4.583269394376145066e-19,6.360125046480453411e-17
-2.826930883921915161e+00,4.576153076865387095e-19,6.335733485835851546e-17
-2.828909142063217974e+00,4.569053805574224506e-19,6.311573699618807274e-17
-2.830887400204520787e+00,4.561971524701133833e-19,6.287642906823328100e-17
-2.832865658345824045e+00,4.554906178677690760e-19,6.263938359283994371e-17
-2.834843916487126858e+00,4.547857712167376052e-19,6.240457341323915305e-17
-2.836822174628430115e+00,4.540826070064407469e-19,6.217197169405918120e-17
-2.838800432769732929e+00,4.533811197492555328e-19,6.194155191786929581e-17
-2.840778690911035742e+00,4.526813039803986939e-19,6.171328788175445199e-17
-2.842756949052338555e+00,4.519831542578091789e-19,6.148715369392177295e-17
-2.844735207193641369e+00,4.512866651620341394e-19,6.126312377033785783e-17
-2.846713465334944626e+00,4.505918312961137592e-19,6.104117283139705228e-17
-2.848691723476247439e+00,4.498986472854675277e-19,6.082127589862000399e-17
-2.850669981617550253e+00,4.492071077777811886e-19,6.060340829138326722e-17
-2.852648239758853066e+00,4.485172074428933981e-19,6.038754562367858825e-17
-2.854626497900156323e+00,4.478289409726850809e-19,6.017366380090263593e-17
-2.856604756041459137e+00,4.471423030809671481e-19,5.996173901667610495e-17
-2.858583014182762394e+00,4.464572885033705265e-19,5.975174774969307936e-17
-2.860561272324065651e+00,4.457738919972363811e-19,5.954366676059907858e-17
-2.862539530465368021e+00,4.450921083415062404e-19,5.933747308889896911e-17
-2.864517788606671278e+00,4.444119323366142407e-19,5.913314404989348488e-17
-2.866496046747973647e+00,4.437333588043784071e-19,5.893065723164472588e-17
-2.868474304889276905e+00,4.430563825878939577e-19,5.872999049197026525e-17
-2.870452563030580162e+00,4.423809985514264138e-19,5.853112195546549524e-17
-2.872430821171882975e+00,4.417072015803055775e-19,5.833403001055463094e-17
-2.874409079313185789e+00,4.410349865808198950e-19,5.813869330656900367e-17
-2.876387337454488602e+00,4.403643484801123595e-19,5.794509075085395060e-17
-2.878365595595791859e+00,4.396952822260757409e-19,5.775320150590271050e-17
-2.880343853737094673e+00,4.390277827872492594e-19,5.756300498651817618e-17
-2.882322111878397930e+00,4.383618451527153562e-19,5.737448085700136956e-17
-2.884300370019700743e+00,4.376974643319980036e-19,5.718760902836741595e-17
-2.886278628161003557e+00,4.370346353549607279e-19,5.700236965558811773e-17
-2.888256886302306370e+00,4.363733532717048233e-19,5.681874313486107815e-17
-2.890235144443609183e+00,4.357136131524700704e-19,5.663671010090542451e-17
-2.892213402584912441e+00,4.350554100875334325e-19,5.645625142428365003e-17
-2.894191660726215254e+00,4.343987391871112182e-19,5.627734820874940185e-17
-2.896169918867518067e+00,4.337435955812585478e-19,5.609998178862149869e-17
-2.898148177008821325e+00,4.330899744197729605e-19,5.592413372618304409e-17
-2.900126435150124138e+00,4.324378708720952775e-19,5.574978580910638724e-17
-2.902104693291427395e+00,4.317872801272135937e-19,5.557692004790330261e-17
-2.904082951432730209e+00,4.311381973935662598e-19,5.540551867340003730e-17
-2.906061209574033022e+00,4.304906178989462593e-19,5.523556413423746625e-17
-2.908039467715335835e+00,4.298445368904056825e-19,5.506703909439580700e-17
-2.910017725856639093e+00,4.291999496341605857e-19,5.489992643074394930e-17
-2.911995983997941906e+00,4.285568514154978243e-19,5.473420923061283887e-17
-2.913974242139244719e+00,4.279152375386800560e-19,5.456987078939333430e-17
-2.915952500280547532e+00,4.272751033268534412e-19,5.440689460815774212e-17
-2.917930758421850346e+00,4.266364441219545237e-19,5.424526439130527654e-17
-2.919909016563153603e+00,4.259992552846187013e-19,5.408496404423085221e-17
-2.921887274704456861e+00,4.253635321940880698e-19,5.392597767101745654e-17
-2.923865532845759674e+00,4.247292702481208080e-19,5.376828957215176875e-17
-2.925843790987062931e+00,4.240964648629005629e-19,5.361188424226242172e-17
-2.927822049128365300e+00,4.234651114729463642e-19,5.345674636788156597e-17
-2.929800307269668558e+00,4.228352055310234055e-19,5.330286082522873760e-17
-2.931778565410971371e+00,4.222067425080540183e-19,5.315021267801728870e-17
-2.933756823552274184e+00,4.215797178930291276e-19,5.299878717528317722e-17
-2.935735081693577442e+00,4.209541271929205251e-19,5.284856974923577699e-17
-2.937713339834879811e+00,4.203299659325931921e-19,5.269954601313045549e-17
-2.939691597976182624e+00,4.197072296547187283e-19,5.255170175916339373e-17
-2.941669856117486326e+00,4.190859139196888778e-19,5.240502295638722470e-17
-2.943648114258789139e+00,4.184660143055291512e-19,5.225949574864893864e-17
-2.945626372400091952e+00,4.178475264078144698e-19,5.211510645254800900e-17
-2.947604630541395210e+00,4.172304458395826432e-19,5.197184155541664356e-17
-2.949582888682698023e+00,4.166147682312515059e-19,5.182968771331978782e-17
-2.951561146824000836e+00,4.160004892305340326e-19,5.168863174907693301e-17
-2.953539404965303650e+00,4.153876045023552817e-19,5.154866065030335599e-17
-2.955517663106606907e+00,4.147761097287688105e-19,5.140976156747255362e-17
-2.957495921247909720e+00,4.141660006088749674e-19,5.127192181199848486e-17
-2.959474179389212534e+00,4.135572728587382213e-19,5.113512885433770095e-17
-2.961452437530515791e+00,4.129499222113055506e-19,5.099937032211164066e-17
-2.963430695671818604e+00,4.123439444163258425e-19,5.086463399824842535e-17
-2.965408953813121418e+00,4.117393352402686194e-19,5.073090781914401799e-17
-2.967387211954424231e+00,4.111360904662444013e-19,5.059817987284289427e-17
-2.969365470095727488e+00,4.105342058939242981e-19,5.046643839723791741e-17
-2.971343728237030302e+00,4.099336773394609988e-19,5.033567177828916423e-17
-2.973321986378333115e+00,4.093345006354103858e-19,5.020586854826123395e-17
-2.975300244519636816e+00,4.087366716306521866e-19,5.007701738398008744e-17
-2.977278502660939630e+00,4.081401861903127924e-19,4.994910710510737087e-17
-2.979256760802241999e+00,4.075450401956873057e-19,4.982212667243394930e-17
-2.981235018943544812e+00,4.069512295441627924e-19,4.969606518619107877e-17
-2.983213277084848070e+00,4.063587501491409071e-19,4.957091188437991939e-17
-2.985191535226150883e+00,4.057675979399627343e-19,4.944665614111871763e-17
-2.987169793367453696e+00,4.051777688618322321e-19,4.932328746500784897e-17
-2.989148051508757398e+00,4.045892588757407360e-19,4.920079549751244350e-17
-2.991126309650059767e+00,4.040020639583928108e-19,4.907917001136219394e-17
-2.993104567791362580e+00,4.034161801021308981e-19,4.895840090896862942e-17
-2.995082825932665394e+00,4.028316033148616016e-19,4.883847822085954095e-17
-2.997061084073969095e+00,4.022483296199819725e-19,4.871939210412996673e-17
-2.999039342215271908e+00,4.016663550563062271e-19,4.860113284091054475e-17
-3.001017600356574722e+00,4.010856756779927546e-19,4.848369083685180902e-17
-3.002995858497877535e+00,4.005062875544716538e-19,4.836705661962571744e-17
-3.004974116639180348e+00,3.999281867703728962e-19,4.825122083744293227e-17
-3.006952374780483161e+00,3.993513694254544882e-19,4.813617425758653726e-17
-3.008930632921785975e+00,3.987758316345310678e-19,4.802190776496179082e-17
-3.010908891063089676e+00,3.982015695274032228e-19,4.790841236066181666e-17
-3.012887149204392490e+00,3.976285792487871944e-19,4.779567916054887443e-17
-3.014865407345694859e+00,3.970568569582445324e-19,4.768369939385132747e-17
-3.016843665486998560e+00,3.964863988301123286e-19,4.757246440177625832e-17
-3.018821923628301374e+00,3.959172010534340759e-19,4.746196563613706030e-17
-3.020800181769604187e+00,3.953492598318909125e-19,4.735219465799638724e-17
-3.022778439910907000e+00,3.947825713837326736e-19,4.724314313632427636e-17
-3.024756698052209813e+00,3.942171319417100027e-19,4.713480284667076044e-17
-3.026734956193512627e+00,3.936529377530067991e-19,4.702716566985375791e-17
-3.028713214334815440e+00,3.930899850791723291e-19,4.692022359066113166e-17
-3.030691472476119142e+00,3.925282701960540593e-19,4.681396869656753284e-17
-3.032669730617421955e+00,3.919677893937319823e-19,4.670839317646520989e-17
-3.034647988758724768e+00,3.914085389764511610e-19,4.660348931940967662e-17
-3.036626246900027581e+00,3.908505152625566321e-19,4.649924951337877852e-17
-3.038604505041330839e+00,3.902937145844269616e-19,4.639566624404589693e-17
-3.040582763182633652e+00,3.897381332884103520e-19,4.629273209356735278e-17
-3.042561021323936465e+00,3.891837677347584387e-19,4.619043973938286343e-17
-3.044539279465239723e+00,3.886306142975624450e-19,4.608878195303000182e-17
-3.046517537606542536e+00,3.880786693646892417e-19,4.598775159897189374e-17
-3.048495795747845349e+00,3.875279293377168279e-19,4.588734163343811609e-17
-3.050474053889147719e+00,3.869783906318715946e-19,4.578754510327904288e-17
-3.052452312030451420e+00,3.864300496759650569e-19,4.568835514483278825e-17
-3.054430570171754233e+00,3.858829029123307326e-19,4.558976498280552936e-17
-3.056408828313057047e+00,3.853369467967620785e-19,4.549176792916416137e-17
-3.058387086454360304e+00,3.847921777984505238e-19,4.539435738204189470e-17
-3.060365344595663117e+00,3.842485923999234072e-19,4.529752682465635696e-17
-3.062343602736965931e+00,3.837061870969827319e-19,4.520126982423987285e-17
-3.064321860878269632e+00,3.831649583986442102e-19,4.510558003098231669e-17
-3.066300119019572445e+00,3.826249028270762116e-19,4.501045117698600105e-17
-3.068278377160874815e+00,3.820860169175398661e-19,4.491587707523242308e-17
-3.070256635302177628e+00,3.815482972183284458e-19,4.482185161856134293e-17
-3.072234893443480885e+00,3.810117402907081424e-19,4.472836877866134375e-17
-3.074213151584783699e+00,3.804763427088581228e-19,4.463542260507203973e-17
-3.076191409726086512e+00,3.799421010598120288e-19,4.454300722419822189e-17
-3.078169667867389769e+00,3.794090119433983695e-19,4.445111683833498000e-17
-3.080147926008692583e+00,3.788770719721829846e-19,4.435974572470455278e-17
-3.082126184149995396e+00,3.783462777714103028e-19,4.426888823450412347e-17
-3.084104442291298209e+00,3.778166259789455647e-19,4.417853879196500457e-17
-3.086082700432601911e+00,3.772881132452174296e-19,4.408869189342255236e-17
-3.088060958573904724e+00,3.767607362331608234e-19,4.399934210639708231e-17
-3.090039216715207093e+00,3.762344916181598835e-19,4.391048406868561904e-17
-3.092017474856510351e+00,3.757093760879913360e-19,4.382211248746419720e-17
-3.093995732997813164e+00,3.751853863427684992e-19,4.373422213840089836e-17
-3.095973991139115977e+00,3.746625190948847100e-19,4.364680786477897047e-17
-3.097952249280418791e+00,3.741407710689581934e-19,4.355986457663086199e-17
-3.099930507421722048e+00,3.736201390017766925e-19,4.347338724988198111e-17
-3.101908765563024861e+00,3.731006196422414722e-19,4.338737092550466715e-17
-3.103887023704327675e+00,3.725822097513140668e-19,4.330181070868271902e-17
-3.105865281845631376e+00,3.720649061019600429e-19,4.321670176798486006e-17
-3.107843539986934189e+00,3.715487054790961813e-19,4.313203933454911751e-17
-3.109821798128237003e+00,3.710336046795356836e-19,4.304781870127600266e-17
-3.111800056269539816e+00,3.705196005119349208e-19,4.296403522203198940e-17
-3.113778314410843073e+00,3.700066897967401808e-19,4.288068431086197216e-17
-3.115756572552145443e+00,3.694948693661340319e-19,4.279776144121161547e-17
-3.117734830693448256e+00,3.689841360639831294e-19,4.271526214515864602e-17
-3.119713088834751513e+00,3.684744867457854938e-19,4.263318201265361095e-17
-3.121691346976054326e+00,3.679659182786179808e-19,4.255151669076952943e-17
-3.123669605117357140e+00,3.674584275410851481e-19,4.247026188296092422e-17
-3.125647863258659953e+00,3.669520114232665327e-19,4.238941334833137666e-17
-3.127626121399963655e+00,3.664466668266658066e-19,4.230896690091022750e-17
-3.129604379541266468e+00,3.659423906641599803e-19,4.222891840893781958e-17
-3.131582637682569281e+00,3.654391798599474992e-19,4.214926379415958447e-17
-3.133560895823872539e+00,3.649370313494988913e-19,4.206999903112853533e-17
-3.135539153965175352e+00,3.644359420795054895e-19,4.199112014651622155e-17
-3.137517412106478165e+00,3.639359090078298391e-19,4.191262321843212669e-17
-3.139495670247780978e+00,3.634369291034558158e-19,4.183450437575145424e-17
-3.141473928389084236e+00,3.629389993464389369e-19,4.175675979745085738e-17
-3.143452186530386605e+00,3.624421167278572985e-19,4.167938571195248887e-17
-3.145430444671689418e+00,3.619462782497623676e-19,4.160237839647595793e-17
-3.147408702812993120e+00,3.614514809251304005e-19,4.152573417639827443e-17
-3.149386960954295933e+00,3.609577217778140060e-19,4.144944942462166312e-17
-3.151365219095598746e+00,3.604649978424933230e-19,4.137352056094902001e-17
-3.153343477236901560e+00,3.599733061646287868e-19,4.129794405146726349e-17
-3.155321735378204817e+00,3.594826438004131254e-19,4.122271640793803788e-17
-3.157299993519507630e+00,3.589930078167234041e-19,4.114783418719607757e-17
-3.159278251660810444e+00,3.585043952910745140e-19,4.107329399055499757e-17
-3.161256509802113701e+00,3.580168033115716979e-19,4.099909246322035014e-17
-3.163234767943416514e+00,3.575302289768639429e-19,4.092522629370999078e-17
-3.165213026084719328e+00,3.570446693960972765e-19,4.085169221328172880e-17
-3.167191284226021697e+00,3.565601216888690257e-19,4.077848699536789899e-17
-3.169169542367325398e+00,3.560765829851810652e-19,4.070560745501707609e-17
-3.171147800508628212e+00,3.555940504253946544e-19,4.063305044834272879e-17
-3.173126058649931025e+00,3.551125211601843109e-19,4.056081287197878867e-17
-3.175104316791234282e+00,3.546319923504932261e-19,4.048889166254189353e-17
-3.177082574932537096e+00,3.541524611674875233e-19,4.041728379610042241e-17
-3.179060833073839909e+00,3.536739247925118178e-19,4.034598628765024818e-17
-3.181039091215143610e+00,3.531963804170441496e-19,4.027499619059700444e-17
-3.183017349356445980e+00,3.527198252426522648e-19,4.020431059624472494e-17
-3.184995607497748793e+00,3.522442564809488382e-19,4.013392663329112050e-17
-3.186973865639051606e+00,3.517696713535480430e-19,4.006384146732904975e-17
-3.188952123780354864e+00,3.512960670920213510e-19,3.999405230035446095e-17
-3.190930381921657677e+00,3.508234409378547768e-19,3.992455637028017634e-17
-3.192908640062960490e+00,3.503517901424044856e-19,3.985535095045633255e-17
-3.194886898204264192e+00,3.498811119668551922e-19,3.978643334919638607e-17
-3.196865156345566561e+00,3.494114036821763952e-19,3.971780090930947283e-17
-3.198843414486869374e+00,3.489426625690798616e-19,3.964945100763854865e-17
-3.200821672628172188e+00,3.484748859179775933e-19,3.958138105460437829e-17
-3.202799930769475889e+00,3.480080710289396013e-19,3.951358849375539174e-17
-3.204778188910778702e+00,3.475422152116514871e-19,3.944607080132327201e-17
-3.206756447052081516e+00,3.470773157853739017e-19,3.937882548578414508e-17
-3.208734705193384329e+00,3.466133700788996940e-19,3.931185008742539667e-17
-3.210712963334687142e+00,3.461503754305132732e-19,3.924514217791802952e-17
-3.212691221475989956e+00,3.456883291879496349e-19,3.917869935989456732e-17
-3.214669479617292769e+00,3.452272287083533871e-19,3.911251926653219104e-17
-3.216647737758596470e+00,3.447670713582378238e-19,3.904659956114139723e-17
-3.218625995899899284e+00,3.443078545134448179e-19,3.898093793675982719e-17
-3.220604254041201653e+00,3.438495755591042801e-19,3.891553211575145156e-17
-3.222582512182505354e+00,3.433922318895946294e-19,3.885037984941064852e-17
-3.224560770323808168e+00,3.429358209085023482e-19,3.878547891757173609e-17
-3.226539028465110981e+00,3.424803400285825976e-19,3.872082712822329309e-17
-3.228517286606413794e+00,3.420257866717198799e-19,3.865642231712757078e-17
-3.230495544747716608e+00,3.415721582688886049e-19,3.859226234744471766e-17
-3.232473802889019421e+00,3.411194522601147167e-19,3.852834510936207657e-17
-3.234452061030322234e+00,3.406676660944353926e-19,3.846466851972809767e-17
-3.236430319171625936e+00,3.402167972298621138e-19,3.840123052169101556e-17
-3.238408577312928749e+00,3.397668431333410396e-19,3.833802908434241970e-17
-3.240386835454231562e+00,3.393178012807154034e-19,3.827506220236526223e-17
-3.242365093595533931e+00,3.388696691566870903e-19,3.821232789568640786e-17
-3.244343351736837633e+00,3.384224442547787927e-19,3.814982420913402174e-17
-3.246321609878140446e+00,3.379761240772966473e-19,3.808754921209909882e-17
-3.248299868019443259e+00,3.375307061352924869e-19,3.802550099820162160e-17
-3.250278126160746517e+00,3.370861879485267180e-19,3.796367768496093955e-17
-3.252256384302049330e+00,3.366425670454308613e-19,3.790207741347068446e-17
-3.254234642443351699e+00,3.361998409630709112e-19,3.784069834807764858e-17
-3.256212900584654513e+00,3.357580072471110320e-19,3.777953867606528496e-17
-3.258191158725958214e+00,3.353170634517759539e-19,3.771859660734088105e-17
-3.260169416867261027e+00,3.348770071398157286e-19,3.765787037412727423e-17
-3.262147675008563841e+00,3.344378358824686070e-19,3.759735823065847482e-17
-3.264125933149867098e+00,3.339995472594256983e-19,3.753705845287913468e-17
-3.266104191291169911e+00,3.335621388587948590e-19,3.747696933814836081e-17
-3.268082449432472725e+00,3.331256082770652558e-19,3.741708920494708489e-17
-3.270060707573775538e+00,3.326899531190713983e-19,3.735741639258948194e-17
-3.272038965715078795e+00,3.322551709979585214e-19,3.729794926093825320e-17
-3.274017223856381609e+00,3.318212595351471471e-19,3.723868619012355125e-17
-3.275995481997684422e+00,3.313882163602979374e-19,3.717962558026575086e-17
-3.277973740138987679e+00,3.309560391112775079e-19,3.712076585120186840e-17
-3.279951998280290493e+00,3.305247254341231360e-19,3.706210544221555563e-17
-3.281930256421593306e+00,3.300942729830090086e-19,3.700364281177089614e-17
-3.283908514562896563e+00,3.296646794202115555e-19,3.694537643724945588e-17
-3.285886772704199377e+00,3.292359424160754084e-19,3.688730481469112378e-17
-3.287865030845502190e+00,3.288080596489796492e-19,3.682942645853826819e-17
-3.289843288986805003e+00,3.283810288053041060e-19,3.677173990138331986e-17
-3.291821547128108705e+00,3.279548475793957458e-19,3.671424369371977539e-17
-3.293799805269411518e+00,3.275295136735348746e-19,3.665693640369657802e-17
-3.295778063410713887e+00,3.271050247979025404e-19,3.659981661687568459e-17
-3.297756321552017145e+00,3.266813786705470227e-19,3.654288293599302842e-17
-3.299734579693319958e+00,3.262585730173511876e-19,3.648613398072256975e-17
-3.301712837834622771e+00,3.258366055719996029e-19,3.642956838744359411e-17
-3.303691095975925585e+00,3.254154740759457004e-19,3.637318480901114145e-17
-3.305669354117228842e+00,3.249951762783801431e-19,3.631698191452954146e-17
-3.307647612258531655e+00,3.245757099361974582e-19,3.626095838912895023e-17
-3.309625870399834469e+00,3.241570728139648851e-19,3.620511293374504230e-17
-3.311604128541138170e+00,3.237392626838898274e-19,3.614944426490144537e-17
-3.313582386682440983e+00,3.233222773257884118e-19,3.609395111449548436e-17
-3.315560644823743797e+00,3.229061145270538071e-19,3.603863222958640933e-17
-3.317538902965046610e+00,3.224907720826244937e-19,3.598348637218683411e-17
-3.319517161106349867e+00,3.220762477949532088e-19,3.592851231905684984e-17
-3.321495419247652237e+00,3.216625394739755049e-19,3.587370886150099805e-17
-3.323473677388955050e+00,3.212496449370791280e-19,3.581907480516794311e-17
-3.325451935530258307e+00,3.208375620090729619e-19,3.576460896985298582e-17
-3.327430193671561121e+00,3.204262885221560204e-19,3.571031018930308539e-17
-3.329408451812863934e+00,3.200158223158873068e-19,3.565617731102479026e-17
-3.331386709954166747e+00,3.196061612371551917e-19,3.560220919609460336e-17
-3.333364968095470449e+00,3.191973031401470793e-19,3.554840471897202204e-17
-3.335343226236773262e+00,3.187892458863196519e-19,3.549476276731508024e-17
-3.337321484378076075e+00,3.183819873443682959e-19,3.544128224179850987e-17
-3.339299742519379333e+00,3.179755253901978757e-19,3.538796205593431195e-17
-3.341278000660682146e+00,3.175698579068926409e-19,3.533480113589485451e-17
-3.343256258801984959e+00,3.171649827846869526e-19,3.528179842033835567e-17
-3.345234516943287773e+00,3.167608979209356716e-19,3.522895286023675780e-17
-3.347212775084591030e+00,3.163576012200850293e-19,3.517626341870611021e-17
-3.349191033225893399e+00,3.159550905936434496e-19,3.512372907083897923e-17
-3.351169291367196212e+00,3.155533639601526598e-19,3.507134880353961952e-17
-3.353147549508499914e+00,3.151524192451589464e-19,3.501912161536094480e-17
-3.355125807649802727e+00,3.147522543811840733e-19,3.496704651634411182e-17
-3.357104065791105540e+00,3.143528673076972117e-19,3.491512252786015029e-17
-3.359082323932408354e+00,3.139542559710862433e-19,3.486334868245382396e-17
-3.361060582073711611e+00,3.135564183246295457e-19,3.481172402368965480e-17
-3.363038840215014424e+00,3.131593523284678259e-19,3.476024760600008575e-17
-3.365017098356317238e+00,3.127630559495763381e-19,3.470891849453570196e-17
-3.366995356497620495e+00,3.123675271617365249e-19,3.465773576501768909e-17
-3.368973614638923308e+00,3.119727639455090544e-19,3.460669850359209749e-17
-3.370951872780225678e+00,3.115787642882051715e-19,3.455580580668636807e-17
-3.372930130921528491e+00,3.111855261838602648e-19,3.450505678086773179e-17
-3.374908389062832192e+00,3.107930476332058442e-19,3.445445054270351349e-17
-3.376886647204135006e+00,3.104013266436426264e-19,3.440398621862362355e-17
-3.378864905345437819e+00,3.100103612292134749e-19,3.435366294478473825e-17
-3.380843163486741076e+00,3.096201494105763415e-19,3.430347986693642146e-17
-3.382821421628043890e+00,3.092306892149774468e-19,3.425343614028928621e-17
-3.384799679769346703e+00,3.088419786762246553e-19,3.420353092938472176e-17
-3.386777937910649516e+00,3.084540158346608483e-19,3.415376340796670985e-17
-3.388756196051952774e+00,3.080667987371377322e-19,3.410413275885524332e-17
-3.390734454193255587e+00,3.076803254369890192e-19,3.405463817382164297e-17
-3.392712712334558400e+00,3.072945939940049574e-19,3.400527885346556920e-17
-3.394690970475861658e+00,3.069096024744055120e-19,3.395605400709375931e-17
-3.396669228617164471e+00,3.065253489508150392e-19,3.390696285260050273e-17
-3.398647486758467284e+00,3.061418315022361902e-19,3.385800461634973716e-17
-3.400625744899770542e+00,3.057590482140241033e-19,3.380917853305886411e-17
-3.402604003041073355e+00,3.053769971778613192e-19,3.376048384568421617e-17
-3.404582261182376168e+00,3.049956764917318766e-19,3.371191980530800958e-17
-3.406560519323678982e+00,3.046150842598959385e-19,3.366348567102706549e-17
-3.408538777464982683e+00,3.042352185928650922e-19,3.361518070984301041e-17
-3.410517035606285496e+00,3.038560776073770231e-19,3.356700419655398038e-17
-3.412495293747588310e+00,3.034776594263701405e-19,3.351895541364793988e-17
-3.414473551888891123e+00,3.030999621789594076e-19,3.347103365119752913e-17
-3.416451810030193936e+00,3.027229840004111114e-19,3.342323820675626108e-17
-3.418430068171496750e+00,3.023467230321186442e-19,3.337556838525638241e-17
-3.420408326312799563e+00,3.019711774215775629e-19,3.332802349890799796e-17
-3.422386584454103264e+00,3.015963453223614669e-19,3.328060286709975435e-17
-3.424364842595405634e+00,3.012222248940979718e-19,3.323330581630078707e-17
-3.426343100736708447e+00,3.008488143024440095e-19,3.318613167996438078e-17
-3.428321358878012148e+00,3.004761117190622836e-19,3.313907979843248642e-17
-3.430299617019314962e+00,3.001041153215971473e-19,3.309214951884210549e-17
-3.432277875160617775e+00,2.997328232936504331e-19,3.304534019503271611e-17
-3.434256133301920588e+00,2.993622338247587262e-19,3.299865118745503007e-17
-3.436234391443223402e+00,2.989923451103686651e-19,3.295208186308121064e-17
-3.438212649584526215e+00,2.986231553518140711e-19,3.290563159531618119e-17
-3.440190907725829028e+00,2.982546627562926442e-19,3.285929976391030195e-17
-3.442169165867132730e+00,2.978868655368423225e-19,3.281308575487328563e-17
-3.444147424008435543e+00,2.975197619123187007e-19,3.276698896038935781e-17
-3.446125682149738356e+00,2.971533501073711006e-19,3.272100877873353914e-17
-3.448103940291040725e+00,2.967876283524206151e-19,3.267514461418918469e-17
-3.450082198432344427e+00,2.964225948836365639e-19,3.262939587696679295e-17
-3.452060456573647240e+00,2.960582479429142973e-19,3.258376198312380695e-17
-3.454038714714950054e+00,2.956945857778521811e-19,3.253824235448561732e-17
-3.456016972856253311e+00,2.953316066417292559e-19,3.249283641856781628e-17
-3.457995230997556124e+00,2.949693087934828964e-19,3.244754360849941935e-17
-3.459973489138858493e+00,2.946076904976862780e-19,3.240236336294720860e-17
-3.461951747280161307e+00,2.942467500245267580e-19,3.235729512604124080e-17
-3.463930005421465008e+00,2.938864856497827166e-19,3.231233834730139089e-17
-3.465908263562767821e+00,2.935268956548028049e-19,3.226749248156486925e-17
-3.467886521704070635e+00,2.931679783264832188e-19,3.222275698891487905e-17
-3.469864779845373892e+00,2.928097319572460808e-19,3.217813133461029672e-17
-3.471843037986676705e+00,2.924521548450182059e-19,3.213361498901628303e-17
-3.473821296127979519e+00,2.920952452932087618e-19,3.208920742753599110e-17
-3.475799554269282332e+00,2.917390016106884199e-19,3.204490813054313733e-17
-3.477777812410585589e+00,2.913834221117676888e-19,3.200071658331567541e-17
-3.479756070551888403e+00,2.910285051161754887e-19,3.195663227597037021e-17
-3.481734328693191216e+00,2.906742489490383989e-19,3.191265470339820978e-17
-3.483712586834494473e+00,2.903206519408592324e-19,3.186878336520100680e-17
-3.485690844975797287e+00,2.899677124274961391e-19,3.182501776562856091e-17
-3.487669103117100100e+00,2.896154287501416135e-19,3.178135741351710287e-17
-3.489647361258402913e+00,2.892637992553018871e-19,3.173780182222830579e-17
-3.491625619399706171e+00,2.889128222947758875e-19,3.169435050958941178e-17
-3.493603877541008984e+00,2.885624962256352571e-19,3.165100299783402429e-17
-3.495582135682311797e+00,2.882128194102030715e-19,3.160775881354397270e-17
-3.497560393823615499e+00,2.878637902160340505e-19,3.156461748759178100e-17
-3.499538651964918312e+00,2.875154070158937582e-19,3.152157855508419024e-17
-3.501516910106220681e+00,2.871676681877386694e-19,3.147864155530632197e-17
-3.503495168247523939e+00,2.868205721146960919e-19,3.143580603166679081e-17
-3.505473426388826752e+00,2.864741171850436555e-19,3.139307153164346406e-17
-3.507451684530129565e+00,2.861283017921899081e-19,3.135043760673010884e-17
-3.509429942671432379e+00,2.857831243346540933e-19,3.130790381238386506e-17
-3.511408200812735636e+00,2.854385832160466988e-19,3.126546970797322370e-17
-3.513386458954038449e+00,2.850946768450492821e-19,3.122313485672714532e-17
-3.515364717095341263e+00,2.847514036353953074e-19,3.118089882568457295e-17
-3.517342975236644964e+00,2.844087620058503089e-19,3.113876118564481395e-17
-3.519321233377947777e+00,2.840667503801933051e-19,3.109672151111869232e-17
-3.521299491519250591e+00,2.837253671871959029e-19,3.105477938028028635e-17
-3.523277749660552960e+00,2.833846108606046270e-19,3.101293437491947381e-17
-3.525256007801856661e+00,2.830444798391208417e-19,3.097118608039514254e-17
-3.527234265943159031e+00,2.827049725663820703e-19,3.092953408558896203e-17
-3.529212524084461844e+00,2.823660874909429755e-19,3.088797798286005472e-17
-3.531190782225765101e+00,2.820278230662562934e-19,3.084651736800005557e-17
-3.533169040367067915e+00,2.816901777506541519e-19,3.080515184018910224e-17
-3.535147298508370728e+00,2.813531500073292924e-19,3.076388100195218894e-17
-3.537125556649673541e+00,2.810167383043165816e-19,3.072270445911638915e-17
-3.539103814790977243e+00,2.806809411144744255e-19,3.068162182076850987e-17
-3.541082072932280056e+00,2.803457569154658479e-19,3.064063269921353466e-17
-3.543060331073582869e+00,2.800111841897410120e-19,3.059973670993346725e-17
-3.545038589214886127e+00,2.796772214245180095e-19,3.055893347154704422e-17
-3.547016847356188940e+00,2.793438671117650939e-19,3.051822260576970643e-17
-3.548995105497491753e+00,2.790111197481826249e-19,3.047760373737443335e-17
-3.550973363638794122e+00,2.786789778351845793e-19,3.043707649415300256e-17
-3.552951621780097380e+00,2.783474398788812180e-19,3.039664050687780395e-17
-3.554929879921400193e+00,2.780165043900605485e-19,3.035629540926431339e-17
-3.556908138062703006e+00,2.776861698841708473e-19,3.031604083793394845e-17
-3.558886396204006708e+00,2.773564348813030859e-19,3.027587643237768837e-17
-3.560864654345309521e+00,2.770272979061726342e-19,3.023580183491996517e-17
-3.562842912486612335e+00,2.766987574881025533e-19,3.019581669068325118e-17
-3.564821170627915148e+00,2.763708121610054916e-19,3.015592064755315199e-17
-3.566799428769218405e+00,2.760434604633663033e-19,3.011611335614389991e-17
-3.568777686910521219e+00,2.757167009382251004e-19,3.007639446976448227e-17
-3.570755945051824032e+00,2.753905321331595338e-19,3.003676364438510864e-17
-3.572734203193127289e+00,2.750649526002679417e-19,2.999722053860433757e-17
-3.574712461334430103e+00,2.747399608961519200e-19,2.995776481361656069e-17
-3.576690719475732472e+00,2.744155555818997588e-19,2.991839613317997373e-17
-3.578668977617035285e+00,2.740917352230691578e-19,2.987911416358504674e-17
-3.580647235758338986e+00,2.737684983896700371e-19,2.983991857362335178e-17
-3.582625493899641800e+00,2.734458436561485518e-19,2.980080903455717323e-17
-3.584603752040944613e+00,2.731237696013696627e-19,2.976178522008890867e-17
-3.586582010182247870e+00,2.728022748086009100e-19,2.972284680633168381e-17
-3.588560268323550684e+00,2.724813578654953209e-19,2.968399347177981944e-17
-3.590538526464853497e+00,2.721610173640756652e-19,2.964522489727999498e-17
-3.592516784606156310e+00,2.718412519007170734e-19,2.960654076600272611e-17
-3.594495042747459568e+00,2.715220600761316295e-19,2.956794076341429867e-17
-3.596473300888762381e+00,2.712034404953513748e-19,2.952942457724915232e-17
-3.598451559030065194e+00,2.708853917677125633e-19,2.949099189748254774e-17
-3.600429817171368452e+00,2.705679125068391467e-19,2.945264241630367759e-17
-3.602408075312671265e+00,2.702510013306268857e-19,2.941437582808932592e-17
-3.604386333453974078e+00,2.699346568612272684e-19,2.937619182937752766e-17
-3.606364591595276892e+00,2.696188777250318620e-19,2.933809011884203537e-17
-3.608342849736580149e+00,2.693036625526559427e-19,2.930007039726690312e-17
-3.610321107877882962e+00,2.689890099789233287e-19,2.926213236752148333e-17
-3.612299366019185776e+00,2.686749186428498173e-19,2.922427573453577486e-17
-3.614277624160489477e+00,2.683613871876285960e-19,2.918650020527625798e-17
-3.616255882301792290e+00,2.680484142606134871e-19,2.914880548872177860e-17
-3.618234140443094660e+00,2.677359985133047916e-19,2.911119129584018453e-17
-3.620212398584397917e+00,2.674241386013324379e-19,2.907365733956487524e-17
-3.622190656725700730e+00,2.671128331844414407e-19,2.903620333477211603e-17
-3.624168914867003544e+00,2.668020809264767342e-19,2.899882899825822267e-17
-3.626147173008306357e+00,2.664918804953669946e-19,2.896153404871749793e-17
-3.628125431149610058e+00,2.661822305631107733e-19,2.892431820672018046e-17
-3.630103689290912428e+00,2.658731298057600301e-19,2.888718119469091753e-17
-3.632081947432215241e+00,2.655645769034061221e-19,2.885012273688737334e-17
-3.634060205573518942e+00,2.652565705401643962e-19,2.881314255937922556e-17
-3.636038463714821756e+00,2.649491094041593117e-19,2.877624039002754407e-17
-3.638016721856124569e+00,2.646421921875095617e-19,2.873941595846432367e-17
-3.639994979997427382e+00,2.643358175863132923e-19,2.870266899607234352e-17
-3.641973238138730640e+00,2.640299843006334172e-19,2.866599923596537777e-17
-3.643951496280033453e+00,2.637246910344833175e-19,2.862940641296866514e-17
-3.645929754421336266e+00,2.634199364958114342e-19,2.859289026359959412e-17
-3.647908012562639080e+00,2.631157193964874020e-19,2.855645052604875183e-17
-3.649886270703941893e+00,2.628120384522875562e-19,2.852008694016114545e-17
-3.651864528845244706e+00,2.625088923828800548e-19,2.848379924741784269e-17
-3.653842786986547519e+00,2.622062799118113014e-19,2.844758719091768624e-17
-3.655821045127851221e+00,2.619041997664906812e-19,2.841145051535938420e-17
-3.657799303269154034e+00,2.616026506781774176e-19,2.837538896702386542e-17
-3.659777561410456848e+00,2.613016313819655490e-19,2.833940229375683217e-17
-3.661755819551760105e+00,2.610011406167703998e-19,2.830349024495149762e-17
-3.663734077693062918e+00,2.607011771253140873e-19,2.826765257153179789e-17
-3.665712335834365732e+00,2.604017396541121369e-19,2.823188902593557946e-17
-3.667690593975668545e+00,2.601028269534589892e-19,2.819619936209816252e-17
-3.669668852116971358e+00,2.598044377774145668e-19,2.816058333543612001e-17
-3.671647110258274171e+00,2.595065708837900705e-19,2.812504070283124155e-17
-3.673625368399576985e+00,2.592092250341348828e-19,2.808957122261481784e-17
-3.675603626540880686e+00,2.589123989937222683e-19,2.805417465455202375e-17
-3.677581884682183500e+00,2.586160915315359881e-19,2.801885075982658473e-17
-3.679560142823486313e+00,2.583203014202569147e-19,2.798359930102572073e-17
-3.681538400964789126e+00,2.580250274362493098e-19,2.794842004212513937e-17
-3.683516659106092828e+00,2.577302683595475834e-19,2.791331274847438647e-17
-3.685494917247395197e+00,2.574360229738426682e-19,2.787827718678237544e-17
-3.687473175388698010e+00,2.571422900664688746e-19,2.784331312510302139e-17
-3.689451433530000823e+00,2.568490684283906985e-19,2.780842033282120799e-17
-3.691429691671303637e+00,2.565563568541894840e-19,2.777359858063885301e-17
-3.693407949812606450e+00,2.562641541420501347e-19,2.773884764056121729e-17
-3.695386207953909263e+00,2.559724590937485468e-19,2.770416728588340161e-17
-3.697364466095212965e+00,2.556812705146378386e-19,2.766955729117695764e-17
-3.699342724236515778e+00,2.553905872136359288e-19,2.763501743227686562e-17
-3.701320982377818591e+00,2.551004080032123914e-19,2.760054748626841024e-17
-3.703299240519122293e+00,2.548107316993756486e-19,2.756614723147456506e-17
-3.705277498660425106e+00,2.545215571216601632e-19,2.753181644744322897e-17
-3.707255756801727919e+00,2.542328830931135833e-19,2.749755491493491567e-17
-3.709234014943030733e+00,2.539447084402841271e-19,2.746336241591044004e-17
-3.711212273084333102e+00,2.536570319932078720e-19,2.742923873351881402e-17
-3.713190531225635915e+00,2.533698525853962841e-19,2.739518365208536443e-17
-3.715168789366938729e+00,2.530831690538233627e-19,2.736119695709986617e-17
-3.717147047508242430e+00,2.527969802389136512e-19,2.732727843520508520e-17
-3.719125305649545243e+00,2.525112849845293338e-19,2.729342787418522300e-17
-3.721103563790848057e+00,2.522260821379580051e-19,2.725964506295460133e-17
-3.723081821932150870e+00,2.519413705499005859e-19,2.722592979154666132e-17
-3.725060080073454571e+00,2.516571490744585147e-19,2.719228185110286704e-17
-3.727038338214757385e+00,2.513734165691220484e-19,2.715870103386186174e-17
-3.729016596356060198e+00,2.510901718947577918e-19,2.712518713314882438e-17
-3.730994854497363455e+00,2.508074139155966120e-19,2.709173994336494329e-17
-3.732973112638665825e+00,2.505251414992217463e-19,2.705835925997692366e-17
-3.734951370779968194e+00,2.502433535165564759e-19,2.702504487950682178e-17
-3.736929628921271895e+00,2.499620488418523297e-19,2.699179659952177747e-17
-3.738907887062574709e+00,2.496812263526772879e-19,2.695861421862421185e-17
-3.740886145203877522e+00,2.494008849299035526e-19,2.692549753644179410e-17
-3.742864403345180335e+00,2.491210234576961843e-19,2.689244635361781788e-17
-3.744842661486484037e+00,2.488416408235009211e-19,2.685946047180158097e-17
-3.746820919627786850e+00,2.485627359180327188e-19,2.682653969363885731e-17
-3.748799177769089663e+00,2.482843076352639548e-19,2.679368382276260939e-17
-3.750777435910393365e+00,2.480063548724129208e-19,2.676089266378376227e-17
-3.752755694051695734e+00,2.477288765299319780e-19,2.672816602228211628e-17
-3.754733952192998103e+00,2.474518715114964835e-19,2.669550370479727202e-17
-3.756712210334300917e+00,2.471753387239929936e-19,2.666290551881986973e-17
-3.758690468475604174e+00,2.468992770775077562e-19,2.663037127278281316e-17
-3.760668726616906987e+00,2.466236854853156855e-19,2.659790077605261679e-17
-3.762646984758209801e+00,2.463485628638685170e-19,2.656549383892088551e-17
-3.764625242899513502e+00,2.460739081327842148e-19,2.653315027259591138e-17
-3.766603501040816315e+00,2.457997202148352240e-19,2.650086988919437830e-17
-3.768581759182119129e+00,2.455259980359371072e-19,2.646865250173317139e-17
-3.770560017323421942e+00,2.452527405251381928e-19,2.643649792412124802e-17
-3.772538275464725643e+00,2.449799466146075861e-19,2.640440597115169685e-17
-3.774516533606028457e+00,2.447076152396246248e-19,2.637237645849385225e-17
-3.776494791747331270e+00,2.444357453385678531e-19,2.634040920268548278e-17
-3.778473049888633639e+00,2.441643358529039957e-19,2.630850402112511826e-17
-3.780451308029936452e+00,2.438933857271769319e-19,2.627666073206446315e-17
-3.782429566171239266e+00,2.436228939089969103e-19,2.624487915460095474e-17
-3.784407824312542079e+00,2.433528593490297637e-19,2.621315910867029057e-17
-3.786386082453845781e+00,2.430832810009861719e-19,2.618150041503915611e-17
-3.788364340595148594e+00,2.428141578216108286e-19,2.614990289529807878e-17
-3.790342598736451407e+00,2.425454887706717522e-19,2.611836637185419572e-17
-3.792320856877755109e+00,2.422772728109496933e-19,2.608689066792428341e-17
-3.794299115019057922e+00,2.420095089082276868e-19,2.605547560752786754e-17
-3.796277373160360735e+00,2.417421960312798808e-19,2.602412101548025263e-17
-3.798255631301663549e+00,2.414753331518621966e-19,2.599282671738581980e-17
-3.800233889442966362e+00,2.412089192447004358e-19,2.596159253963133381e-17
-3.802212147584268731e+00,2.409429532874809874e-19,2.593041830937934556e-17
-3.804190405725571544e+00,2.406774342608398024e-19,2.589930385456164393e-17
-3.806168663866875246e+00,2.404123611483524748e-19,2.586824900387278468e-17
-3.808146922008178059e+00,2.401477329365236493e-19,2.583725358676382269e-17
-3.810125180149480872e+00,2.398835486147767652e-19,2.580631743343585623e-17
-3.812103438290783686e+00,2.396198071754441388e-19,2.577544037483401808e-17
-3.814081696432087387e+00,2.393565076137564661e-19,2.574462224264118004e-17
-3.816059954573390200e+00,2.390936489278328086e-19,2.571386286927190705e-17
-3.818038212714693014e+00,2.388312301186706744e-19,2.568316208786658387e-17
-3.820016470855995827e+00,2.385692501901358109e-19,2.565251973228530142e-17
-3.821994728997298640e+00,2.383077081489519495e-19,2.562193563710221457e-17
-3.823972987138601454e+00,2.380466030046916088e-19,2.559140963759957946e-17
-3.825951245279904267e+00,2.377859337697652134e-19,2.556094156976212977e-17
-3.827929503421207524e+00,2.375256994594119456e-19,2.553053127027143457e-17
-3.829907761562510338e+00,2.372658990916895861e-19,2.550017857650030532e-17
-3.831886019703813151e+00,2.370065316874648365e-19,2.546988332650724315e-17
-3.833864277845116852e+00,2.367475962704033041e-19,2.543964535903106771e-17
-3.835842535986419666e+00,2.364890918669602577e-19,2.540946451348541373e-17
-3.837820794127722479e+00,2.362310175063704197e-19,2.537934062995352941e-17
-3.839799052269025292e+00,2.359733722206387224e-19,2.534927354918292080e-17
-3.841777310410328106e+00,2.357161550445304851e-19,2.531926311258018725e-17
-3.843755568551630919e+00,2.354593650155620737e-19,2.528930916220584758e-17
-3.845733826692933732e+00,2.352030011739911745e-19,2.525941154076929875e-17
-3.847712084834236990e+00,2.349470625628071167e-19,2.522957009162372836e-17
-3.849690342975539803e+00,2.346915482277221091e-19,2.519978465876118113e-17
-3.851668601116842616e+00,2.344364572171612256e-19,2.517005508680761625e-17
-3.853646859258146318e+00,2.341817885822531123e-19,2.514038122101805095e-17
-3.855625117399449131e+00,2.339275413768209837e-19,2.511076290727178107e-17
-3.857603375540751944e+00,2.336737146573728973e-19,2.508119999206754008e-17
-3.859581633682054758e+00,2.334203074830929419e-19,2.505169232251889224e-17
-3.861559891823357571e+00,2.331673189158316082e-19,2.502223974634951792e-17
-3.863538149964660384e+00,2.329147480200970258e-19,2.499284211188862529e-17
-3.865516408105963198e+00,2.326625938630454296e-19,2.496349926806640201e-17
-3.867494666247266899e+00,2.324108555144722531e-19,2.493421106440951320e-17
-3.869472924388569268e+00,2.321595320468030755e-19,2.490497735103659630e-17
-3.871451182529872082e+00,2.319086225350845226e-19,2.487579797865394698e-17
-3.873429440671174895e+00,2.316581260569754068e-19,2.484667279855107562e-17
-3.875407698812478596e+00,2.314080416927374833e-19,2.481760166259641485e-17
-3.877385956953781410e+00,2.311583685252267828e-19,2.478858442323307936e-17
-3.879364215095084223e+00,2.309091056398847526e-19,2.475962093347456111e-17
-3.881342473236387924e+00,2.306602521247292530e-19,2.473071104690064014e-17
-3.883320731377690738e+00,2.304118070703456974e-19,2.470185461765321849e-17
-3.885298989518992663e+00,2.301637695698785308e-19,2.467305150043212617e-17
-3.887277247660295476e+00,2.299161387190222256e-19,2.464430155049121089e-17
-3.889255505801599178e+00,2.296689136160128076e-19,2.461560462363426420e-17
-3.891233763942901991e+00,2.294220933616189488e-19,2.458696057621102183e-17
-3.893212022084204804e+00,2.291756770591334449e-19,2.455836926511321930e-17
-3.895190280225508062e+00,2.289296638143645967e-19,2.452983054777079868e-17
-3.897168538366810875e+00,2.286840527356277846e-19,2.450134428214793341e-17
-3.899146796508113688e+00,2.284388429337366568e-19,2.447291032673926892e-17
-3.901125054649416501e+00,2.281940335219948004e-19,2.444452854056614780e-17
-3.903103312790720203e+00,2.279496236161872668e-19,2.441619878317282573e-17
-3.905081570932023016e+00,2.277056123345722421e-19,2.438792091462283224e-17
-3.907059829073324941e+00,2.274619987978722843e-19,2.435969479549520514e-17
-3.909038087214628643e+00,2.272187821292664749e-19,2.433152028688095913e-17
-3.911016345355931456e+00,2.269759614543816564e-19,2.430339725037939418e-17
-3.912994603497234269e+00,2.267335359012842464e-19,2.427532554809459186e-17
-3.914972861638537083e+00,2.264915046004722937e-19,2.424730504263184086e-17
-3.916951119779840340e+00,2.262498666848665705e-19,2.421933559709415794e-17
-3.918929377921143153e+00,2.260086212898031581e-19,2.419141707507879662e-17
-3.920907636062445967e+00,2.257677675530248275e-19,2.416354934067384832e-17
-3.922885894203749668e+00,2.255273046146727589e-19,2.413573225845477565e-17
-3.924864152345052482e+00,2.252872316172788852e-19,2.410796569348113684e-17
-3.926842410486355295e+00,2.250475477057575632e-19,2.408024951129313748e-17
-3.928820668627658108e+00,2.248082520273975321e-19,2.405258357790837347e-17
-3.930798926768960921e+00,2.245693437318540177e-19,2.402496775981854608e-17
-3.932777184910263735e+00,2.243308219711406432e-19,2.399740192398616174e-17
-3.934755443051566548e+00,2.240926858996214851e-19,2.396988593784138271e-17
-3.936733701192869805e+00,2.238549346740034651e-19,2.394241966927874532e-17
-3.938711959334172619e+00,2.236175674533278769e-19,2.391500298665408157e-17
-3.940690217475475432e+00,2.233805833989631150e-19,2.388763575878126813e-17
-3.942668475616778245e+00,2.231439816745966826e-19,2.386031785492920035e-17
-3.944646733758081947e+00,2.229077614462272470e-19,2.383304914481866762e-17
-3.946624991899384760e+00,2.226719218821568395e-19,2.380582949861924722e-17
-3.948603250040687573e+00,2.224364621529837777e-19,2.377865878694640157e-17
-3.950581508181990387e+00,2.222013814315939025e-19,2.375153688085824269e-17
-3.952559766323293200e+00,2.219666788931538374e-19,2.372446365185278961e-17
-3.954538024464596013e+00,2.217323537151029474e-19,2.369743897186483456e-17
-3.956516282605899715e+00,2.214984050771458286e-19,2.367046271326304020e-17
-3.958494540747202528e+00,2.212648321612446517e-19,2.364353474884707071e-17
-3.960472798888504897e+00,2.210316341516117962e-19,2.361665495184464286e-17
-3.962451057029807711e+00,2.207988102347020017e-19,2.358982319590871567e-17
-3.964429315171111412e+00,2.205663595992052901e-19,2.356303935511458146e-17
-3.966407573312414225e+00,2.203342814360394066e-19,2.353630330395705867e-17
-3.968385831453717039e+00,2.201025749383419714e-19,2.350961491734769692e-17
-3.970364089595019852e+00,2.198712393014637389e-19,2.348297407061201289e-17
-3.972342347736322665e+00,2.196402737229609423e-19,2.345638063948670470e-17
-3.974320605877625479e+00,2.194096774025875896e-19,2.342983450011690321e-17
-3.976298864018928292e+00,2.191794495422889156e-19,2.340333552905346953e-17
-3.978277122160231993e+00,2.189495893461933895e-19,2.337688360325030491e-17
-3.980255380301534807e+00,2.187200960206059736e-19,2.335047860006163594e-17
-3.982233638442837620e+00,2.184909687740004682e-19,2.332412039723941685e-17
-3.984211896584140877e+00,2.182622068170126746e-19,2.329780887293058700e-17
-3.986190154725443691e+00,2.180338093624331725e-19,2.327154390567456252e-17
-3.988168412866746504e+00,2.178057756251998571e-19,2.324532537440053697e-17
-3.990146671008049317e+00,2.175781048223912948e-19,2.321915315842498530e-17
-3.992124929149352131e+00,2.173507961732193085e-19,2.319302713744900144e-17
-3.994103187290654944e+00,2.171238488990219956e-19,2.316694719155583931e-17
-3.996081445431957757e+00,2.168972622232567951e-19,2.314091320120829352e-17
-3.998059703573261459e+00,2.166710353714934338e-19,2.311492504724627427e-17
-4.000037961714563828e+00,2.164451675714069446e-19,2.308898261088424351e-17
-4.002016219855867085e+00,2.162196580527706132e-19,2.306308577370875287e-17
-4.003994477997169454e+00,2.159945060474493330e-19,2.303723441767599077e-17
-4.005972736138473600e+00,2.157697107893924557e-19,2.301142842510928952e-17
-4.007950994279775969e+00,2.155452715146270020e-19,2.298566767869676797e-17
-4.009929252421079227e+00,2.153211874612508249e-19,2.295995206148884165e-17
-4.011907510562382484e+00,2.150974578694258927e-19,2.293428145689584080e-17
-4.013885768703684853e+00,2.148740819813713315e-19,2.290865574868570544e-17
-4.015864026844987222e+00,2.146510590413567573e-19,2.288307482098141842e-17
-4.017842284986290480e+00,2.144283882956956308e-19,2.285753855825885463e-17
-4.019820543127593737e+00,2.142060689927383484e-19,2.283204684534432190e-17
-4.021798801268896106e+00,2.139841003828657183e-19,2.280659956741227149e-17
-4.023777059410199364e+00,2.137624817184823158e-19,2.278119660998294690e-17
-4.025755317551502621e+00,2.135412122540096223e-19,2.275583785892014674e-17
-4.027733575692805879e+00,2.133202912458797660e-19,2.273052320042885194e-17
-4.029711833834108248e+00,2.130997179525287329e-19,2.270525252105300710e-17
-4.031690091975411505e+00,2.128794916343896744e-19,2.268002570767325562e-17
-4.033668350116714763e+00,2.126596115538868645e-19,2.265484264750468707e-17
-4.035646608258018020e+00,2.124400769754286220e-19,2.262970322809454465e-17
-4.037624866399319501e+00,2.122208871654012682e-19,2.260460733732010503e-17
-4.039603124540623647e+00,2.120020413921623135e-19,2.257955486338637655e-17
-4.041581382681926016e+00,2.117835389260344390e-19,2.255454569482394217e-17
-4.043559640823228385e+00,2.115653790392987080e-19,2.252957972048675617e-17
-4.045537898964531642e+00,2.113475610061884264e-19,2.250465682954997173e-17
-4.047516157105834900e+00,2.111300841028826915e-19,2.247977691150777154e-17
-4.049494415247138157e+00,2.109129476075000359e-19,2.245493985617120772e-17
-4.051472673388440526e+00,2.106961508000923129e-19,2.243014555366609404e-17
-4.053450931529744672e+00,2.104796929626380763e-19,2.240539389443081806e-17
-4.055429189671047041e+00,2.102635733790366097e-19,2.238068476921426734e-17
-4.057407447812350298e+00,2.100477913351016915e-19,2.235601806907366926e-17
-4.059385705953652668e+00,2.098323461185550947e-19,2.233139368537253878e-17
-4.061363964094955925e+00,2.096172370190207372e-19,2.230681150977858918e-17
-4.063342222236258294e+00,2.094024633280183741e-19,2.228227143426154114e-17
-4.065320480377560663e+00,2.091880243389574106e-19,2.225777335109125532e-17
-4.067298738518864809e+00,2.089739193471308116e-19,2.223331715283545826e-17
-4.069276996660167178e+00,2.087601476497092273e-19,2.220890273235783801e-17
-4.071255254801470436e+00,2.085467085457344210e-19,2.218452998281593021e-17
-4.073233512942773693e+00,2.083336013361138527e-19,2.216019879765910900e-17
-4.075211771084076950e+00,2.081208253236141545e-19,2.213590907062653471e-17
-4.077190029225379320e+00,2.079083798128553293e-19,2.211166069574520944e-17
-4.079168287366682577e+00,2.076962641103048522e-19,2.208745356732784164e-17
-4.081146545507984946e+00,2.074844775242715078e-19,2.206328757997100331e-17
-4.083124803649288204e+00,2.072730193648996605e-19,2.203916262855302541e-17
-4.085103061790590573e+00,2.070618889441631875e-19,2.201507860823204414e-17
-4.087081319931893830e+00,2.068510855758597979e-19,2.199103541444403499e-17
-4.089059578073197088e+00,2.066406085756048452e-19,2.196703294290089295e-17
-4.091037836214499457e+00,2.064304572608258145e-19,2.194307108958835252e-17
-4.093016094355802714e+00,2.062206309507562557e-19,2.191914975076416656e-17
-4.094994352497105972e+00,2.060111289664301984e-19,2.189526882295611252e-17
-4.096972610638409229e+00,2.058019506306762297e-19,2.187142820296002651e-17
-4.098950868779711598e+00,2.055930952681116923e-19,2.184762778783791738e-17
-4.100929126921014856e+00,2.053845622051371955e-19,2.182386747491604393e-17
-4.102907385062317225e+00,2.051763507699305246e-19,2.180014716178296426e-17
-4.104885643203620482e+00,2.049684602924414168e-19,2.177646674628767767e-17
-4.106863901344922851e+00,2.047608901043854942e-19,2.175282612653770182e-17
-4.108842159486226109e+00,2.045536395392387274e-19,2.172922520089713446e-17
-4.110820417627529366e+00,2.043467079322320182e-19,2.170566386798488771e-17
-4.112798675768831735e+00,2.041400946203453257e-19,2.168214202667269750e-17
-4.114776933910135881e+00,2.039337989423021294e-19,2.165865957608325916e-17
-4.116755192051438250e+00,2.037278202385641330e-19,2.163521641558838786e-17
-4.118733450192741508e+00,2.035221578513252934e-19,2.161181244480722516e-17
-4.120711708334043877e+00,2.033168111245065492e-19,2.158844756360424217e-17
-4.122689966475347134e+00,2.031117794037503795e-19,2.156512167208746775e-17
-4.124668224616649503e+00,2.029070620364152670e-19,2.154183467060667656e-17
-4.126646482757952761e+00,2.027026583715700164e-19,2.151858645975148777e-17
-4.128624740899256018e+00,2.024985677599887955e-19,2.149537694034955937e-17
-4.130602999040559276e+00,2.022947895541451884e-19,2.147220601346478849e-17
-4.132581257181861645e+00,2.020913231082070918e-19,2.144907358039541021e-17
-4.134559515323164014e+00,2.018881677780313230e-19,2.142597954267228728e-17
-4.136537773464468160e+00,2.016853229211582989e-19,2.140292380205703043e-17
-4.138516031605770529e+00,2.014827878968064991e-19,2.137990626054020185e-17
-4.140494289747073786e+00,2.012805620658672660e-19,2.135692682033954028e-17
-4.142472547888376155e+00,2.010786447908997011e-19,2.133398538389814290e-17
-4.144450806029679413e+00,2.008770354361249835e-19,2.131108185388265037e-17
-4.146429064170981782e+00,2.006757333674214585e-19,2.128821613318155505e-17
-4.148407322312285039e+00,2.004747379523191731e-19,2.126538812490330592e-17
-4.150385580453588297e+00,2.002740485599948445e-19,2.124259773237459834e-17
-4.152363838594891554e+00,2.000736645612666117e-19,2.121984485913857445e-17
-4.154342096736193923e+00,1.998735853285886913e-19,2.119712940895310681e-17
-4.156320354877497181e+00,1.996738102360463217e-19,2.117445128578895564e-17
-4.158298613018800438e+00,1.994743386593508041e-19,2.115181039382809252e-17
-4.160276871160102807e+00,1.992751699758341096e-19,2.112920663746186688e-17
-4.162255129301406065e+00,1.990763035644438240e-19,2.110663992128930811e-17
-4.164233387442709322e+00,1.988777388057383083e-19,2.108411015011539068e-17
-4.166211645584011691e+00,1.986794750818812347e-19,2.106161722894922531e-17
-4.168189903725314061e+00,1.984815117766368191e-19,2.103916106300240420e-17
-4.170168161866618206e+00,1.982838482753647903e-19,2.101674155768720147e-17
-4.172146420007920575e+00,1.980864839650152377e-19,2.099435861861488139e-17
-4.174124678149223833e+00,1.978894182341237724e-19,2.097201215159392038e-17
-4.176102936290527090e+00,1.976926504728063275e-19,2.094970206262838613e-17
-4.178081194431829459e+00,1.974961800727545596e-19,2.092742825791609798e-17
-4.180059452573132717e+00,1.973000064272305047e-19,2.090519064384699679e-17
-4.182037710714435086e+00,1.971041289310619557e-19,2.088298912700138541e-17
-4.184015968855739231e+00,1.969085469806375512e-19,2.086082361414824314e-17
-4.185994226997041601e+00,1.967132599739016480e-19,2.083869401224350927e-17
-4.187972485138344858e+00,1.965182673103496746e-19,2.081660022842839450e-17
-4.189950743279647227e+00,1.963235683910232924e-19,2.079454217002765529e-17
-4.191929001420950485e+00,1.961291626185054845e-19,2.077251974454793904e-17
-4.193907259562252854e+00,1.959350493969156448e-19,2.075053285967602157e-17
-4.195885517703556111e+00,1.957412281319050514e-19,2.072858142327722934e-17
-4.197863775844859369e+00,1.955476982306519806e-19,2.070666534339362753e-17
-4.199842033986161738e+00,1.953544591018566986e-19,2.068478452824241771e-17
-4.201820292127464995e+00,1.951615101557372006e-19,2.066293888621422142e-17
-4.203798550268768253e+00,1.949688508040240112e-19,2.064112832587144698e-17
-4.205776808410071510e+00,1.947764804599558263e-19,2.061935275594654231e-17
-4.207755066551373879e+00,1.945843985382746509e-19,2.059761208534038944e-17
-4.209733324692677137e+00,1.943926044552211280e-19,2.057590622312059124e-17
-4.211711582833979506e+00,1.942010976285299648e-19,2.055423507851981663e-17
-4.213689840975282763e+00,1.940098774774253349e-19,2.053259856093415509e-17
-4.215668099116585132e+00,1.938189434226159665e-19,2.051099657992143722e-17
-4.217646357257889278e+00,1.936282948862910263e-19,2.048942904519957693e-17
-4.219624615399191647e+00,1.934379312921150636e-19,2.046789586664488893e-17
-4.221602873540494905e+00,1.932478520652236771e-19,2.044639695429050178e-17
-4.223581131681797274e+00,1.930580566322189889e-19,2.042493221832463839e-17
-4.225559389823100531e+00,1.928685444211650463e-19,2.040350156908900751e-17
-4.227537647964403789e+00,1.926793148615830796e-19,2.038210491707713049e-17
-4.229515906105706158e+00,1.924903673844475291e-19,2.036074217293270495e-17
-4.231494164247009415e+00,1.923017014221810624e-19,2.033941324744799016e-17
-4.233472422388311784e+00,1.921133164086503614e-19,2.031811805156210294e-17
-4.235450680529615042e+00,1.919252117791614996e-19,2.029685649635944609e-17
-4.237428938670917411e+00,1.917373869704557054e-19,2.027562849306803207e-17
-4.239407196812221557e+00,1.915498414207047400e-19,2.025443395305786831e-17
-4.241385454953523926e+00,1.913625745695066599e-19,2.023327278783931477e-17
-4.243363713094827183e+00,1.911755858578813879e-19,2.021214490906145383e-17
-4.245341971236130441e+00,1.909888747282661623e-19,2.019105022851048177e-17
-4.247320229377432810e+00,1.908024406245114208e-19,2.016998865810804163e-17
-4.249298487518736067e+00,1.906162829918762747e-19,2.014896010990964251e-17
-4.251276745660038436e+00,1.904304012770244396e-19,2.012796449610302626e-17
-4.253255003801341694e+00,1.902447949280195176e-19,2.010700172900653438e-17
-4.255233261942644063e+00,1.900594633943210972e-19,2.008607172106749022e-17
-4.257211520083947320e+00,1.898744061267802269e-19,2.006517438486060274e-17
-4.259189778225250578e+00,1.896896225776353231e-19,2.004430963308634874e-17
-4.261168036366553835e+00,1.895051122005076920e-19,2.002347737856933046e-17
-4.263146294507856204e+00,1.893208744503975336e-19,2.000267753425670397e-17
-4.265124552649159462e+00,1.891369087836796803e-19,1.998191001321655836e-17
-4.267102810790462719e+00,1.889532146580991191e-19,1.996117472863628558e-17
-4.269081068931765088e+00,1.887697915327672604e-19,1.994047159382102433e-17
-4.271059327073068346e+00,1.885866388681574117e-19,1.991980052219198988e-17
-4.273037585214370715e+00,1.884037561261006132e-19,1.989916142728493947e-17
-4.275015843355673972e+00,1.882211427697820022e-19,1.987855422274854840e-17
-4.276994101496976342e+00,1.880387982637358300e-19,1.985797882234277374e-17
-4.278972359638279599e+00,1.878567220738421154e-19,1.983743513993731974e-17
-4.280950617779582856e+00,1.876749136673221431e-19,1.981692308951002008e-17
-4.282928875920886114e+00,1.874933725127344432e-19,1.979644258514521697e-17
-4.284907134062188483e+00,1.873120980799709632e-19,1.977599354103221120e-17
-4.286885392203492628e+00,1.871310898402524702e-19,1.975557587146364431e-17
-4.288863650344794998e+00,1.869503472661252286e-19,1.973518949083393017e-17
-4.290841908486098255e+00,1.867698698314563053e-19,1.971483431363766180e-17
-4.292820166627401512e+00,1.865896570114299590e-19,1.969451025446800596e-17
-4.294798424768702994e+00,1.864097082825435715e-19,1.967421722801516235e-17
-4.296776682910006251e+00,1.862300231226036033e-19,1.965395514906475514e-17
-4.298754941051308620e+00,1.860506010107216212e-19,1.963372393249623980e-17
-4.300733199192612766e+00,1.858714414273103745e-19,1.961352349328136849e-17
-4.302711457333915135e+00,1.856925438540798224e-19,1.959335374648256621e-17
-4.304689715475218392e+00,1.855139077740334029e-19,1.957321460725140228e-17
-4.306667973616521650e+00,1.853355326714637473e-19,1.955310599082697261e-17
-4.308646231757824907e+00,1.851574180319490936e-19,1.953302781253435280e-17
-4.310624489899127276e+00,1.849795633423492413e-19,1.951297998778303888e-17
-4.312602748040430534e+00,1.848019680908019169e-19,1.949296243206534805e-17
-4.314581006181733791e+00,1.846246317667184161e-19,1.947297506095487789e-17
-4.316559264323036160e+00,1.844475538607804023e-19,1.945301779010492559e-17
-4.318537522464338529e+00,1.842707338649355245e-19,1.943309053524694721e-17
-4.320515780605641787e+00,1.840941712723940236e-19,1.941319321218895838e-17
-4.322494038746945044e+00,1.839178655776245429e-19,1.939332573681402435e-17
-4.324472296888247413e+00,1.837418162763506857e-19,1.937348802507865457e-17
-4.326450555029550671e+00,1.835660228655471155e-19,1.935367999301126192e-17
-4.328428813170853928e+00,1.833904848434355835e-19,1.933390155671063122e-17
-4.330407071312157186e+00,1.832152017094815581e-19,1.931415263234432918e-17
-4.332385329453459555e+00,1.830401729643902052e-19,1.929443313614717906e-17
-4.334363587594762812e+00,1.828653981101027280e-19,1.927474298441970456e-17
-4.336341845736066070e+00,1.826908766497927807e-19,1.925508209352657357e-17
-4.338320103877368439e+00,1.825166080878625681e-19,1.923545037989505755e-17
-4.340298362018670808e+00,1.823425919299394513e-19,1.921584776001349376e-17
-4.342276620159974065e+00,1.821688276828719031e-19,1.919627415042972303e-17
-4.344254878301277323e+00,1.819953148547261138e-19,1.917672946774958591e-17
-4.346233136442579692e+00,1.818220529547823077e-19,1.915721362863532963e-17
-4.348211394583883838e+00,1.816490414935311079e-19,1.913772654980413508e-17
-4.350189652725186207e+00,1.814762799826698047e-19,1.911826814802650523e-17
-4.352167910866489464e+00,1.813037679350989374e-19,1.909883834012481063e-17
-4.354146169007791833e+00,1.811315048649185385e-19,1.907943704297171176e-17
-4.356124427149095979e+00,1.809594902874246669e-19,1.906006417348861202e-17
-4.358102685290398348e+00,1.807877237191057491e-19,1.904071964864419103e-17
-4.360080943431700717e+00,1.806162046776390878e-19,1.902140338545282072e-17
-4.362059201573003975e+00,1.804449326818873237e-19,1.900211530097308310e-17
-4.364037459714306344e+00,1.802739072518947276e-19,1.898285531230621108e-17
-4.366015717855609601e+00,1.801031279088840949e-19,1.896362333659458465e-17
-4.367993975996911971e+00,1.799325941752527495e-19,1.894441929102023333e-17
-4.369972234138216116e+00,1.797623055745694139e-19,1.892524309280329232e-17
-4.371950492279518485e+00,1.795922616315705502e-19,1.890609465920049871e-17
-4.373928750420821743e+00,1.794224618721569175e-19,1.888697390750367543e-17
-4.375907008562125000e+00,1.792529058233900565e-19,1.886788075503823054e-17
-4.377885266703428258e+00,1.790835930134891609e-19,1.884881511916164423e-17
-4.379863524844730627e+00,1.789145229718271281e-19,1.882977691726198970e-17
-4.381841782986033884e+00,1.787456952289275991e-19,1.881076606675634311e-17
-4.383820041127336253e+00,1.785771093164612745e-19,1.879178248508942467e-17
-4.385798299268638623e+00,1.784087647672426164e-19,1.877282608973195306e-17
-4.387776557409941880e+00,1.782406611152265025e-19,1.875389679817926193e-17
-4.389754815551245137e+00,1.780727978955047350e-19,1.873499452794975601e-17
-4.391733073692548395e+00,1.779051746443028869e-19,1.871611919658340428e-17
-4.393711331833850764e+00,1.777377908989765226e-19,1.869727072164030400e-17
-4.395689589975154909e+00,1.775706461980085013e-19,1.867844902069915537e-17
-4.397667848116457279e+00,1.774037400810050532e-19,1.865965401135576703e-17
-4.399646106257760536e+00,1.772370720886928182e-19,1.864088561122163854e-17
-4.401624364399062905e+00,1.770706417629154031e-19,1.862214373792239192e-17
-4.403602622540366163e+00,1.769044486466301323e-19,1.860342830909637265e-17
-4.405580880681668532e+00,1.767384922839047007e-19,1.858473924239314901e-17
-4.407559138822971789e+00,1.765727722199141167e-19,1.856607645547202982e-17
-4.409537396964275047e+00,1.764072880009370910e-19,1.854743986600060699e-17
-4.411515655105577416e+00,1.762420391743530514e-19,1.852882939165330406e-17
-4.413493913246880673e+00,1.760770252886388689e-19,1.851024495010989404e-17
-4.415472171388183042e+00,1.759122458933656795e-19,1.849168645905405418e-17
-4.417450429529487188e+00,1.757477005391954660e-19,1.847315383617189611e-17
-4.419428687670789557e+00,1.755833887778780247e-19,1.845464699915054220e-17
-4.421406945812092815e+00,1.754193101622477392e-19,1.843616586567662483e-17
-4.423385203953395184e+00,1.752554642462204268e-19,1.841771035343490595e-17
-4.425363462094698441e+00,1.750918505847901129e-19,1.839928038010675785e-17
-4.427341720236000810e+00,1.749284687340259729e-19,1.838087586336883509e-17
-4.429319978377304068e+00,1.747653182510690107e-19,1.836249672089147824e-17
-4.431298236518607325e+00,1.746023986941289766e-19,1.834414287033743200e-17
-4.433276494659909694e+00,1.744397096224814548e-19,1.832581422936032296e-17
-4.435254752801212952e+00,1.742772505964646131e-19,1.830751071560327290e-17
-4.437233010942516209e+00,1.741150211774757604e-19,1.828923224669747519e-17
-4.439211269083819467e+00,1.739530209279688431e-19,1.827097874026073718e-17
-4.441189527225121836e+00,1.737912494114510504e-19,1.825275011389610593e-17
-4.443167785366425093e+00,1.736297061924797330e-19,1.823454628519045990e-17
-4.445146043507728351e+00,1.734683908366592976e-19,1.821636717171304221e-17
-4.447124301649030720e+00,1.733073029106383898e-19,1.819821269101413251e-17
-4.449102559790333089e+00,1.731464419821065726e-19,1.818008276062357401e-17
-4.451080817931636346e+00,1.729858076197915571e-19,1.816197729804944846e-17
-4.453059076072939604e+00,1.728253993934559050e-19,1.814389622077661242e-17
-4.455037334214241973e+00,1.726652168738942596e-19,1.812583944626536919e-17
-4.457015592355545230e+00,1.725052596329302646e-19,1.810780689195001735e-17
-4.458993850496848488e+00,1.723455272434135305e-19,1.808979847523755661e-17
-4.460972108638151745e+00,1.721860192792166978e-19,1.807181411350621789e-17
-4.462950366779454114e+00,1.720267353152324518e-19,1.805385372410416296e-17
-4.464928624920758260e+00,1.718676749273705373e-19,1.803591722434806696e-17
-4.466906883062060629e+00,1.717088376925549418e-19,1.801800453152180256e-17
-4.468885141203363887e+00,1.715502231887208867e-19,1.800011556287503485e-17
-4.470863399344665368e+00,1.713918309948115766e-19,1.798225023562188088e-17
-4.472841657485969513e+00,1.712336606907759852e-19,1.796440846693957844e-17
-4.474819915627271882e+00,1.710757118575652676e-19,1.794659017396712099e-17
-4.476798173768574252e+00,1.709179840771302574e-19,1.792879527380392644e-17
-4.478776431909878397e+00,1.707604769324183359e-19,1.791102368350848434e-17
-4.480754690051180766e+00,1.706031900073707853e-19,1.789327532009705867e-17
-4.482732948192484024e+00,1.704461228869197783e-19,1.787555010054230415e-17
-4.484711206333786393e+00,1.702892751569856102e-19,1.785784794177204294e-17
-4.486689464475090539e+00,1.701326464044736173e-19,1.784016876066781636e-17
-4.488667722616392908e+00,1.699762362172716007e-19,1.782251247406370152e-17
-4.490645980757696165e+00,1.698200441842468897e-19,1.780487899874492784e-17
-4.492624238898998534e+00,1.696640698952436692e-19,1.778726825144659506e-17
-4.494602497040301792e+00,1.695083129410798022e-19,1.776968014885238214e-17
-4.496580755181604161e+00,1.693527729135443739e-19,1.775211460759328076e-17
-4.498559013322907418e+00,1.691974494053947790e-19,1.773457154424626104e-17
-4.500537271464210676e+00,1.690423420103539533e-19,1.771705087533303276e-17
-4.502515529605513045e+00,1.688874503231076047e-19,1.769955251731877583e-17
-4.504493787746816302e+00,1.687327739393013728e-19,1.768207638661084601e-17
-4.506472045888119560e+00,1.685783124555381567e-19,1.766462239955753314e-17
-4.508450304029422817e+00,1.684240654693753946e-19,1.764719047244679456e-17
-4.510428562170725186e+00,1.682700325793222949e-19,1.762978052150503185e-17
-4.512406820312028444e+00,1.681162133848370442e-19,1.761239246289582735e-17
-4.514385078453330813e+00,1.679626074863240864e-19,1.759502621271869619e-17
-4.516363336594634070e+00,1.678092144851316195e-19,1.757768168700789992e-17
-4.518341594735936440e+00,1.676560339835486821e-19,1.756035880173116461e-17
-4.520319852877239697e+00,1.675030655848024816e-19,1.754305747278852834e-17
-4.522298111018542954e+00,1.673503088930558419e-19,1.752577761601107783e-17
-4.524276369159845324e+00,1.671977635134043874e-19,1.750851914715977132e-17
-4.526254627301149469e+00,1.670454290518739663e-19,1.749128198192424597e-17
-4.528232885442451838e+00,1.668933051154180271e-19,1.747406603592158842e-17
-4.530211143583755096e+00,1.667413913119148738e-19,1.745687122469522234e-17
-4.532189401725057465e+00,1.665896872501649939e-19,1.743969746371366349e-17
-4.534167659866360722e+00,1.664381925398886026e-19,1.742254466836938886e-17
-4.536145918007663091e+00,1.662869067917229951e-19,1.740541275397766565e-17
-4.538124176148966349e+00,1.661358296172197775e-19,1.738830163577539269e-17
-4.540102434290269606e+00,1.659849606288423633e-19,1.737121122891996024e-17
-4.542080692431571975e+00,1.658342994399634218e-19,1.735414144848811911e-17
-4.544058950572875233e+00,1.656838456648622779e-19,1.733709220947481583e-17
-4.546037208714177602e+00,1.655335989187222398e-19,1.732006342679211419e-17
-4.548015466855481748e+00,1.653835588176280951e-19,1.730305501526803653e-17
-4.549993724996784117e+00,1.652337249785637042e-19,1.728606688964548526e-17
-4.551971983138087374e+00,1.650840970194091585e-19,1.726909896458112425e-17
-4.553950241279389743e+00,1.649346745589384942e-19,1.725215115464431578e-17
-4.555928499420693001e+00,1.647854572168169231e-19,1.723522337431597413e-17
-4.557906757561995370e+00,1.646364446135986185e-19,1.721831553798756110e-17
-4.559885015703298627e+00,1.644876363707238978e-19,1.720142755995999821e-17
-4.561863273844601885e+00,1.643390321105169119e-19,1.718455935444255119e-17
-4.563841531985905142e+00,1.641906314561830209e-19,1.716771083555186858e-17
-4.565819790127207511e+00,1.640424340318062905e-19,1.715088191731086622e-17
-4.567798048268510769e+00,1.638944394623472770e-19,1.713407251364775967e-17
-4.569776306409814026e+00,1.637466473736402109e-19,1.711728253839496408e-17
-4.571754564551116395e+00,1.635990573923907095e-19,1.710051190528815134e-17
-4.573732822692419653e+00,1.634516691461732255e-19,1.708376052796518994e-17
-4.575711080833722022e+00,1.633044822634287595e-19,1.706702831996518981e-17
-4.577689338975025279e+00,1.631574963734622120e-19,1.705031519472748535e-17
-4.579667597116327649e+00,1.630107111064401449e-19,1.703362106559066482e-17
-4.581645855257631794e+00,1.628641260933881567e-19,1.701694584579161194e-17
-4.583624113398934163e+00,1.627177409661887164e-19,1.700028944846454453e-17
-4.585602371540237421e+00,1.625715553575784429e-19,1.698365178664003147e-17
-4.587580629681539790e+00,1.624255689011460105e-19,1.696703277324412065e-17
-4.589558887822843047e+00,1.622797812313295733e-19,1.695043232109734672e-17
-4.591537145964146305e+00,1.621341919834143571e-19,1.693385034291383133e-17
-4.593515404105448674e+00,1.619888007935304214e-19,1.691728675130039871e-17
-4.595493662246752820e+00,1.618436072986501790e-19,1.690074145875562351e-17
-4.597471920388055189e+00,1.616986111365861336e-19,1.688421437766902034e-17
-4.599450178529357558e+00,1.615538119459883033e-19,1.686770542032006698e-17
-4.601428436670659927e+00,1.614092093663422471e-19,1.685121449887743089e-17
-4.603406694811964073e+00,1.612648030379664403e-19,1.683474152539805711e-17
-4.605384952953266442e+00,1.611205926020099399e-19,1.681828641182631468e-17
-4.607363211094569699e+00,1.609765777004501692e-19,1.680184906999321396e-17
-4.609341469235872957e+00,1.608327579760906310e-19,1.678542941161551911e-17
-4.611319727377175326e+00,1.606891330725584762e-19,1.676902734829499629e-17
-4.613297985518478583e+00,1.605457026343022648e-19,1.675264279151756615e-17
-4.615276243659781841e+00,1.604024663065897030e-19,1.673627565265254281e-17
-4.617254501801085098e+00,1.602594237355054281e-19,1.671992584295181100e-17
-4.619232759942387467e+00,1.601165745679483850e-19,1.670359327354912357e-17
-4.621211018083690725e+00,1.599739184516300442e-19,1.668727785545928175e-17
-4.623189276224993094e+00,1.598314550350718019e-19,1.667097949957745724e-17
-4.625167534366296351e+00,1.596891839676028617e-19,1.665469811667838490e-17
-4.627145792507598721e+00,1.595471048993578027e-19,1.663843361741571248e-17
-4.629124050648902866e+00,1.594052174812746782e-19,1.662218591232125190e-17
-4.631102308790205235e+00,1.592635213650924634e-19,1.660595491180428277e-17
-4.633080566931508493e+00,1.591220162033490092e-19,1.658974052615090838e-17
-4.635058825072810862e+00,1.589807016493787552e-19,1.657354266552333466e-17
-4.637037083214114119e+00,1.588395773573105632e-19,1.655736123995925692e-17
-4.639015341355417377e+00,1.586986429820653575e-19,1.654119615937117579e-17
-4.640993599496719746e+00,1.585578981793541995e-19,1.652504733354580554e-17
-4.642971857638023003e+00,1.584173426056758557e-19,1.650891467214340238e-17
-4.644950115779325373e+00,1.582769759183147036e-19,1.649279808469723437e-17
-4.646928373920628630e+00,1.581367977753386614e-19,1.647669748061290046e-17
-4.648906632061930999e+00,1.579968078355968523e-19,1.646061276916781893e-17
-4.650884890203235145e+00,1.578570057587173663e-19,1.644454385951062962e-17
-4.652863148344537514e+00,1.577173912051055261e-19,1.642849066066065772e-17
-4.654841406485840771e+00,1.575779638359413119e-19,1.641245308150735603e-17
-4.656819664627144029e+00,1.574387233131773628e-19,1.639643103080979960e-17
-4.658797922768446398e+00,1.572996692995368584e-19,1.638042441719616803e-17
-4.660776180909749655e+00,1.571608014585114244e-19,1.636443314916323396e-17
-4.662754439051052024e+00,1.570221194543588694e-19,1.634845713507591315e-17
-4.664732697192355282e+00,1.568836229521013798e-19,1.633249628316674681e-17
-4.666710955333657651e+00,1.567453116175230156e-19,1.631655050153552873e-17
-4.668689213474960908e+00,1.566071851171678570e-19,1.630061969814876294e-17
-4.670667471616264166e+00,1.564692431183379338e-19,1.628470378083931550e-17
-4.672645729757567423e+00,1.563314852890909387e-19,1.626880265730597695e-17
-4.674623987898869792e+00,1.561939112982384454e-19,1.625291623511307399e-17
-4.676602246040173050e+00,1.560565208153435256e-19,1.623704442169007819e-17
-4.678580504181476307e+00,1.559193135107188710e-19,1.622118712433126699e-17
-4.680558762322778676e+00,1.557822890554247231e-19,1.620534425019533237e-17
-4.682537020464081934e+00,1.556454471212667064e-19,1.618951570630508501e-17
-4.684515278605384303e+00,1.555087873807939746e-19,1.617370139954712459e-17
-4.686493536746687560e+00,1.553723095072969721e-19,1.615790123667151313e-17
-4.688471794887989930e+00,1.552360131748055556e-19,1.614211512429154390e-17
-4.690450053029293187e+00,1.550998980580868282e-19,1.612634296888339935e-17
-4.692428311170596444e+00,1.549639638326432608e-19,1.611058467678594470e-17
-4.694406569311899702e+00,1.548282101747105742e-19,1.609484015420047519e-17
-4.696384827453202071e+00,1.546926367612558371e-19,1.607910930719050041e-17
-4.698363085594506217e+00,1.545572432699753713e-19,1.606339204168151014e-17
-4.700341343735808586e+00,1.544220293792926819e-19,1.604768826346081096e-17
-4.702319601877110955e+00,1.542869947683567715e-19,1.603199787817735066e-17
-4.704297860018414212e+00,1.541521391170397816e-19,1.601632079134154566e-17
-4.706276118159716582e+00,1.540174621059353789e-19,1.600065690832514850e-17
-4.708254376301019839e+00,1.538829634163564930e-19,1.598500613436114000e-17
-4.710232634442322208e+00,1.537486427303334865e-19,1.596936837454360599e-17
-4.712210892583626354e+00,1.536144997306121805e-19,1.595374353382763255e-17
-4.714189150724928723e+00,1.534805341006520018e-19,1.593813151702927208e-17
-4.716167408866231980e+00,1.533467455246238396e-19,1.592253222882545092e-17
-4.718145667007534350e+00,1.532131336874082880e-19,1.590694557375396929e-17
-4.720123925148838495e+00,1.530796982745936005e-19,1.589137145621345510e-17
-4.722102183290140864e+00,1.529464389724738353e-19,1.587580978046336393e-17
-4.724080441431444122e+00,1.528133554680470025e-19,1.586026045062401294e-17
-4.726058699572747379e+00,1.526804474490128966e-19,1.584472337067659936e-17
-4.728036957714048860e+00,1.525477146037714842e-19,1.582919844446325286e-17
-4.730015215855352118e+00,1.524151566214207370e-19,1.581368557568711570e-17
-4.731993473996655375e+00,1.522827731917550910e-19,1.579818466791242589e-17
-4.733971732137958632e+00,1.521505640052632560e-19,1.578269562456461582e-17
-4.735949990279261002e+00,1.520185287531263136e-19,1.576721834893046941e-17
-4.737928248420564259e+00,1.518866671272161523e-19,1.575175274415821458e-17
-4.739906506561867516e+00,1.517549788200932289e-19,1.573629871325774815e-17
-4.741884764703170774e+00,1.516234635250050032e-19,1.572085615910075298e-17
-4.743863022844473143e+00,1.514921209358838200e-19,1.570542498442096294e-17
-4.745841280985776400e+00,1.513609507473453440e-19,1.569000509181433551e-17
-4.747819539127079658e+00,1.512299526546864654e-19,1.567459638373930137e-17
-4.749797797268382027e+00,1.510991263538835663e-19,1.565919876251705404e-17
-4.751776055409684396e+00,1.509684715415906677e-19,1.564381213033179950e-17
-4.753754313550987654e+00,1.508379879151376954e-19,1.562843638923102737e-17
-4.755732571692290911e+00,1.507076751725284341e-19,1.561307144112590529e-17
-4.757710829833593280e+00,1.505775330124389144e-19,1.559771718779154093e-17
-4.759689087974897426e+00,1.504475611342155830e-19,1.558237353086737941e-17
-4.761667346116199795e+00,1.503177592378733769e-19,1.556704037185757624e-17
-4.763645604257503052e+00,1.501881270240940383e-19,1.555171761213136396e-17
-4.765623862398805421e+00,1.500586641942242125e-19,1.553640515292354212e-17
-4.767602120540109567e+00,1.499293704502738353e-19,1.552110289533481626e-17
-4.769580378681411936e+00,1.498002454949141825e-19,1.550581074033233714e-17
-4.771558636822714305e+00,1.496712890314761130e-19,1.549052858875015064e-17
-4.773536894964017563e+00,1.495425007639483830e-19,1.547525634128967542e-17
-4.775515153105319932e+00,1.494138803969758654e-19,1.545999389852026371e-17
-4.777493411246623189e+00,1.492854276358577192e-19,1.544474116087972521e-17
-4.779471669387925559e+00,1.491571421865455847e-19,1.542949802867485705e-17
-4.781449927529229704e+00,1.490290237556421385e-19,1.541426440208208787e-17
-4.783428185670532073e+00,1.489010720503989514e-19,1.539904018114804480e-17
-4.785406443811835331e+00,1.487732867787149711e-19,1.538382526579016049e-17
-4.787384701953138588e+00,1.486456676491348619e-19,1.536861955579737264e-17
-4.789362960094441846e+00,1.485182143708469096e-19,1.535342295083074644e-17
-4.791341218235744215e+00,1.483909266536819143e-19,1.533823535042417406e-17
-4.793319476377046584e+00,1.482638042081108551e-19,1.532305665398511118e-17
-4.795297734518349841e+00,1.481368467452435183e-19,1.530788676079527640e-17
-4.797275992659652211e+00,1.480100539768267394e-19,1.529272557001141861e-17
-4.799254250800955468e+00,1.478834256152426461e-19,1.527757298066610271e-17
-4.801232508942258725e+00,1.477569613735070210e-19,1.526242889166849854e-17
-4.803210767083561983e+00,1.476306609652675205e-19,1.524729320180519431e-17
-4.805189025224864352e+00,1.475045241048022057e-19,1.523216580974105331e-17
-4.807167283366167609e+00,1.473785505070175929e-19,1.521704661402009212e-17
-4.809145541507470867e+00,1.472527398874471126e-19,1.520193551306631569e-17
-4.811123799648774124e+00,1.471270919622495448e-19,1.518683240518467568e-17
-4.813102057790076493e+00,1.470016064482070450e-19,1.517173718856199800e-17
-4.815080315931379751e+00,1.468762830627238678e-19,1.515664976126792575e-17
-4.817058574072682120e+00,1.467511215238244658e-19,1.514157002125588059e-17
-4.819036832213984489e+00,1.466261215501518277e-19,1.512649786636409513e-17
-4.821015090355287747e+00,1.465012828609660585e-19,1.511143319431662357e-17
-4.822993348496591004e+00,1.463766051761424293e-19,1.509637590272438947e-17
-4.824971606637894261e+00,1.462520882161701255e-19,1.508132588908623649e-17
-4.826949864779196631e+00,1.461277317021502484e-19,1.506628305079005318e-17
-4.828928122920500776e+00,1.460035353557943952e-19,1.505124728511385146e-17
-4.830906381061803145e+00,1.458794988994229976e-19,1.503621848922694684e-17
-4.832884639203106403e+00,1.457556220559636849e-19,1.502119656019108934e-17
-4.834862897344408772e+00,1.456319045489498154e-19,1.500618139496165910e-17
-4.836841155485712029e+00,1.455083461025186710e-19,1.499117289038885892e-17
-4.838819413627014399e+00,1.453849464414099643e-19,1.497617094321897764e-17
-4.840797671768317656e+00,1.452617052909641538e-19,1.496117545009562895e-17
-4.842775929909620913e+00,1.451386223771211436e-19,1.494618630756103326e-17
-4.844754188050923283e+00,1.450156974264182852e-19,1.493120341205729957e-17
-4.846732446192226540e+00,1.448929301659891261e-19,1.491622665992779064e-17
-4.848710704333529797e+00,1.447703203235616999e-19,1.490125594741846030e-17
-4.850688962474833055e+00,1.446478676274569862e-19,1.488629117067920314e-17
-4.852667220616135424e+00,1.445255718065872970e-19,1.487133222576529361e-17
-4.854645478757438681e+00,1.444034325904548570e-19,1.485637900863876956e-17
-4.856623736898741051e+00,1.442814497091500694e-19,1.484143141516990214e-17
-4.858601995040044308e+00,1.441596228933500725e-19,1.482648934113867491e-17
-4.860580253181346677e+00,1.440379518743171981e-19,1.481155268223625984e-17
-4.862558511322649935e+00,1.439164363838974552e-19,1.479662133406653655e-17
-4.864536769463953192e+00,1.437950761545188689e-19,1.478169519214764223e-17
-4.866515027605255561e+00,1.436738709191900839e-19,1.476677415191355864e-17
-4.868493285746558819e+00,1.435528204114988480e-19,1.475185810871566826e-17
-4.870471543887862076e+00,1.434319243656103270e-19,1.473694695782438748e-17
-4.872449802029165333e+00,1.433111825162658285e-19,1.472204059443083058e-17
-4.874428060170467703e+00,1.431905945987809965e-19,1.470713891364842449e-17
-4.876406318311771848e+00,1.430701603490446319e-19,1.469224181051466514e-17
-4.878384576453074217e+00,1.429498795035170791e-19,1.467734917999275691e-17
-4.880362834594376586e+00,1.428297517992283970e-19,1.466246091697343681e-17
-4.882341092735678956e+00,1.427097769737774676e-19,1.464757691627665700e-17
-4.884319350876983101e+00,1.425899547653300465e-19,1.463269707265343674e-17
-4.886297609018285470e+00,1.424702849126174626e-19,1.461782128078762813e-17
-4.888275867159587840e+00,1.423507671549350293e-19,1.460294943529780192e-17
-4.890254125300891985e+00,1.422314012321408650e-19,1.458808143073908102e-17
-4.892232383442194354e+00,1.421121868846538947e-19,1.457321716160502640e-17
-4.894210641583497612e+00,1.419931238534529355e-19,1.455835652232956298e-17
-4.896188899724799981e+00,1.418742118800750349e-19,1.454349940728891790e-17
-4.898167157866104127e+00,1.417554507066137384e-19,1.452864571080358342e-17
-4.900145416007406496e+00,1.416368400757180773e-19,1.451379532714029219e-17
-4.902123674148709753e+00,1.415183797305908603e-19,1.449894815051404789e-17
-4.904101932290012122e+00,1.414000694149872769e-19,1.448410407509014982e-17
-4.906080190431315380e+00,1.412819088732135732e-19,1.446926299498626979e-17
-4.908058448572617749e+00,1.411638978501254150e-19,1.445442480427452291e-17
-4.910036706713920118e+00,1.410460360911265877e-19,1.443958939698359378e-17
-4.912014964855224264e+00,1.409283233421676483e-19,1.442475666710086891e-17
-4.913993222996526633e+00,1.408107593497442400e-19,1.440992650857460916e-17
-4.915971481137829890e+00,1.406933438608961055e-19,1.439509881531611909e-17
-4.917949739279133148e+00,1.405760766232050643e-19,1.438027348120197800e-17
-4.919927997420436405e+00,1.404589573847942428e-19,1.436545040007627396e-17
-4.921906255561738774e+00,1.403419858943262925e-19,1.435062946575285948e-17
-4.923884513703042032e+00,1.402251619010020419e-19,1.433581057201765339e-17
-4.925862771844344401e+00,1.401084851545592207e-19,1.432099361263093963e-17
-4.927841029985647658e+00,1.399919554052709431e-19,1.430617848132971840e-17
-4.929819288126950028e+00,1.398755724039443594e-19,1.429136507183006044e-17
-4.931797546268253285e+00,1.397593359019193806e-19,1.427655327782950134e-17
-4.933775804409556542e+00,1.396432456510670646e-19,1.426174299300945436e-17
-4.935754062550858912e+00,1.395273014037884618e-19,1.424693411103764784e-17
-4.937732320692162169e+00,1.394115029130132656e-19,1.423212652557059046e-17
-4.939710578833465426e+00,1.392958499321980563e-19,1.421732013025605178e-17
-4.941688836974768684e+00,1.391803422153256261e-19,1.420251481873558907e-17
-4.943667095116071053e+00,1.390649795169029089e-19,1.418771048464707725e-17
-4.945645353257374310e+00,1.389497615919601863e-19,1.417290702162727880e-17
-4.947623611398676680e+00,1.388346881960492816e-19,1.415810432331441683e-17
-4.949601869539979937e+00,1.387197590852426210e-19,1.414330228335081283e-17
-4.951580127681283194e+00,1.386049740161315725e-19,1.412850079538548746e-17
-4.953558385822585564e+00,1.384903327458254109e-19,1.411369975307687221e-17
-4.955536643963888821e+00,1.383758350319495601e-19,1.409889905009545956e-17
-4.957514902105191190e+00,1.382614806326448468e-19,1.408409858012651767e-17
-4.959493160246495336e+00,1.381472693065656231e-19,1.406929823687284842e-17
-4.961471418387797705e+00,1.380332008128787309e-19,1.405449791405752676e-17
-4.963449676529100962e+00,1.379192749112621540e-19,1.403969750542670183e-17
-4.965427934670403332e+00,1.378054913619036939e-19,1.402489690475240113e-17
-4.967406192811706589e+00,1.376918499254996457e-19,1.401009600583535618e-17
-4.969384450953008958e+00,1.375783503632534259e-19,1.399529470250786838e-17
-4.971362709094312216e+00,1.374649924368745374e-19,1.398049288863672096e-17
-4.973340967235615473e+00,1.373517759085768600e-19,1.396569045812603862e-17
-4.975319225376918730e+00,1.372387005410776633e-19,1.395088730492023344e-17
-4.977297483518221100e+00,1.371257660975962830e-19,1.393608332300699699e-17
-4.979275741659524357e+00,1.370129723418527724e-19,1.392127840642022777e-17
-4.981253999800827614e+00,1.369003190380665302e-19,1.390647244924307876e-17
-4.983232257942129984e+00,1.367878059509553377e-19,1.389166534561096498e-17
-4.985210516083433241e+00,1.366754328457336255e-19,1.387685698971460801e-17
-4.987188774224735610e+00,1.365631994881117269e-19,1.386204727580314364e-17
-4.989167032366038868e+00,1.364511056442940967e-19,1.384723609818718334e-17
-4.991145290507341237e+00,1.363391510809783721e-19,1.383242335124196511e-17
-4.993123548648645382e+00,1.362273355653541453e-19,1.381760892941048884e-17
-4.995101806789947751e+00,1.361156588651014703e-19,1.380279272720669491e-17
-4.997080064931251009e+00,1.360041207483897801e-19,1.378797463921865043e-17
-4.999058323072553378e+00,1.358927209838766346e-19,1.377315456011176632e-17
-5.001036581213856635e+00,1.357814593407063965e-19,1.375833238463205751e-17
-5.003014839355159893e+00,1.356703355885090760e-19,1.374350800760936466e-17
-5.004993097496462262e+00,1.355593494973990544e-19,1.372868132396069445e-17
-5.006971355637766408e+00,1.354485008379738569e-19,1.371385222869347986e-17
-5.008949613779067889e+00,1.353377893813129003e-19,1.369902061690894510e-17
-5.010927871920371146e+00,1.352272148989763134e-19,1.368418638380546597e-17
-5.012906130061673515e+00,1.351167771630037095e-19,1.366934942468190563e-17
-5.014884388202977661e+00,1.350064759459129343e-19,1.365450963494107351e-17
-5.016862646344280030e+00,1.348963110206989105e-19,1.363966691009308723e-17
-5.018840904485583287e+00,1.347862821608323136e-19,1.362482114575887009e-17
-5.020819162626886545e+00,1.346763891402584885e-19,1.360997223767359929e-17
-5.022797420768188914e+00,1.345666317333962461e-19,1.359512008169018794e-17
-5.024775678909492171e+00,1.344570097151365871e-19,1.358026457378279647e-17
-5.026753937050794541e+00,1.343475228608414261e-19,1.356540561005038250e-17
-5.028732195192098686e+00,1.342381709463427250e-19,1.355054308672023682e-17
-5.030710453333401055e+00,1.341289537479409521e-19,1.353567690015158105e-17
-5.032688711474703425e+00,1.340198710424039993e-19,1.352080694683915141e-17
-5.034666969616006682e+00,1.339109226069661460e-19,1.350593312341681174e-17
-5.036645227757309939e+00,1.338021082193267359e-19,1.349105532666121434e-17
-5.038623485898612309e+00,1.336934276576490450e-19,1.347617345349544691e-17
-5.040601744039915566e+00,1.335848807005590059e-19,1.346128740099271180e-17
-5.042580002181218823e+00,1.334764671271443168e-19,1.344639706638006084e-17
-5.044558260322521193e+00,1.333681867169529734e-19,1.343150234704204993e-17
-5.046536518463824450e+00,1.332600392499922814e-19,1.341660314052458477e-17
-5.048514776605127707e+00,1.331520245067275328e-19,1.340169934453858164e-17
-5.050493034746430965e+00,1.330441422680812113e-19,1.338679085696383009e-17
-5.052471292887733334e+00,1.329363923154314272e-19,1.337187757585275692e-17
-5.054449551029036591e+00,1.328287744306109311e-19,1.335695939943425035e-17
-5.056427809170338961e+00,1.327212883959060778e-19,1.334203622611753806e-17
-5.058406067311642218e+00,1.326139339940555512e-19,1.332710795449600822e-17
-5.060384325452944587e+00,1.325067110082493525e-19,1.331217448335112455e-17
-5.062362583594248733e+00,1.323996192221273562e-19,1.329723571165630587e-17
-5.064340841735551102e+00,1.322926584197786600e-19,1.328229153858086739e-17
-5.066319099876854359e+00,1.321858283857400198e-19,1.326734186349394644e-17
-5.068297358018157617e+00,1.320791289049950315e-19,1.325238658596846689e-17
-5.070275616159459986e+00,1.319725597629729030e-19,1.323742560578511728e-17
-5.072253874300763243e+00,1.318661207455472503e-19,1.322245882293632135e-17
-5.074232132442065613e+00,1.317598116390350629e-19,1.320748613763030717e-17
-5.076210390583368870e+00,1.316536322301955959e-19,1.319250745029507913e-17
-5.078188648724671239e+00,1.315475823062292866e-19,1.317752266158251632e-17
-5.080166906865974497e+00,1.314416616547766476e-19,1.316253167237238622e-17
-5.082145165007277754e+00,1.313358700639170385e-19,1.314753438377647077e-17
-5.084123423148581011e+00,1.312302073221677755e-19,1.313253069714265550e-17
-5.086101681289883381e+00,1.311246732184828794e-19,1.311752051405904335e-17
-5.088079939431186638e+00,1.310192675422519921e-19,1.310250373635807766e-17
-5.090058197572489895e+00,1.309139900832994863e-19,1.308748026612073149e-17
-5.092036455713792265e+00,1.308088406318831170e-19,1.307245000568061368e-17
-5.094014713855095522e+00,1.307038189786929863e-19,1.305741285762821361e-17
-5.095992971996397891e+00,1.305989249148506527e-19,1.304236872481506273e-17
-5.097971230137701149e+00,1.304941582319079278e-19,1.302731751035795933e-17
-5.099949488279003518e+00,1.303895187218457441e-19,1.301225911764320088e-17
-5.101927746420306775e+00,1.302850061770731684e-19,1.299719345033081655e-17
-5.103906004561610033e+00,1.301806203904264149e-19,1.298212041235884886e-17
-5.105884262702913290e+00,1.300763611551675448e-19,1.296703990794761234e-17
-5.107862520844215659e+00,1.299722282649836479e-19,1.295195184160398294e-17
-5.109840778985519805e+00,1.298682215139856632e-19,1.293685611812569980e-17
-5.111819037126822174e+00,1.297643406967073675e-19,1.292175264260570860e-17
-5.113797295268124543e+00,1.296605856081042683e-19,1.290664132043644174e-17
-5.115775553409427800e+00,1.295569560435526403e-19,1.289152205731422489e-17
-5.117753811550730170e+00,1.294534517988484668e-19,1.287639475924356949e-17
-5.119732069692033427e+00,1.293500726702062838e-19,1.286125933254159775e-17
-5.121710327833335796e+00,1.292468184542582890e-19,1.284611568384241223e-17
-5.123688585974639942e+00,1.291436889480532831e-19,1.283096372010146075e-17
-5.125666844115942311e+00,1.290406839490554658e-19,1.281580334859999222e-17
-5.127645102257245568e+00,1.289378032551437856e-19,1.280063447694943851e-17
-5.129623360398547938e+00,1.288350466646104477e-19,1.278545701309587957e-17
-5.131601618539852083e+00,1.287324139761601673e-19,1.277027086532445143e-17
-5.133579876681154452e+00,1.286299049889091825e-19,1.275507594226383598e-17
-5.135558134822457710e+00,1.285275195023840992e-19,1.273987215289070292e-17
-5.137536392963760079e+00,1.284252573165209036e-19,1.272465940653419331e-17
-5.139514651105062448e+00,1.283231182316640718e-19,1.270943761288041856e-17
-5.141492909246365706e+00,1.282211020485652935e-19,1.269420668197693629e-17
-5.143471167387668075e+00,1.281192085683828707e-19,1.267896652423727550e-17
-5.145449425528972220e+00,1.280174375926803687e-19,1.266371705044544166e-17
-5.147427683670274590e+00,1.279157889234256542e-19,1.264845817176044658e-17
-5.149405941811577847e+00,1.278142623629901721e-19,1.263318979972086277e-17
-5.151384199952881104e+00,1.277128577141475980e-19,1.261791184624932401e-17
-5.153362458094184362e+00,1.276115747800730434e-19,1.260262422365711363e-17
-5.155340716235486731e+00,1.275104133643421169e-19,1.258732684464871439e-17
-5.157318974376789988e+00,1.274093732709298171e-19,1.257201962232638752e-17
-5.159297232518093246e+00,1.273084543042095449e-19,1.255670247019472102e-17
-5.161275490659394727e+00,1.272076562689521412e-19,1.254137530216523802e-17
-5.163253748800697984e+00,1.271069789703250921e-19,1.252603803256098513e-17
-5.165232006942001242e+00,1.270064222138912288e-19,1.251069057612110995e-17
-5.167210265083304499e+00,1.269059858056080299e-19,1.249533284800549105e-17
-5.169188523224606868e+00,1.268056695518265858e-19,1.247996476379932937e-17
-5.171166781365911014e+00,1.267054732592904431e-19,1.246458623951777506e-17
-5.173145039507213383e+00,1.266053967351349792e-19,1.244919719161053125e-17
-5.175123297648516640e+00,1.265054397868862221e-19,1.243379753696649629e-17
-5.177101555789819010e+00,1.264056022224597432e-19,1.241838719291839061e-17
-5.179079813931122267e+00,1.263058838501602240e-19,1.240296607724739129e-17
-5.181058072072425524e+00,1.262062844786799153e-19,1.238753410818776813e-17
-5.183036330213727894e+00,1.261068039170980596e-19,1.237209120443153210e-17
-5.185014588355031151e+00,1.260074419748797833e-19,1.235663728513307299e-17
-5.186992846496333520e+00,1.259081984618753027e-19,1.234117226991382936e-17
-5.188971104637636778e+00,1.258090731883187199e-19,1.232569607886691543e-17
-5.190949362778939147e+00,1.257100659648274455e-19,1.231020863256179570e-17
-5.192927620920243292e+00,1.256111766024008738e-19,1.229470985204894567e-17
-5.194905879061545662e+00,1.255124049124198540e-19,1.227919965886449106e-17
-5.196884137202848919e+00,1.254137507066453174e-19,1.226367797503488700e-17
-5.198862395344152176e+00,1.253152137972178442e-19,1.224814472308158036e-17
-5.200840653485455434e+00,1.252167939966561710e-19,1.223259982602565511e-17
-5.202818911626757803e+00,1.251184911178569018e-19,1.221704320739253768e-17
-5.204797169768060172e+00,1.250203049740930398e-19,1.220147479121659153e-17
-5.206775427909363430e+00,1.249222353790133367e-19,1.218589450204586568e-17
-5.208753686050665799e+00,1.248242821466414508e-19,1.217030226494669387e-17
-5.210731944191969056e+00,1.247264450913747190e-19,1.215469800550838607e-17
-5.212710202333272314e+00,1.246287240279836991e-19,1.213908164984788313e-17
-5.214688460474575571e+00,1.245311187716107741e-19,1.212345312461443134e-17
-5.216666718615877940e+00,1.244336291377697183e-19,1.210781235699421395e-17
-5.218644976757181198e+00,1.243362549423443492e-19,1.209215927471503655e-17
-5.220623234898484455e+00,1.242389960015879985e-19,1.207649380605095393e-17
-5.222601493039787712e+00,1.241418521321224278e-19,1.206081587982694314e-17
-5.224579751181090082e+00,1.240448231509370109e-19,1.204512542542354425e-17
-5.226558009322393339e+00,1.239479088753876500e-19,1.202942237278149642e-17
-5.228536267463695708e+00,1.238511091231962223e-19,1.201370665240639247e-17
-5.230514525604998077e+00,1.237544237124494481e-19,1.199797819537330271e-17
-5.232492783746301335e+00,1.236578524615980969e-19,1.198223693333140480e-17
-5.234471041887604592e+00,1.235613951894559756e-19,1.196648279850862764e-17
-5.236449300028907849e+00,1.234650517151993516e-19,1.195071572371625657e-17
-5.238427558170210219e+00,1.233688218583657242e-19,1.193493564235354177e-17
-5.240405816311514364e+00,1.232727054388532231e-19,1.191914248841233440e-17
-5.242384074452816733e+00,1.231767022769195252e-19,1.190333619648164249e-17
-5.244362332594119991e+00,1.230808121931811321e-19,1.188751670175228252e-17
-5.246340590735422360e+00,1.229850350086124795e-19,1.187168394002143077e-17
-5.248318848876725617e+00,1.228893705445450707e-19,1.185583784769720236e-17
-5.250297107018027987e+00,1.227938186226665612e-19,1.183997836180324273e-17
-5.252275365159331244e+00,1.226983790650199409e-19,1.182410541998327433e-17
-5.254253623300634501e+00,1.226030516940026671e-19,1.180821896050567112e-17
-5.256231881441936871e+00,1.225078363323658698e-19,1.179231892226797600e-17
-5.258210139583240128e+00,1.224127328032133652e-19,1.177640524480146761e-17
-5.260188397724542497e+00,1.223177409300010775e-19,1.176047786827565003e-17
-5.262166655865846643e+00,1.222228605365357150e-19,1.174453673350281647e-17
-5.264144914007149012e+00,1.221280914469745053e-19,1.172858178194251590e-17
-5.266123172148452269e+00,1.220334334858238951e-19,1.171261295570606741e-17
-5.268101430289754639e+00,1.219388864779389487e-19,1.169663019756101299e-17
-5.270079688431057896e+00,1.218444502485224087e-19,1.168063345093563803e-17
-5.272057946572360265e+00,1.217501246231239740e-19,1.166462265992339021e-17
-5.274036204713663523e+00,1.216559094276392408e-19,1.164859776928734765e-17
-5.276014462854966780e+00,1.215618044883092687e-19,1.163255872446461308e-17
-5.277992720996269149e+00,1.214678096317191846e-19,1.161650547157079745e-17
-5.279970979137572407e+00,1.213739246847980387e-19,1.160043795740437560e-17
-5.281949237278875664e+00,1.212801494748173594e-19,1.158435612945109123e-17
-5.283927495420178921e+00,1.211864838293907203e-19,1.156825993588833572e-17
-5.285905753561481291e+00,1.210929275764727052e-19,1.155214932558951146e-17
-5.287884011702785436e+00,1.209994805443583297e-19,1.153602424812837839e-17
-5.289862269844086917e+00,1.209061425616819585e-19,1.151988465378338185e-17
-5.291840527985390175e+00,1.208129134574166794e-19,1.150373049354197443e-17
-5.293818786126692544e+00,1.207197930608734601e-19,1.148756171910489456e-17
-5.295797044267995801e+00,1.206267812017002341e-19,1.147137828289048530e-17
-5.297775302409299059e+00,1.205338777098812745e-19,1.145518013803890047e-17
-5.299753560550601428e+00,1.204410824157361587e-19,1.143896723841642959e-17
-5.301731818691905573e+00,1.203483951499193111e-19,1.142273953861964248e-17
-5.303710076833207943e+00,1.202558157434188959e-19,1.140649699397965860e-17
-5.305688334974511200e+00,1.201633440275560220e-19,1.139023956056631945e-17
-5.307666593115813569e+00,1.200709798339841902e-19,1.137396719519235009e-17
-5.309644851257117715e+00,1.199787229946884018e-19,1.135767985541752070e-17
-5.311623109398420084e+00,1.198865733419840993e-19,1.134137749955278192e-17
-5.313601367539722453e+00,1.197945307085169744e-19,1.132506008666435862e-17
-5.315579625681025711e+00,1.197025949272614990e-19,1.130872757657787448e-17
-5.317557883822328968e+00,1.196107658315206364e-19,1.129237992988237947e-17
-5.319536141963631337e+00,1.195190432549248542e-19,1.127601710793442668e-17
-5.321514400104933706e+00,1.194274270314313782e-19,1.125963907286207979e-17
-5.323492658246237852e+00,1.193359169953233979e-19,1.124324578756893748e-17
-5.325470916387540221e+00,1.192445129812093440e-19,1.122683721573809008e-17
-5.327449174528843479e+00,1.191532148240221907e-19,1.121041332183608544e-17
-5.329427432670146736e+00,1.190620223590184202e-19,1.119397407111687631e-17
-5.331405690811449993e+00,1.189709354217774689e-19,1.117751942962569838e-17
-5.333383948952752363e+00,1.188799538482010298e-19,1.116104936420298842e-17
-5.335362207094055620e+00,1.187890774745119926e-19,1.114456384248822688e-17
-5.337340465235357989e+00,1.186983061372540588e-19,1.112806283292376203e-17
-5.339318723376661247e+00,1.186076396732906103e-19,1.111154630475865100e-17
-5.341296981517963616e+00,1.185170779198042758e-19,1.109501422805240845e-17
-5.343275239659266873e+00,1.184266207142959923e-19,1.107846657367878445e-17
-5.345253497800570130e+00,1.183362678945842101e-19,1.106190331332949001e-17
-5.347231755941872500e+00,1.182460192988043158e-19,1.104532441951789794e-17
-5.349210014083175757e+00,1.181558747654078851e-19,1.102872986558271291e-17
-5.351188272224479014e+00,1.180658341331616001e-19,1.101211962569163533e-17
-5.353166530365782272e+00,1.179758972411469363e-19,1.099549367484495745e-17
-5.355144788507084641e+00,1.178860639287592474e-19,1.097885198887917487e-17
-5.357123046648387898e+00,1.177963340357068748e-19,1.096219454447053025e-17
-5.359101304789690268e+00,1.177067074020107145e-19,1.094552131913856625e-17
-5.361079562930993525e+00,1.176171838680031573e-19,1.092883229124960146e-17
-5.363057821072295894e+00,1.175277632743276800e-19,1.091212744002021403e-17
-5.365036079213599152e+00,1.174384454619377619e-19,1.089540674552069292e-17
-5.367014337354902409e+00,1.173492302720965958e-19,1.087867018867843835e-17
-5.368992595496204778e+00,1.172601175463758123e-19,1.086191775128132365e-17
-5.370970853637508924e+00,1.171711071266552148e-19,1.084514941598107572e-17
-5.372949111778811293e+00,1.170821988551218888e-19,1.082836516629656600e-17
-5.374927369920114550e+00,1.169933925742694557e-19,1.081156498661708921e-17
-5.376905628061416920e+00,1.169046881268973745e-19,1.079474886220564203e-17
-5.378883886202720177e+00,1.168160853561102438e-19,1.077791677920209398e-17
-5.380862144344022546e+00,1.167275841053169832e-19,1.076106872462641525e-17
-5.382840402485325804e+00,1.166391842182303758e-19,1.074420468638178439e-17
-5.384818660626629061e+00,1.165508855388660092e-19,1.072732465325773760e-17
-5.386796918767931430e+00,1.164626879115418658e-19,1.071042861493321322e-17
-5.388775176909234688e+00,1.163745911808774327e-19,1.069351656197963323e-17
-5.390753435050537057e+00,1.162865951917930510e-19,1.067658848586388153e-17
-5.392731693191841202e+00,1.161986997895093145e-19,1.065964437895127291e-17
-5.394709951333143572e+00,1.161109048195461064e-19,1.064268423450852671e-17
-5.396688209474446829e+00,1.160232101277222142e-19,1.062570804670662029e-17
-5.398666467615749198e+00,1.159356155601543429e-19,1.060871581062368713e-17
-5.400644725757052456e+00,1.158481209632566571e-19,1.059170752224782102e-17
-5.402622983898354825e+00,1.157607261837399870e-19,1.057468317847987097e-17
-5.404601242039658970e+00,1.156734310686110097e-19,1.055764277713619142e-17
-5.406579500180961340e+00,1.155862354651719362e-19,1.054058631695134932e-17
-5.408557758322264597e+00,1.154991392210192596e-19,1.052351379758080505e-17
-5.410536016463566966e+00,1.154121421840435385e-19,1.050642521960353167e-17
-5.412514274604870224e+00,1.153252442024285783e-19,1.048932058452462803e-17
-5.414492532746173481e+00,1.152384451246506370e-19,1.047219989477785173e-17
-5.416470790887475850e+00,1.151517447994779674e-19,1.045506315372813982e-17
-5.418449049028779108e+00,1.150651430759698067e-19,1.043791036567410783e-17
-5.420427307170081477e+00,1.149786398034760143e-19,1.042074153585043645e-17
-5.422405565311384734e+00,1.148922348316362786e-19,1.040355667043029196e-17
-5.424383823452687103e+00,1.148059280103793697e-19,1.038635577652768673e-17
-5.426362081593991249e+00,1.147197191899226103e-19,1.036913886219975330e-17
-5.428340339735293618e+00,1.146336082207710569e-19,1.035190593644904320e-17
-5.430318597876596876e+00,1.145475949537169464e-19,1.033465700922572557e-17
-5.432296856017900133e+00,1.144616792398390218e-19,1.031739209142979199e-17
-5.434275114159202502e+00,1.143758609305017378e-19,1.030011119491317497e-17
-5.436253372300505760e+00,1.142901398773547792e-19,1.028281433248185110e-17
-5.438231630441808129e+00,1.142045159323323150e-19,1.026550151789789793e-17
-5.440209888583112274e+00,1.141189889476522996e-19,1.024817276588147073e-17
-5.442188146724413755e+00,1.140335587758158958e-19,1.023082809211282089e-17
-5.444166404865717013e+00,1.139482252696067038e-19,1.021346751323415711e-17
-5.446144663007020270e+00,1.138629882820903040e-19,1.019609104685154055e-17
-5.448122921148323528e+00,1.137778476666133182e-19,1.017869871153672753e-17
-5.450101179289625897e+00,1.136928032768031207e-19,1.016129052682892752e-17
-5.452079437430929154e+00,1.136078549665668269e-19,1.014386651323654729e-17
-5.454057695572232412e+00,1.135230025900909086e-19,1.012642669223888570e-17
-5.456035953713534781e+00,1.134382460018403992e-19,1.010897108628777461e-17
-5.458014211854838038e+00,1.133535850565583881e-19,1.009149971880917043e-17
-5.459992469996141295e+00,1.132690196092652025e-19,1.007401261420471035e-17
-5.461970728137444553e+00,1.131845495152579257e-19,1.005650979785320832e-17
-5.463948986278746922e+00,1.131001746301096267e-19,1.003899129611212035e-17
-5.465927244420049291e+00,1.130158948096688306e-19,1.002145713631893884e-17
-5.467905502561352549e+00,1.129317099100588927e-19,1.000390734679255466e-17
-5.469883760702655806e+00,1.128476197876772765e-19,9.986341956834574425e-18
-5.471862018843958175e+00,1.127636242991948792e-19,9.968760996730573142e-18
-5.473840276985262321e+00,1.126797233015556708e-19,9.951164497751312949e-18
-5.475818535126564690e+00,1.125959166519757070e-19,9.933552492153906366e-18
-5.477796793267867947e+00,1.125122042079428406e-19,9.915925013182921010e-18
-5.479775051409170317e+00,1.124285858272157580e-19,9.898282095071450412e-18
-5.481753309550473574e+00,1.123450613678236668e-19,9.880623773042140153e-18
-5.483731567691776831e+00,1.122616306880654768e-19,9.862950083308123096e-18
-5.485709825833079201e+00,1.121782936465093189e-19,9.845261063073962320e-18
-5.487688083974382458e+00,1.120950501019917745e-19,9.827556750536495448e-18
-5.489666342115684827e+00,1.120118999136173699e-19,9.809837184885652784e-18
-5.491644600256988085e+00,1.119288429407579507e-19,9.792102406305219980e-18
-5.493622858398290454e+00,1.118458790430520072e-19,9.774352455973539072e-18
-5.495601116539594599e+00,1.117630080804041213e-19,9.756587376064174086e-18
-5.497579374680896969e+00,1.116802299129843882e-19,9.738807209746518086e-18
-5.499557632822200226e+00,1.115975444012277187e-19,9.721012001186329359e-18
-5.501535890963503483e+00,1.115149514058333090e-19,9.703201795546262966e-18
-5.503514149104805853e+00,1.114324507877639190e-19,9.685376638986286747e-18
-5.505492407246109110e+00,1.113500424082454630e-19,9.667536578664103480e-18
-5.507470665387411479e+00,1.112677261287661908e-19,9.649681662735477525e-18
-5.509448923528714737e+00,1.111855018110763750e-19,9.631811940354530643e-18
-5.511427181670017106e+00,1.111033693171873001e-19,9.613927461673982350e-18
-5.513405439811320363e+00,1.110213285093711173e-19,9.596028277845324027e-18
-5.515383697952623621e+00,1.109393792501598586e-19,9.578114441018957581e-18
-5.517361956093926878e+00,1.108575214023451709e-19,9.560186004344263244e-18
-5.519340214235229247e+00,1.107757548289774500e-19,9.542243021969625758e-18
-5.521318472376532505e+00,1.106940793933654068e-19,9.524285549042398944e-18
-5.523296730517835762e+00,1.106124949590755143e-19,9.506313641708820960e-18
-5.525274988659138131e+00,1.105310013899312846e-19,9.488327357113864845e-18
-5.527253246800441389e+00,1.104495985500127154e-19,9.470326753401059798e-18
-5.529231504941743758e+00,1.103682863036558331e-19,9.452311889712215381e-18
-5.531209763083047015e+00,1.102870645154519699e-19,9.434282826187139566e-18
-5.533188021224349384e+00,1.102059330502472105e-19,9.416239623963252005e-18
-5.535166279365653530e+00,1.101248917731418864e-19,9.398182345175184979e-18
-5.537144537506955899e+00,1.100439405494899017e-19,9.380111052954304226e-18
-5.539122795648259157e+00,1.099630792448982521e-19,9.362025811428185090e-18
-5.541101053789561526e+00,1.098823077252263262e-19,9.343926685720019333e-18
-5.543079311930865671e+00,1.098016258565854242e-19,9.325813741947980346e-18
-5.545057570072168041e+00,1.097210335053382766e-19,9.307687047224526739e-18
-5.547035828213470410e+00,1.096405305380982013e-19,9.289546669655653534e-18
-5.549014086354773667e+00,1.095601168217288391e-19,9.271392678340074030e-18
-5.550992344496076036e+00,1.094797922233433831e-19,9.253225143368369317e-18
-5.552970602637379294e+00,1.093995566103040010e-19,9.235044135822042255e-18
-5.554948860778681663e+00,1.093194098502214979e-19,9.216849727772571458e-18
-5.556927118919985809e+00,1.092393518109545465e-19,9.198641992280348181e-18
-5.558905377061288178e+00,1.091593823606091565e-19,9.180421003393603965e-18
-5.560883635202591435e+00,1.090795013675381942e-19,9.162186836147245829e-18
-5.562861893343894693e+00,1.089997087003406835e-19,9.143939566561666819e-18
-5.564840151485197950e+00,1.089200042278614210e-19,9.125679271641473354e-18
-5.566818409626500319e+00,1.088403878191903263e-19,9.107406029374163266e-18
-5.568796667767803577e+00,1.087608593436618879e-19,9.089119918728751458e-18
-5.570774925909105946e+00,1.086814186708546094e-19,9.070821019654346255e-18
-5.572753184050408315e+00,1.086020656705905045e-19,9.052509413078641017e-18
-5.574731442191711572e+00,1.085228002129345188e-19,9.034185180906371853e-18
-5.576709700333014830e+00,1.084436221681939520e-19,9.015848406017716789e-18
-5.578687958474318087e+00,1.083645314069179646e-19,8.997499172266619440e-18
-5.580666216615620456e+00,1.082855277998969879e-19,8.979137564479080320e-18
-5.582644474756923714e+00,1.082066112181622426e-19,8.960763668451368043e-18
-5.584622732898226971e+00,1.081277815329851249e-19,8.942377570948184298e-18
-5.586600991039530228e+00,1.080490386158766890e-19,8.923979359700773349e-18
-5.588579249180832598e+00,1.079703823385871655e-19,8.905569123404969922e-18
-5.590557507322135855e+00,1.078918125731052992e-19,8.887146951719179280e-18
-5.592535765463439112e+00,1.078133291916579763e-19,8.868712935262324959e-18
-5.594514023604741482e+00,1.077349320667095142e-19,8.850267165611705593e-18
-5.596492281746043851e+00,1.076566210709612878e-19,8.831809735300834786e-18
-5.598470539887347108e+00,1.075783960773511043e-19,8.813340737817171599e-18
-5.600448798028650366e+00,1.075002569590526973e-19,8.794860267599849496e-18
-5.602427056169952735e+00,1.074222035894751369e-19,8.776368420037305134e-18
-5.604405314311256880e+00,1.073442358422624686e-19,8.757865291464857858e-18
-5.606383572452559250e+00,1.072663535912929914e-19,8.739350979162261458e-18
-5.608361830593862507e+00,1.071885567106788722e-19,8.720825581351151155e-18
-5.610340088735164876e+00,1.071108450747655202e-19,8.702289197192467478e-18
-5.612318346876469022e+00,1.070332185581311774e-19,8.683741926783807726e-18
-5.614296605017771391e+00,1.069556770355862565e-19,8.665183871156734286e-18
-5.616274863159073760e+00,1.068782203821729562e-19,8.646615132273998216e-18
-5.618253121300377018e+00,1.068008484731646950e-19,8.628035813026730466e-18
-5.620231379441679387e+00,1.067235611840655333e-19,8.609446017231577633e-18
-5.622209637582982644e+00,1.066463583906098009e-19,8.590845849627745280e-18
-5.624187895724285902e+00,1.065692399687613741e-19,8.572235415874035078e-18
-5.626166153865589159e+00,1.064922057947133511e-19,8.553614822545778732e-18
-5.628144412006891528e+00,1.064152557448874741e-19,8.534984177131742619e-18
-5.630122670148194786e+00,1.063383896959336115e-19,8.516343588030972353e-18
-5.632100928289498043e+00,1.062616075247292407e-19,8.497693164549561838e-18
-5.634079186430801300e+00,1.061849091083789545e-19,8.479033016897391516e-18
-5.636057444572103670e+00,1.061082943242139672e-19,8.460363256184781872e-18
-5.638035702713406039e+00,1.060317630497916215e-19,8.441683994419126906e-18
-5.640013960854709296e+00,1.059553151628947623e-19,8.422995344501430541e-18
-5.641992218996011665e+00,1.058789505415314843e-19,8.404297420222810678e-18
-5.643970477137314923e+00,1.058026690639343371e-19,8.385590336260947776e-18
-5.645948735278618180e+00,1.057264706085600846e-19,8.366874208176459488e-18
-5.647926993419921438e+00,1.056503550540889950e-19,8.348149152409241387e-18
-5.649905251561223807e+00,1.055743222794245397e-19,8.329415286274735291e-18
-5.651883509702527952e+00,1.054983721636927073e-19,8.310672727960151352e-18
-5.653861767843830322e+00,1.054225045862416303e-19,8.291921596520620824e-18
-5.655840025985133579e+00,1.053467194266410916e-19,8.273162011875318008e-18
-5.657818284126435948e+00,1.052710165646820071e-19,8.254394094803495918e-18
-5.659796542267739206e+00,1.051953958803758719e-19,8.235617966940495753e-18
-5.661774800409041575e+00,1.051198572539543628e-19,8.216833750773673174e-18
-5.663753058550343944e+00,1.050444005658688814e-19,8.198041569638298379e-18
-5.665731316691648090e+00,1.049690256967898675e-19,8.179241547713382230e-18
-5.667709574832950459e+00,1.048937325276065709e-19,8.160433810017446914e-18
-5.669687832974253716e+00,1.048185209394264369e-19,8.141618482404254995e-18
-5.671666091115556085e+00,1.047433908135745892e-19,8.122795691558473763e-18
-5.673644349256860231e+00,1.046683420315934084e-19,8.103965564991291820e-18
-5.675622607398162600e+00,1.045933744752420146e-19,8.085128231035970949e-18
-5.677600865539465858e+00,1.045184880264958817e-19,8.066283818843365630e-18
-5.679579123680768227e+00,1.044436825675462483e-19,8.047432458377365523e-18
-5.681557381822071484e+00,1.043689579807996357e-19,8.028574280410291722e-18
-5.683535639963373853e+00,1.042943141488774989e-19,8.009709416518259116e-18
-5.685513898104677111e+00,1.042197509546156250e-19,7.990837999076446307e-18
-5.687492156245980368e+00,1.041452682810637236e-19,7.971960161254357821e-18
-5.689470414387282737e+00,1.040708660114848855e-19,7.953076037011001578e-18
-5.691448672528585995e+00,1.039965440293552694e-19,7.934185761090026306e-18
-5.693426930669889252e+00,1.039223022183634399e-19,7.915289469014812732e-18
-5.695405188811192509e+00,1.038481404624100429e-19,7.896387297083490812e-18
-5.697383446952494879e+00,1.037740586456072633e-19,7.877479382363933858e-18
-5.699361705093798136e+00,1.037000566522783802e-19,7.858565862688689487e-18
-5.701339963235100505e+00,1.036261343669572610e-19,7.839646876649853569e-18
-5.703318221376403763e+00,1.035522916743880606e-19,7.820722563593888702e-18
-5.705296479517706132e+00,1.034785284595245231e-19,7.801793063616430368e-18
-5.707274737659009389e+00,1.034048446075296692e-19,7.782858517556985228e-18
-5.709252995800312647e+00,1.033312400037753144e-19,7.763919066993623264e-18
-5.711231253941615016e+00,1.032577145338416115e-19,7.744974854237608282e-18
-5.713209512082918273e+00,1.031842680835165574e-19,7.726026022327972956e-18
-5.715187770224221531e+00,1.031109005387955837e-19,7.707072715026039942e-18
-5.717166028365524788e+00,1.030376117858810753e-19,7.688115076809930663e-18
-5.719144286506827157e+00,1.029644017111819246e-19,7.669153252868960088e-18
-5.721122544648131303e+00,1.028912702013130508e-19,7.650187389098060776e-18
-5.723100802789432784e+00,1.028182171430950379e-19,7.631217632092086745e-18
-5.725079060930736041e+00,1.027452424235535096e-19,7.612244129140128129e-18
-5.727057319072039299e+00,1.026723459299188880e-19,7.593267028219745714e-18
-5.729035577213342556e+00,1.025995275496258159e-19,7.574286477991150005e-18
-5.731013835354644925e+00,1.025267871703127960e-19,7.555302627791383382e-18
-5.732992093495947294e+00,1.024541246798215526e-19,7.536315627628394390e-18
-5.734970351637251440e+00,1.023815399661969113e-19,7.517325628175107426e-18
-5.736948609778553809e+00,1.023090329176860047e-19,7.498332780763435399e-18
-5.738926867919857067e+00,1.022366034227381038e-19,7.479337237378243099e-18
-5.740905126061160324e+00,1.021642513700040402e-19,7.460339150651267425e-18
-5.742883384202463581e+00,1.020919766483357485e-19,7.441338673855000623e-18
-5.744861642343765951e+00,1.020197791467859899e-19,7.422335960896518074e-18
-5.746839900485068320e+00,1.019476587546076657e-19,7.403331166311276794e-18
-5.748818158626371577e+00,1.018756153612536128e-19,7.384324445256839987e-18
-5.750796416767674835e+00,1.018036488563760140e-19,7.365315953506606216e-18
-5.752774674908977204e+00,1.017317591298260608e-19,7.346305847443455373e-18
-5.754752933050280461e+00,1.016599460716534478e-19,7.327294284053373085e-18
-5.756731191191583719e+00,1.015882095721059755e-19,7.308281420919018105e-18
-5.758709449332886088e+00,1.015165495216291415e-19,7.289267416213269676e-18
-5.760687707474189345e+00,1.014449658108656342e-19,7.270252428692708643e-18
-5.762665965615492603e+00,1.013734583306550322e-19,7.251236617691086243e-18
-5.764644223756795860e+00,1.013020269720332508e-19,7.232220143112717392e-18
-5.766622481898098229e+00,1.012306716262321446e-19,7.213203165425872431e-18
-5.768600740039401487e+00,1.011593921846791584e-19,7.194185845656096469e-18
-5.770578998180703856e+00,1.010881885389967251e-19,7.175168345379510219e-18
-5.772557256322007113e+00,1.010170605810021701e-19,7.156150826716067709e-18
-5.774535514463309482e+00,1.009460082027068801e-19,7.137133452322773923e-18
-5.776513772604612740e+00,1.008750312963161830e-19,7.118116385386851603e-18
-5.778492030745915997e+00,1.008041297542288300e-19,7.099099789618900348e-18
-5.780470288887218366e+00,1.007333034690365148e-19,7.080083829245994077e-18
-5.782448547028522512e+00,1.006625523335236081e-19,7.061068669004750766e-18
-5.784426805169824881e+00,1.005918762406665319e-19,7.042054474134365202e-18
-5.786405063311128139e+00,1.005212750836336031e-19,7.023041410369609383e-18
-5.788383321452430508e+00,1.004507487557843354e-19,7.004029643933777454e-18
-5.790361579593733765e+00,1.003802971506692465e-19,6.985019341531641423e-18
-5.792339837735036134e+00,1.003099201620293405e-19,6.966010670342322140e-18
-5.794318095876339392e+00,1.002396176837957231e-19,6.947003798012149488e-18
-5.796296354017642649e+00,1.001693896100891677e-19,6.927998892647501778e-18
-5.798274612158945018e+00,1.000992358352198029e-19,6.908996122807581967e-18
-5.800252870300248276e+00,1.000291562536865344e-19,6.889995657497186953e-18
-5.802231128441550645e+00,9.995915076017675653e-20,6.870997666159434487e-18
-5.804209386582854791e+00,9.988921924956594243e-20,6.852002318668453885e-18
-5.806187644724157160e+00,9.981936161691722318e-20,6.833009785322064415e-18
-5.808165902865460417e+00,9.974957775748095428e-20,6.814020236834387429e-18
-5.810144161006762786e+00,9.967986756669430645e-20,6.795033844328475443e-18
-5.812122419148066044e+00,9.961023094018096469e-20,6.776050779328874965e-18
-5.814100677289368413e+00,9.954066777375055050e-20,6.757071213754166986e-18
-5.816078935430671670e+00,9.947117796339841723e-20,6.738095319909498221e-18
-5.818057193571974928e+00,9.940176140530512049e-20,6.719123270479061510e-18
-5.820035451713278185e+00,9.933241799583606906e-20,6.700155238518553105e-18
-5.822013709854580554e+00,9.926314763154106744e-20,6.681191397447616861e-18
-5.823991967995883812e+00,9.919395020915407517e-20,6.662231921042242978e-18
-5.825970226137187069e+00,9.912482562559255680e-20,6.643276983427155182e-18
-5.827948484278489438e+00,9.905577377795736153e-20,6.624326759068161705e-18
-5.829926742419792696e+00,9.898679456353213336e-20,6.605381422764491621e-18
-5.831905000561095065e+00,9.891788787978299817e-20,6.586441149641088818e-18
-5.833883258702398322e+00,9.884905362435819055e-20,6.567506115140915982e-18
-5.835861516843700691e+00,9.878029169508760844e-20,6.548576495017179228e-18
-5.837839774985004837e+00,9.871160198998246404e-20,6.529652465325596655e-18
-5.839818033126307206e+00,9.864298440723483844e-20,6.510734202416589076e-18
-5.841796291267610464e+00,9.857443884521742885e-20,6.491821882927476928e-18
-5.843774549408913721e+00,9.850596520248299490e-20,6.472915683774654830e-18
-5.845752807550216090e+00,9.843756337776404567e-20,6.454015782145724543e-18
-5.847731065691519348e+00,9.836923326997252672e-20,6.435122355491637179e-18
-5.849709323832821717e+00,9.830097477819931454e-20,6.416235581518788412e-18
-5.851687581974125862e+00,9.823278780171386747e-20,6.397355638181122936e-18
-5.853665840115427343e+00,9.816467223996394885e-20,6.378482703672181145e-18
-5.855644098256730601e+00,9.809662799257506129e-20,6.359616956417164302e-18
-5.857622356398033858e+00,9.802865495935027815e-20,6.340758575064965811e-18
-5.859600614539337116e+00,9.796075304026959349e-20,6.321907738480186311e-18
-5.861578872680639485e+00,9.789292213548988605e-20,6.303064625735127199e-18
-5.863557130821942742e+00,9.782516214534425711e-20,6.284229416101777223e-18
-5.865535388963246000e+00,9.775747297034178984e-20,6.265402289043783666e-18
-5.867513647104548369e+00,9.768985451116709182e-20,6.246583424208397331e-18
-5.869491905245851626e+00,9.762230666868005435e-20,6.227773001418411377e-18
-5.871470163387154884e+00,9.755482934391532280e-20,6.208971200664087041e-18
-5.873448421528458141e+00,9.748742243808209194e-20,6.190178202095066282e-18
-5.875426679669759622e+00,9.742008585256352826e-20,6.171394186012261297e-18
-5.877404937811062879e+00,9.735281948891660133e-20,6.152619332859740970e-18
-5.879383195952365249e+00,9.728562324887154224e-20,6.133853823216610375e-18
-5.881361454093668506e+00,9.721849703433166297e-20,6.115097837788871802e-18
-5.883339712234972652e+00,9.715144074737281476e-20,6.096351557401261889e-18
-5.885317970376275909e+00,9.708445429024311124e-20,6.077615162989111879e-18
-5.887296228517578278e+00,9.701753756536251918e-20,6.058888835590173965e-18
-5.889274486658880647e+00,9.695069047532256959e-20,6.040172756336430703e-18
-5.891252744800183905e+00,9.688391292288587626e-20,6.021467106445928294e-18
-5.893231002941486274e+00,9.681720481098588296e-20,6.002772067214567502e-18
-5.895209261082790420e+00,9.675056604272646620e-20,5.984087820007923072e-18
-5.897187519224092789e+00,9.668399652138152603e-20,5.965414546253005376e-18
-5.899165777365396046e+00,9.661749615039466098e-20,5.946752427430079827e-18
-5.901144035506698415e+00,9.655106483337887919e-20,5.928101645064422365e-18
-5.903122293648001673e+00,9.648470247411609288e-20,5.909462380718110368e-18
-5.905100551789304042e+00,9.641840897655688959e-20,5.890834815981791229e-18
-5.907078809930607299e+00,9.635218424482009890e-20,5.872219132466447851e-18
-5.909057068071911445e+00,9.628602818319244333e-20,5.853615511795159517e-18
-5.911035326213213814e+00,9.621994069612832166e-20,5.835024135594868925e-18
-5.913013584354517072e+00,9.615392168824915896e-20,5.816445185488147684e-18
-5.914991842495819441e+00,9.608797106434337047e-20,5.797878843084941005e-18
-5.916970100637122698e+00,9.602208872936581990e-20,5.779325289974332427e-18
-5.918948358778425067e+00,9.595627458843750652e-20,5.760784707716300064e-18
-5.920926616919728325e+00,9.589052854684524011e-20,5.742257277833472856e-18
-5.922904875061031582e+00,9.582485051004127988e-20,5.723743181802891442e-18
-5.924883133202334839e+00,9.575924038364299741e-20,5.705242601047759783e-18
-5.926861391343637209e+00,9.569369807343246743e-20,5.686755716929212202e-18
-5.928839649484940466e+00,9.562822348535625108e-20,5.668282710738074252e-18
-5.930817907626242835e+00,9.556281652552483026e-20,5.649823763686633603e-18
-5.932796165767546093e+00,9.549747710021255940e-20,5.649823763686633603e-18
